2025-11-07 17:40:54 [[32minfo[39m] : 🚀 Server running on http://localhost:5000
2025-11-07 17:42:15 [[31merror[39m] : TokenExpiredError: jwt expired
    at C:\Users\Lenovo\OneDrive\Desktop\Mentora\server\node_modules\jsonwebtoken\verify.js:190:21
    at getSecret (C:\Users\Lenovo\OneDrive\Desktop\Mentora\server\node_modules\jsonwebtoken\verify.js:97:14)
    at Object.module.exports [as verify] (C:\Users\Lenovo\OneDrive\Desktop\Mentora\server\node_modules\jsonwebtoken\verify.js:101:10)
    at ensureAuthenticated (C:\Users\Lenovo\OneDrive\Desktop\Mentora\server\src\middlewares\auth.ts:25:25)
    at Layer.handleRequest (C:\Users\Lenovo\OneDrive\Desktop\Mentora\server\node_modules\router\lib\layer.js:152:17)
    at next (C:\Users\Lenovo\OneDrive\Desktop\Mentora\server\node_modules\router\lib\route.js:157:13)
    at Route.dispatch (C:\Users\Lenovo\OneDrive\Desktop\Mentora\server\node_modules\router\lib\route.js:117:3)
    at handle (C:\Users\Lenovo\OneDrive\Desktop\Mentora\server\node_modules\router\index.js:435:11)
    at Layer.handleRequest (C:\Users\Lenovo\OneDrive\Desktop\Mentora\server\node_modules\router\lib\layer.js:152:17)
    at C:\Users\Lenovo\OneDrive\Desktop\Mentora\server\node_modules\router\index.js:295:15
2025-11-07 17:42:15 [[31merror[39m] : TokenExpiredError: jwt expired
    at C:\Users\Lenovo\OneDrive\Desktop\Mentora\server\node_modules\jsonwebtoken\verify.js:190:21
    at getSecret (C:\Users\Lenovo\OneDrive\Desktop\Mentora\server\node_modules\jsonwebtoken\verify.js:97:14)
    at Object.module.exports [as verify] (C:\Users\Lenovo\OneDrive\Desktop\Mentora\server\node_modules\jsonwebtoken\verify.js:101:10)
    at ensureAuthenticated (C:\Users\Lenovo\OneDrive\Desktop\Mentora\server\src\middlewares\auth.ts:25:25)
    at Layer.handleRequest (C:\Users\Lenovo\OneDrive\Desktop\Mentora\server\node_modules\router\lib\layer.js:152:17)
    at next (C:\Users\Lenovo\OneDrive\Desktop\Mentora\server\node_modules\router\lib\route.js:157:13)
    at Route.dispatch (C:\Users\Lenovo\OneDrive\Desktop\Mentora\server\node_modules\router\lib\route.js:117:3)
    at handle (C:\Users\Lenovo\OneDrive\Desktop\Mentora\server\node_modules\router\index.js:435:11)
    at Layer.handleRequest (C:\Users\Lenovo\OneDrive\Desktop\Mentora\server\node_modules\router\lib\layer.js:152:17)
    at C:\Users\Lenovo\OneDrive\Desktop\Mentora\server\node_modules\router\index.js:295:15
2025-11-07 17:42:20 [[31merror[39m] : TokenExpiredError: jwt expired
    at C:\Users\Lenovo\OneDrive\Desktop\Mentora\server\node_modules\jsonwebtoken\verify.js:190:21
    at getSecret (C:\Users\Lenovo\OneDrive\Desktop\Mentora\server\node_modules\jsonwebtoken\verify.js:97:14)
    at Object.module.exports [as verify] (C:\Users\Lenovo\OneDrive\Desktop\Mentora\server\node_modules\jsonwebtoken\verify.js:101:10)
    at ensureAuthenticated (C:\Users\Lenovo\OneDrive\Desktop\Mentora\server\src\middlewares\auth.ts:25:25)
    at Layer.handleRequest (C:\Users\Lenovo\OneDrive\Desktop\Mentora\server\node_modules\router\lib\layer.js:152:17)
    at next (C:\Users\Lenovo\OneDrive\Desktop\Mentora\server\node_modules\router\lib\route.js:157:13)
    at Route.dispatch (C:\Users\Lenovo\OneDrive\Desktop\Mentora\server\node_modules\router\lib\route.js:117:3)
    at handle (C:\Users\Lenovo\OneDrive\Desktop\Mentora\server\node_modules\router\index.js:435:11)
    at Layer.handleRequest (C:\Users\Lenovo\OneDrive\Desktop\Mentora\server\node_modules\router\lib\layer.js:152:17)
    at C:\Users\Lenovo\OneDrive\Desktop\Mentora\server\node_modules\router\index.js:295:15
2025-11-07 17:42:20 [[31merror[39m] : TokenExpiredError: jwt expired
    at C:\Users\Lenovo\OneDrive\Desktop\Mentora\server\node_modules\jsonwebtoken\verify.js:190:21
    at getSecret (C:\Users\Lenovo\OneDrive\Desktop\Mentora\server\node_modules\jsonwebtoken\verify.js:97:14)
    at Object.module.exports [as verify] (C:\Users\Lenovo\OneDrive\Desktop\Mentora\server\node_modules\jsonwebtoken\verify.js:101:10)
    at ensureAuthenticated (C:\Users\Lenovo\OneDrive\Desktop\Mentora\server\src\middlewares\auth.ts:25:25)
    at Layer.handleRequest (C:\Users\Lenovo\OneDrive\Desktop\Mentora\server\node_modules\router\lib\layer.js:152:17)
    at next (C:\Users\Lenovo\OneDrive\Desktop\Mentora\server\node_modules\router\lib\route.js:157:13)
    at Route.dispatch (C:\Users\Lenovo\OneDrive\Desktop\Mentora\server\node_modules\router\lib\route.js:117:3)
    at handle (C:\Users\Lenovo\OneDrive\Desktop\Mentora\server\node_modules\router\index.js:435:11)
    at Layer.handleRequest (C:\Users\Lenovo\OneDrive\Desktop\Mentora\server\node_modules\router\lib\layer.js:152:17)
    at C:\Users\Lenovo\OneDrive\Desktop\Mentora\server\node_modules\router\index.js:295:15
2025-11-07 17:42:39 [[31merror[39m] : TokenExpiredError: jwt expired
    at C:\Users\Lenovo\OneDrive\Desktop\Mentora\server\node_modules\jsonwebtoken\verify.js:190:21
    at getSecret (C:\Users\Lenovo\OneDrive\Desktop\Mentora\server\node_modules\jsonwebtoken\verify.js:97:14)
    at Object.module.exports [as verify] (C:\Users\Lenovo\OneDrive\Desktop\Mentora\server\node_modules\jsonwebtoken\verify.js:101:10)
    at ensureAuthenticated (C:\Users\Lenovo\OneDrive\Desktop\Mentora\server\src\middlewares\auth.ts:25:25)
    at Layer.handleRequest (C:\Users\Lenovo\OneDrive\Desktop\Mentora\server\node_modules\router\lib\layer.js:152:17)
    at next (C:\Users\Lenovo\OneDrive\Desktop\Mentora\server\node_modules\router\lib\route.js:157:13)
    at Route.dispatch (C:\Users\Lenovo\OneDrive\Desktop\Mentora\server\node_modules\router\lib\route.js:117:3)
    at handle (C:\Users\Lenovo\OneDrive\Desktop\Mentora\server\node_modules\router\index.js:435:11)
    at Layer.handleRequest (C:\Users\Lenovo\OneDrive\Desktop\Mentora\server\node_modules\router\lib\layer.js:152:17)
    at C:\Users\Lenovo\OneDrive\Desktop\Mentora\server\node_modules\router\index.js:295:15
2025-11-07 17:42:39 [[31merror[39m] : TokenExpiredError: jwt expired
    at C:\Users\Lenovo\OneDrive\Desktop\Mentora\server\node_modules\jsonwebtoken\verify.js:190:21
    at getSecret (C:\Users\Lenovo\OneDrive\Desktop\Mentora\server\node_modules\jsonwebtoken\verify.js:97:14)
    at Object.module.exports [as verify] (C:\Users\Lenovo\OneDrive\Desktop\Mentora\server\node_modules\jsonwebtoken\verify.js:101:10)
    at ensureAuthenticated (C:\Users\Lenovo\OneDrive\Desktop\Mentora\server\src\middlewares\auth.ts:25:25)
    at Layer.handleRequest (C:\Users\Lenovo\OneDrive\Desktop\Mentora\server\node_modules\router\lib\layer.js:152:17)
    at next (C:\Users\Lenovo\OneDrive\Desktop\Mentora\server\node_modules\router\lib\route.js:157:13)
    at Route.dispatch (C:\Users\Lenovo\OneDrive\Desktop\Mentora\server\node_modules\router\lib\route.js:117:3)
    at handle (C:\Users\Lenovo\OneDrive\Desktop\Mentora\server\node_modules\router\index.js:435:11)
    at Layer.handleRequest (C:\Users\Lenovo\OneDrive\Desktop\Mentora\server\node_modules\router\lib\layer.js:152:17)
    at C:\Users\Lenovo\OneDrive\Desktop\Mentora\server\node_modules\router\index.js:295:15
2025-11-07 17:42:43 [[31merror[39m] : TokenExpiredError: jwt expired
    at C:\Users\Lenovo\OneDrive\Desktop\Mentora\server\node_modules\jsonwebtoken\verify.js:190:21
    at getSecret (C:\Users\Lenovo\OneDrive\Desktop\Mentora\server\node_modules\jsonwebtoken\verify.js:97:14)
    at Object.module.exports [as verify] (C:\Users\Lenovo\OneDrive\Desktop\Mentora\server\node_modules\jsonwebtoken\verify.js:101:10)
    at ensureAuthenticated (C:\Users\Lenovo\OneDrive\Desktop\Mentora\server\src\middlewares\auth.ts:25:25)
    at Layer.handleRequest (C:\Users\Lenovo\OneDrive\Desktop\Mentora\server\node_modules\router\lib\layer.js:152:17)
    at next (C:\Users\Lenovo\OneDrive\Desktop\Mentora\server\node_modules\router\lib\route.js:157:13)
    at Route.dispatch (C:\Users\Lenovo\OneDrive\Desktop\Mentora\server\node_modules\router\lib\route.js:117:3)
    at handle (C:\Users\Lenovo\OneDrive\Desktop\Mentora\server\node_modules\router\index.js:435:11)
    at Layer.handleRequest (C:\Users\Lenovo\OneDrive\Desktop\Mentora\server\node_modules\router\lib\layer.js:152:17)
    at C:\Users\Lenovo\OneDrive\Desktop\Mentora\server\node_modules\router\index.js:295:15
2025-11-07 17:42:43 [[31merror[39m] : TokenExpiredError: jwt expired
    at C:\Users\Lenovo\OneDrive\Desktop\Mentora\server\node_modules\jsonwebtoken\verify.js:190:21
    at getSecret (C:\Users\Lenovo\OneDrive\Desktop\Mentora\server\node_modules\jsonwebtoken\verify.js:97:14)
    at Object.module.exports [as verify] (C:\Users\Lenovo\OneDrive\Desktop\Mentora\server\node_modules\jsonwebtoken\verify.js:101:10)
    at ensureAuthenticated (C:\Users\Lenovo\OneDrive\Desktop\Mentora\server\src\middlewares\auth.ts:25:25)
    at Layer.handleRequest (C:\Users\Lenovo\OneDrive\Desktop\Mentora\server\node_modules\router\lib\layer.js:152:17)
    at next (C:\Users\Lenovo\OneDrive\Desktop\Mentora\server\node_modules\router\lib\route.js:157:13)
    at Route.dispatch (C:\Users\Lenovo\OneDrive\Desktop\Mentora\server\node_modules\router\lib\route.js:117:3)
    at handle (C:\Users\Lenovo\OneDrive\Desktop\Mentora\server\node_modules\router\index.js:435:11)
    at Layer.handleRequest (C:\Users\Lenovo\OneDrive\Desktop\Mentora\server\node_modules\router\lib\layer.js:152:17)
    at C:\Users\Lenovo\OneDrive\Desktop\Mentora\server\node_modules\router\index.js:295:15
2025-11-07 17:42:45 [[32minfo[39m] : User logged out successfully
2025-11-07 17:42:59 [[32minfo[39m] : User logged in: avani123@gmail.com
2025-11-07 17:44:10 [[32minfo[39m] : User logged out successfully
2025-11-07 17:44:45 [[32minfo[39m] :  OTP sent to demo1@gmail.com
2025-11-07 17:48:21 [[32minfo[39m] : 🚀 Server running on http://localhost:5000
2025-11-07 17:48:50 [[32minfo[39m] : 🚀 Server running on http://localhost:5000
2025-11-07 17:49:12 [[32minfo[39m] : 🚀 Server running on http://localhost:5000
2025-11-07 17:49:48 [[32minfo[39m] : OTP for REGISTER: 133290 sent to demo123@gmail.com
2025-11-07 17:50:04 [[32minfo[39m] :  OTP verified successfully for demo123@gmail.com
2025-11-07 17:50:15 [[32minfo[39m] : User logged out successfully
2025-11-07 17:50:25 [[32minfo[39m] : User logged in: demo123@gmail.com
2025-11-07 17:50:32 [[32minfo[39m] : User logged out successfully
2025-11-07 17:50:47 [[32minfo[39m] : OTP for FORGOT PASSWORD: 434062 sent to demo123@gmail.com
2025-11-07 17:50:49 [[32minfo[39m] : OTP for FORGOT PASSWORD: 411013 sent to demo123@gmail.com
2025-11-07 17:50:57 [[32minfo[39m] :  OTP verified successfully for demo123@gmail.com
2025-11-07 17:51:27 [[32minfo[39m] :  Password reset successfully for demo123@gmail.com
2025-11-07 17:51:42 [[32minfo[39m] : User logged in: demo123@gmail.com
2025-11-07 17:51:46 [[32minfo[39m] : User logged out successfully
2025-11-07 17:58:45 [[32minfo[39m] : User logged in: jithinlal706@gmail.com
2025-11-07 18:27:18 [[32minfo[39m] : 🚀 Server running on http://localhost:5000
2025-11-07 18:28:26 [[32minfo[39m] : 🚀 Server running on http://localhost:5000
2025-11-07 18:28:32 [[32minfo[39m] : 🚀 Server running on http://localhost:5000
2025-11-07 18:28:36 [[32minfo[39m] : 🚀 Server running on http://localhost:5000
2025-11-07 18:28:43 [[31merror[39m] : TokenExpiredError: jwt expired
    at C:\Users\Lenovo\OneDrive\Desktop\Mentora\server\node_modules\jsonwebtoken\verify.js:190:21
    at getSecret (C:\Users\Lenovo\OneDrive\Desktop\Mentora\server\node_modules\jsonwebtoken\verify.js:97:14)
    at Object.module.exports [as verify] (C:\Users\Lenovo\OneDrive\Desktop\Mentora\server\node_modules\jsonwebtoken\verify.js:101:10)
    at ensureAuthenticated (C:\Users\Lenovo\OneDrive\Desktop\Mentora\server\src\middlewares\auth.ts:25:25)
    at Layer.handleRequest (C:\Users\Lenovo\OneDrive\Desktop\Mentora\server\node_modules\router\lib\layer.js:152:17)
    at next (C:\Users\Lenovo\OneDrive\Desktop\Mentora\server\node_modules\router\lib\route.js:157:13)
    at Route.dispatch (C:\Users\Lenovo\OneDrive\Desktop\Mentora\server\node_modules\router\lib\route.js:117:3)
    at handle (C:\Users\Lenovo\OneDrive\Desktop\Mentora\server\node_modules\router\index.js:435:11)
    at Layer.handleRequest (C:\Users\Lenovo\OneDrive\Desktop\Mentora\server\node_modules\router\lib\layer.js:152:17)
    at C:\Users\Lenovo\OneDrive\Desktop\Mentora\server\node_modules\router\index.js:295:15
2025-11-07 18:28:43 [[31merror[39m] : TokenExpiredError: jwt expired
    at C:\Users\Lenovo\OneDrive\Desktop\Mentora\server\node_modules\jsonwebtoken\verify.js:190:21
    at getSecret (C:\Users\Lenovo\OneDrive\Desktop\Mentora\server\node_modules\jsonwebtoken\verify.js:97:14)
    at Object.module.exports [as verify] (C:\Users\Lenovo\OneDrive\Desktop\Mentora\server\node_modules\jsonwebtoken\verify.js:101:10)
    at ensureAuthenticated (C:\Users\Lenovo\OneDrive\Desktop\Mentora\server\src\middlewares\auth.ts:25:25)
    at Layer.handleRequest (C:\Users\Lenovo\OneDrive\Desktop\Mentora\server\node_modules\router\lib\layer.js:152:17)
    at next (C:\Users\Lenovo\OneDrive\Desktop\Mentora\server\node_modules\router\lib\route.js:157:13)
    at Route.dispatch (C:\Users\Lenovo\OneDrive\Desktop\Mentora\server\node_modules\router\lib\route.js:117:3)
    at handle (C:\Users\Lenovo\OneDrive\Desktop\Mentora\server\node_modules\router\index.js:435:11)
    at Layer.handleRequest (C:\Users\Lenovo\OneDrive\Desktop\Mentora\server\node_modules\router\lib\layer.js:152:17)
    at C:\Users\Lenovo\OneDrive\Desktop\Mentora\server\node_modules\router\index.js:295:15
2025-11-07 18:28:50 [[31merror[39m] : TokenExpiredError: jwt expired
    at C:\Users\Lenovo\OneDrive\Desktop\Mentora\server\node_modules\jsonwebtoken\verify.js:190:21
    at getSecret (C:\Users\Lenovo\OneDrive\Desktop\Mentora\server\node_modules\jsonwebtoken\verify.js:97:14)
    at Object.module.exports [as verify] (C:\Users\Lenovo\OneDrive\Desktop\Mentora\server\node_modules\jsonwebtoken\verify.js:101:10)
    at ensureAuthenticated (C:\Users\Lenovo\OneDrive\Desktop\Mentora\server\src\middlewares\auth.ts:25:25)
    at Layer.handleRequest (C:\Users\Lenovo\OneDrive\Desktop\Mentora\server\node_modules\router\lib\layer.js:152:17)
    at next (C:\Users\Lenovo\OneDrive\Desktop\Mentora\server\node_modules\router\lib\route.js:157:13)
    at Route.dispatch (C:\Users\Lenovo\OneDrive\Desktop\Mentora\server\node_modules\router\lib\route.js:117:3)
    at handle (C:\Users\Lenovo\OneDrive\Desktop\Mentora\server\node_modules\router\index.js:435:11)
    at Layer.handleRequest (C:\Users\Lenovo\OneDrive\Desktop\Mentora\server\node_modules\router\lib\layer.js:152:17)
    at C:\Users\Lenovo\OneDrive\Desktop\Mentora\server\node_modules\router\index.js:295:15
2025-11-07 18:28:50 [[31merror[39m] : TokenExpiredError: jwt expired
    at C:\Users\Lenovo\OneDrive\Desktop\Mentora\server\node_modules\jsonwebtoken\verify.js:190:21
    at getSecret (C:\Users\Lenovo\OneDrive\Desktop\Mentora\server\node_modules\jsonwebtoken\verify.js:97:14)
    at Object.module.exports [as verify] (C:\Users\Lenovo\OneDrive\Desktop\Mentora\server\node_modules\jsonwebtoken\verify.js:101:10)
    at ensureAuthenticated (C:\Users\Lenovo\OneDrive\Desktop\Mentora\server\src\middlewares\auth.ts:25:25)
    at Layer.handleRequest (C:\Users\Lenovo\OneDrive\Desktop\Mentora\server\node_modules\router\lib\layer.js:152:17)
    at next (C:\Users\Lenovo\OneDrive\Desktop\Mentora\server\node_modules\router\lib\route.js:157:13)
    at Route.dispatch (C:\Users\Lenovo\OneDrive\Desktop\Mentora\server\node_modules\router\lib\route.js:117:3)
    at handle (C:\Users\Lenovo\OneDrive\Desktop\Mentora\server\node_modules\router\index.js:435:11)
    at Layer.handleRequest (C:\Users\Lenovo\OneDrive\Desktop\Mentora\server\node_modules\router\lib\layer.js:152:17)
    at C:\Users\Lenovo\OneDrive\Desktop\Mentora\server\node_modules\router\index.js:295:15
2025-11-07 18:28:59 [[31merror[39m] : TokenExpiredError: jwt expired
    at C:\Users\Lenovo\OneDrive\Desktop\Mentora\server\node_modules\jsonwebtoken\verify.js:190:21
    at getSecret (C:\Users\Lenovo\OneDrive\Desktop\Mentora\server\node_modules\jsonwebtoken\verify.js:97:14)
    at Object.module.exports [as verify] (C:\Users\Lenovo\OneDrive\Desktop\Mentora\server\node_modules\jsonwebtoken\verify.js:101:10)
    at ensureAuthenticated (C:\Users\Lenovo\OneDrive\Desktop\Mentora\server\src\middlewares\auth.ts:25:25)
    at Layer.handleRequest (C:\Users\Lenovo\OneDrive\Desktop\Mentora\server\node_modules\router\lib\layer.js:152:17)
    at next (C:\Users\Lenovo\OneDrive\Desktop\Mentora\server\node_modules\router\lib\route.js:157:13)
    at Route.dispatch (C:\Users\Lenovo\OneDrive\Desktop\Mentora\server\node_modules\router\lib\route.js:117:3)
    at handle (C:\Users\Lenovo\OneDrive\Desktop\Mentora\server\node_modules\router\index.js:435:11)
    at Layer.handleRequest (C:\Users\Lenovo\OneDrive\Desktop\Mentora\server\node_modules\router\lib\layer.js:152:17)
    at C:\Users\Lenovo\OneDrive\Desktop\Mentora\server\node_modules\router\index.js:295:15
2025-11-07 18:28:59 [[31merror[39m] : TokenExpiredError: jwt expired
    at C:\Users\Lenovo\OneDrive\Desktop\Mentora\server\node_modules\jsonwebtoken\verify.js:190:21
    at getSecret (C:\Users\Lenovo\OneDrive\Desktop\Mentora\server\node_modules\jsonwebtoken\verify.js:97:14)
    at Object.module.exports [as verify] (C:\Users\Lenovo\OneDrive\Desktop\Mentora\server\node_modules\jsonwebtoken\verify.js:101:10)
    at ensureAuthenticated (C:\Users\Lenovo\OneDrive\Desktop\Mentora\server\src\middlewares\auth.ts:25:25)
    at Layer.handleRequest (C:\Users\Lenovo\OneDrive\Desktop\Mentora\server\node_modules\router\lib\layer.js:152:17)
    at next (C:\Users\Lenovo\OneDrive\Desktop\Mentora\server\node_modules\router\lib\route.js:157:13)
    at Route.dispatch (C:\Users\Lenovo\OneDrive\Desktop\Mentora\server\node_modules\router\lib\route.js:117:3)
    at handle (C:\Users\Lenovo\OneDrive\Desktop\Mentora\server\node_modules\router\index.js:435:11)
    at Layer.handleRequest (C:\Users\Lenovo\OneDrive\Desktop\Mentora\server\node_modules\router\lib\layer.js:152:17)
    at C:\Users\Lenovo\OneDrive\Desktop\Mentora\server\node_modules\router\index.js:295:15
2025-11-07 18:29:08 [[32minfo[39m] : User logged out successfully
2025-11-07 18:29:22 [[32minfo[39m] : User logged in: avani123@gmail.com
2025-11-07 18:32:07 [[32minfo[39m] : 🚀 Server running on http://localhost:5000
2025-11-07 18:32:43 [[32minfo[39m] : 🚀 Server running on http://localhost:5000
2025-11-07 18:33:14 [[32minfo[39m] : 🚀 Server running on http://localhost:5000
2025-11-07 18:33:20 [[32minfo[39m] : 🚀 Server running on http://localhost:5000
2025-11-07 18:33:49 [[32minfo[39m] : 🚀 Server running on http://localhost:5000
2025-11-07 18:35:02 [[32minfo[39m] : 🚀 Server running on http://localhost:5000
2025-11-07 18:37:49 [[32minfo[39m] : User logged out successfully
2025-11-07 18:38:00 [[32minfo[39m] : User logged in: jithinlal706@gmail.com
2025-11-08 15:58:36 [[32minfo[39m] : 🚀 Server running on http://localhost:5000
2025-11-08 16:14:06 [[32minfo[39m] : 🚀 Server running on http://localhost:5000
2025-11-08 16:14:16 [[32minfo[39m] : 🚀 Server running on http://localhost:5000
2025-11-08 16:14:26 [[32minfo[39m] : 🚀 Server running on http://localhost:5000
2025-11-08 16:14:35 [[32minfo[39m] : 🚀 Server running on http://localhost:5000
2025-11-08 16:14:53 [[32minfo[39m] : 🚀 Server running on http://localhost:5000
2025-11-08 16:15:00 [[32minfo[39m] : 🚀 Server running on http://localhost:5000
2025-11-08 16:15:06 [[32minfo[39m] : 🚀 Server running on http://localhost:5000
2025-11-08 16:15:11 [[32minfo[39m] : 🚀 Server running on http://localhost:5000
2025-11-08 16:15:45 [[31merror[39m] : TokenExpiredError: jwt expired
    at C:\Users\Lenovo\OneDrive\Desktop\Mentora\server\node_modules\jsonwebtoken\verify.js:190:21
    at getSecret (C:\Users\Lenovo\OneDrive\Desktop\Mentora\server\node_modules\jsonwebtoken\verify.js:97:14)
    at Object.module.exports [as verify] (C:\Users\Lenovo\OneDrive\Desktop\Mentora\server\node_modules\jsonwebtoken\verify.js:101:10)
    at ensureAuthenticated (C:\Users\Lenovo\OneDrive\Desktop\Mentora\server\src\middlewares\auth.ts:25:25)
    at Layer.handleRequest (C:\Users\Lenovo\OneDrive\Desktop\Mentora\server\node_modules\router\lib\layer.js:152:17)
    at next (C:\Users\Lenovo\OneDrive\Desktop\Mentora\server\node_modules\router\lib\route.js:157:13)
    at Route.dispatch (C:\Users\Lenovo\OneDrive\Desktop\Mentora\server\node_modules\router\lib\route.js:117:3)
    at handle (C:\Users\Lenovo\OneDrive\Desktop\Mentora\server\node_modules\router\index.js:435:11)
    at Layer.handleRequest (C:\Users\Lenovo\OneDrive\Desktop\Mentora\server\node_modules\router\lib\layer.js:152:17)
    at C:\Users\Lenovo\OneDrive\Desktop\Mentora\server\node_modules\router\index.js:295:15
2025-11-08 16:15:45 [[31merror[39m] : TokenExpiredError: jwt expired
    at C:\Users\Lenovo\OneDrive\Desktop\Mentora\server\node_modules\jsonwebtoken\verify.js:190:21
    at getSecret (C:\Users\Lenovo\OneDrive\Desktop\Mentora\server\node_modules\jsonwebtoken\verify.js:97:14)
    at Object.module.exports [as verify] (C:\Users\Lenovo\OneDrive\Desktop\Mentora\server\node_modules\jsonwebtoken\verify.js:101:10)
    at ensureAuthenticated (C:\Users\Lenovo\OneDrive\Desktop\Mentora\server\src\middlewares\auth.ts:25:25)
    at Layer.handleRequest (C:\Users\Lenovo\OneDrive\Desktop\Mentora\server\node_modules\router\lib\layer.js:152:17)
    at next (C:\Users\Lenovo\OneDrive\Desktop\Mentora\server\node_modules\router\lib\route.js:157:13)
    at Route.dispatch (C:\Users\Lenovo\OneDrive\Desktop\Mentora\server\node_modules\router\lib\route.js:117:3)
    at handle (C:\Users\Lenovo\OneDrive\Desktop\Mentora\server\node_modules\router\index.js:435:11)
    at Layer.handleRequest (C:\Users\Lenovo\OneDrive\Desktop\Mentora\server\node_modules\router\lib\layer.js:152:17)
    at C:\Users\Lenovo\OneDrive\Desktop\Mentora\server\node_modules\router\index.js:295:15
2025-11-08 16:15:53 [[31merror[39m] : TokenExpiredError: jwt expired
    at C:\Users\Lenovo\OneDrive\Desktop\Mentora\server\node_modules\jsonwebtoken\verify.js:190:21
    at getSecret (C:\Users\Lenovo\OneDrive\Desktop\Mentora\server\node_modules\jsonwebtoken\verify.js:97:14)
    at Object.module.exports [as verify] (C:\Users\Lenovo\OneDrive\Desktop\Mentora\server\node_modules\jsonwebtoken\verify.js:101:10)
    at ensureAuthenticated (C:\Users\Lenovo\OneDrive\Desktop\Mentora\server\src\middlewares\auth.ts:25:25)
    at Layer.handleRequest (C:\Users\Lenovo\OneDrive\Desktop\Mentora\server\node_modules\router\lib\layer.js:152:17)
    at next (C:\Users\Lenovo\OneDrive\Desktop\Mentora\server\node_modules\router\lib\route.js:157:13)
    at Route.dispatch (C:\Users\Lenovo\OneDrive\Desktop\Mentora\server\node_modules\router\lib\route.js:117:3)
    at handle (C:\Users\Lenovo\OneDrive\Desktop\Mentora\server\node_modules\router\index.js:435:11)
    at Layer.handleRequest (C:\Users\Lenovo\OneDrive\Desktop\Mentora\server\node_modules\router\lib\layer.js:152:17)
    at C:\Users\Lenovo\OneDrive\Desktop\Mentora\server\node_modules\router\index.js:295:15
2025-11-08 16:15:53 [[31merror[39m] : TokenExpiredError: jwt expired
    at C:\Users\Lenovo\OneDrive\Desktop\Mentora\server\node_modules\jsonwebtoken\verify.js:190:21
    at getSecret (C:\Users\Lenovo\OneDrive\Desktop\Mentora\server\node_modules\jsonwebtoken\verify.js:97:14)
    at Object.module.exports [as verify] (C:\Users\Lenovo\OneDrive\Desktop\Mentora\server\node_modules\jsonwebtoken\verify.js:101:10)
    at ensureAuthenticated (C:\Users\Lenovo\OneDrive\Desktop\Mentora\server\src\middlewares\auth.ts:25:25)
    at Layer.handleRequest (C:\Users\Lenovo\OneDrive\Desktop\Mentora\server\node_modules\router\lib\layer.js:152:17)
    at next (C:\Users\Lenovo\OneDrive\Desktop\Mentora\server\node_modules\router\lib\route.js:157:13)
    at Route.dispatch (C:\Users\Lenovo\OneDrive\Desktop\Mentora\server\node_modules\router\lib\route.js:117:3)
    at handle (C:\Users\Lenovo\OneDrive\Desktop\Mentora\server\node_modules\router\index.js:435:11)
    at Layer.handleRequest (C:\Users\Lenovo\OneDrive\Desktop\Mentora\server\node_modules\router\lib\layer.js:152:17)
    at C:\Users\Lenovo\OneDrive\Desktop\Mentora\server\node_modules\router\index.js:295:15
2025-11-08 16:16:01 [[32minfo[39m] : User logged out successfully
2025-11-08 16:16:10 [[32minfo[39m] : User logged in: jithinlal706@gmail.com
2025-11-08 16:16:21 [[32minfo[39m] : User logged out successfully
2025-11-08 16:16:37 [[32minfo[39m] : User logged in: avani123@gmail.com
2025-11-08 16:17:04 [[31merror[39m] : Error: Wrong password
    at AuthService.<anonymous> (C:\Users\Lenovo\OneDrive\Desktop\Mentora\server\src\services\authService.ts:37:23)
    at Generator.next (<anonymous>)
    at fulfilled (C:\Users\Lenovo\OneDrive\Desktop\Mentora\server\src\services\authService.ts:5:58)
2025-11-08 16:17:11 [[32minfo[39m] : User logged in: jithinlal706@gmail.com
2025-11-08 22:25:12 [[32minfo[39m] : 🚀 Server running on http://localhost:5000
2025-11-08 22:25:44 [[32minfo[39m] : 🚀 Server running on http://localhost:5000
2025-11-10 15:17:25 [[32minfo[39m] : 🚀 Server running on http://localhost:5000
2025-11-10 15:41:17 [[32minfo[39m] : 🚀 Server running on http://localhost:5000
2025-11-10 15:41:27 [[32minfo[39m] : 🚀 Server running on http://localhost:5000
2025-11-10 15:41:48 [[32minfo[39m] :  Server running on http://localhost:5000
2025-11-10 15:46:10 [[32minfo[39m] :  Server running on http://localhost:5000
2025-11-10 15:49:35 [[32minfo[39m] :  Server running on http://localhost:5000
2025-11-11 12:48:08 [[32minfo[39m] :  Server running on http://localhost:5000
2025-11-11 15:39:33 [[32minfo[39m] :  Server running on http://localhost:5000
2025-11-11 15:39:56 [[32minfo[39m] :  Server running on http://localhost:5000
2025-11-11 15:40:08 [[32minfo[39m] :  Server running on http://localhost:5000
2025-11-11 15:40:25 [[32minfo[39m] :  Server running on http://localhost:5000
2025-11-11 15:41:04 [[32minfo[39m] :  Server running on http://localhost:5000
2025-11-11 15:42:53 [[32minfo[39m] :  Server running on http://localhost:5000
2025-11-11 15:43:04 [[32minfo[39m] :  Server running on http://localhost:5000
2025-11-11 15:46:18 [[32minfo[39m] :  Server running on http://localhost:5000
2025-11-11 15:46:41 [[32minfo[39m] :  Server running on http://localhost:5000
2025-11-11 15:47:23 [[32minfo[39m] :  Server running on http://localhost:5000
2025-11-11 15:47:34 [[32minfo[39m] :  Server running on http://localhost:5000
2025-11-11 15:48:13 [[32minfo[39m] :  Server running on http://localhost:5000
2025-11-11 15:48:36 [[32minfo[39m] :  Server running on http://localhost:5000
2025-11-11 15:49:10 [[32minfo[39m] :  Server running on http://localhost:5000
2025-11-11 15:50:54 [[32minfo[39m] :  Server running on http://localhost:5000
2025-11-11 15:51:11 [[32minfo[39m] :  Server running on http://localhost:5000
2025-11-11 15:55:47 [[32minfo[39m] :  Server running on http://localhost:5000
2025-11-11 15:56:00 [[32minfo[39m] :  Server running on http://localhost:5000
2025-11-11 15:56:18 [[32minfo[39m] :  Server running on http://localhost:5000
2025-11-11 15:57:30 [[32minfo[39m] :  Server running on http://localhost:5000
2025-11-11 15:57:38 [[32minfo[39m] :  Server running on http://localhost:5000
2025-11-11 15:58:27 [[32minfo[39m] :  Server running on http://localhost:5000
2025-11-11 15:59:05 [[32minfo[39m] :  Server running on http://localhost:5000
2025-11-11 15:59:49 [[32minfo[39m] :  Server running on http://localhost:5000
2025-11-11 15:59:57 [[32minfo[39m] :  Server running on http://localhost:5000
2025-11-11 16:00:10 [[32minfo[39m] :  Server running on http://localhost:5000
2025-11-11 16:00:31 [[32minfo[39m] :  Server running on http://localhost:5000
2025-11-11 16:00:50 [[32minfo[39m] :  Server running on http://localhost:5000
2025-11-11 16:00:57 [[32minfo[39m] :  Server running on http://localhost:5000
2025-11-11 16:01:06 [[32minfo[39m] :  Server running on http://localhost:5000
2025-11-11 16:02:50 [[32minfo[39m] :  Server running on http://localhost:5000
2025-11-11 16:05:48 [[32minfo[39m] :  Server running on http://localhost:5000
2025-11-11 16:06:04 [[32minfo[39m] :  Server running on http://localhost:5000
2025-11-11 16:06:39 [[32minfo[39m] :  Server running on http://localhost:5000
2025-11-11 16:07:07 [[32minfo[39m] :  Server running on http://localhost:5000
2025-11-11 16:08:59 [[32minfo[39m] :  Server running on http://localhost:5000
2025-11-11 16:11:10 [[32minfo[39m] :  Server running on http://localhost:5000
2025-11-11 16:11:22 [[32minfo[39m] :  Server running on http://localhost:5000
2025-11-12 12:29:07 [[31merror[39m] : TokenExpiredError: jwt expired
    at C:\Users\Lenovo\OneDrive\Desktop\Mentora\server\node_modules\jsonwebtoken\verify.js:190:21
    at getSecret (C:\Users\Lenovo\OneDrive\Desktop\Mentora\server\node_modules\jsonwebtoken\verify.js:97:14)
    at Object.module.exports [as verify] (C:\Users\Lenovo\OneDrive\Desktop\Mentora\server\node_modules\jsonwebtoken\verify.js:101:10)
    at ensureAuthenticated (C:\Users\Lenovo\OneDrive\Desktop\Mentora\server\src\middlewares\auth.ts:25:25)
    at Layer.handleRequest (C:\Users\Lenovo\OneDrive\Desktop\Mentora\server\node_modules\router\lib\layer.js:152:17)
    at next (C:\Users\Lenovo\OneDrive\Desktop\Mentora\server\node_modules\router\lib\route.js:157:13)
    at Route.dispatch (C:\Users\Lenovo\OneDrive\Desktop\Mentora\server\node_modules\router\lib\route.js:117:3)
    at handle (C:\Users\Lenovo\OneDrive\Desktop\Mentora\server\node_modules\router\index.js:435:11)
    at Layer.handleRequest (C:\Users\Lenovo\OneDrive\Desktop\Mentora\server\node_modules\router\lib\layer.js:152:17)
    at C:\Users\Lenovo\OneDrive\Desktop\Mentora\server\node_modules\router\index.js:295:15
2025-11-12 12:29:07 [[31merror[39m] : TokenExpiredError: jwt expired
    at C:\Users\Lenovo\OneDrive\Desktop\Mentora\server\node_modules\jsonwebtoken\verify.js:190:21
    at getSecret (C:\Users\Lenovo\OneDrive\Desktop\Mentora\server\node_modules\jsonwebtoken\verify.js:97:14)
    at Object.module.exports [as verify] (C:\Users\Lenovo\OneDrive\Desktop\Mentora\server\node_modules\jsonwebtoken\verify.js:101:10)
    at ensureAuthenticated (C:\Users\Lenovo\OneDrive\Desktop\Mentora\server\src\middlewares\auth.ts:25:25)
    at Layer.handleRequest (C:\Users\Lenovo\OneDrive\Desktop\Mentora\server\node_modules\router\lib\layer.js:152:17)
    at next (C:\Users\Lenovo\OneDrive\Desktop\Mentora\server\node_modules\router\lib\route.js:157:13)
    at Route.dispatch (C:\Users\Lenovo\OneDrive\Desktop\Mentora\server\node_modules\router\lib\route.js:117:3)
    at handle (C:\Users\Lenovo\OneDrive\Desktop\Mentora\server\node_modules\router\index.js:435:11)
    at Layer.handleRequest (C:\Users\Lenovo\OneDrive\Desktop\Mentora\server\node_modules\router\lib\layer.js:152:17)
    at C:\Users\Lenovo\OneDrive\Desktop\Mentora\server\node_modules\router\index.js:295:15
2025-11-12 12:29:18 [[32minfo[39m] : User logged out successfully
2025-11-12 12:29:48 [[32minfo[39m] : OTP for REGISTER: 450414 sent to demo11@gmail.com
2025-11-12 12:29:55 [[32minfo[39m] : OTP verified successfully for demo11@gmail.com
2025-11-12 12:30:02 [[32minfo[39m] : User logged out successfully
2025-11-12 12:30:16 [[32minfo[39m] : User logged in: demo11@gmail.com
2025-11-12 12:33:03 [[32minfo[39m] : User logged out successfully
2025-11-12 12:33:13 [[32minfo[39m] : User logged in: jithinlal706@gmail.com
2025-11-12 12:33:25 [[31merror[39m] : ValidationError: User validation failed: gender: `` is not a valid enum value for path `gender`.
    at model.Document.invalidate (C:\Users\Lenovo\OneDrive\Desktop\Mentora\server\node_modules\mongoose\lib\document.js:3352:32)
    at C:\Users\Lenovo\OneDrive\Desktop\Mentora\server\node_modules\mongoose\lib\document.js:3113:17
    at C:\Users\Lenovo\OneDrive\Desktop\Mentora\server\node_modules\mongoose\lib\schemaType.js:1407:9
    at processTicksAndRejections (node:internal/process/task_queues:77:11)
2025-11-12 12:33:32 [[31merror[39m] : ValidationError: User validation failed: gender: `` is not a valid enum value for path `gender`.
    at model.Document.invalidate (C:\Users\Lenovo\OneDrive\Desktop\Mentora\server\node_modules\mongoose\lib\document.js:3352:32)
    at C:\Users\Lenovo\OneDrive\Desktop\Mentora\server\node_modules\mongoose\lib\document.js:3113:17
    at C:\Users\Lenovo\OneDrive\Desktop\Mentora\server\node_modules\mongoose\lib\schemaType.js:1407:9
    at processTicksAndRejections (node:internal/process/task_queues:77:11)
2025-11-12 12:33:42 [[31merror[39m] : ValidationError: User validation failed: gender: `` is not a valid enum value for path `gender`.
    at model.Document.invalidate (C:\Users\Lenovo\OneDrive\Desktop\Mentora\server\node_modules\mongoose\lib\document.js:3352:32)
    at C:\Users\Lenovo\OneDrive\Desktop\Mentora\server\node_modules\mongoose\lib\document.js:3113:17
    at C:\Users\Lenovo\OneDrive\Desktop\Mentora\server\node_modules\mongoose\lib\schemaType.js:1407:9
    at processTicksAndRejections (node:internal/process/task_queues:77:11)
2025-11-12 12:33:44 [[31merror[39m] : ValidationError: User validation failed: gender: `` is not a valid enum value for path `gender`.
    at model.Document.invalidate (C:\Users\Lenovo\OneDrive\Desktop\Mentora\server\node_modules\mongoose\lib\document.js:3352:32)
    at C:\Users\Lenovo\OneDrive\Desktop\Mentora\server\node_modules\mongoose\lib\document.js:3113:17
    at C:\Users\Lenovo\OneDrive\Desktop\Mentora\server\node_modules\mongoose\lib\schemaType.js:1407:9
    at processTicksAndRejections (node:internal/process/task_queues:77:11)
2025-11-12 12:59:42 [[32minfo[39m] :  Server running on http://localhost:5000
2025-11-12 13:00:04 [[32minfo[39m] : User logged in: jithinlal706@gmail.com
2025-11-12 13:49:50 [[32minfo[39m] :  Server running on http://localhost:5000
2025-11-12 13:50:36 [[32minfo[39m] :  Server running on http://localhost:5000
2025-11-12 13:50:43 [[32minfo[39m] :  Server running on http://localhost:5000
2025-11-12 13:51:11 [[32minfo[39m] :  Server running on http://localhost:5000
2025-11-12 13:57:58 [[32minfo[39m] :  Server running on http://localhost:5000
2025-11-12 14:25:26 [[32minfo[39m] :  Server running on http://localhost:5000
2025-11-12 14:25:49 [[32minfo[39m] :  Server running on http://localhost:5000
2025-11-12 14:27:44 [[32minfo[39m] :  Server running on http://localhost:5000
2025-11-12 14:28:13 [[32minfo[39m] :  Server running on http://localhost:5000
2025-11-12 14:31:38 [[32minfo[39m] :  Server running on http://localhost:5000
2025-11-12 14:32:08 [[31merror[39m] : TokenExpiredError: jwt expired
    at C:\Users\Lenovo\OneDrive\Desktop\Mentora\server\node_modules\jsonwebtoken\verify.js:190:21
    at getSecret (C:\Users\Lenovo\OneDrive\Desktop\Mentora\server\node_modules\jsonwebtoken\verify.js:97:14)
    at Object.module.exports [as verify] (C:\Users\Lenovo\OneDrive\Desktop\Mentora\server\node_modules\jsonwebtoken\verify.js:101:10)
    at ensureAuthenticated (C:\Users\Lenovo\OneDrive\Desktop\Mentora\server\src\middlewares\auth.ts:25:25)
    at Layer.handleRequest (C:\Users\Lenovo\OneDrive\Desktop\Mentora\server\node_modules\router\lib\layer.js:152:17)
    at next (C:\Users\Lenovo\OneDrive\Desktop\Mentora\server\node_modules\router\lib\route.js:157:13)
    at Route.dispatch (C:\Users\Lenovo\OneDrive\Desktop\Mentora\server\node_modules\router\lib\route.js:117:3)
    at handle (C:\Users\Lenovo\OneDrive\Desktop\Mentora\server\node_modules\router\index.js:435:11)
    at Layer.handleRequest (C:\Users\Lenovo\OneDrive\Desktop\Mentora\server\node_modules\router\lib\layer.js:152:17)
    at C:\Users\Lenovo\OneDrive\Desktop\Mentora\server\node_modules\router\index.js:295:15
2025-11-12 14:32:08 [[31merror[39m] : TokenExpiredError: jwt expired
    at C:\Users\Lenovo\OneDrive\Desktop\Mentora\server\node_modules\jsonwebtoken\verify.js:190:21
    at getSecret (C:\Users\Lenovo\OneDrive\Desktop\Mentora\server\node_modules\jsonwebtoken\verify.js:97:14)
    at Object.module.exports [as verify] (C:\Users\Lenovo\OneDrive\Desktop\Mentora\server\node_modules\jsonwebtoken\verify.js:101:10)
    at ensureAuthenticated (C:\Users\Lenovo\OneDrive\Desktop\Mentora\server\src\middlewares\auth.ts:25:25)
    at Layer.handleRequest (C:\Users\Lenovo\OneDrive\Desktop\Mentora\server\node_modules\router\lib\layer.js:152:17)
    at next (C:\Users\Lenovo\OneDrive\Desktop\Mentora\server\node_modules\router\lib\route.js:157:13)
    at Route.dispatch (C:\Users\Lenovo\OneDrive\Desktop\Mentora\server\node_modules\router\lib\route.js:117:3)
    at handle (C:\Users\Lenovo\OneDrive\Desktop\Mentora\server\node_modules\router\index.js:435:11)
    at Layer.handleRequest (C:\Users\Lenovo\OneDrive\Desktop\Mentora\server\node_modules\router\lib\layer.js:152:17)
    at C:\Users\Lenovo\OneDrive\Desktop\Mentora\server\node_modules\router\index.js:295:15
2025-11-12 14:33:15 [[31merror[39m] : TokenExpiredError: jwt expired
    at C:\Users\Lenovo\OneDrive\Desktop\Mentora\server\node_modules\jsonwebtoken\verify.js:190:21
    at getSecret (C:\Users\Lenovo\OneDrive\Desktop\Mentora\server\node_modules\jsonwebtoken\verify.js:97:14)
    at Object.module.exports [as verify] (C:\Users\Lenovo\OneDrive\Desktop\Mentora\server\node_modules\jsonwebtoken\verify.js:101:10)
    at ensureAuthenticated (C:\Users\Lenovo\OneDrive\Desktop\Mentora\server\src\middlewares\auth.ts:25:25)
    at Layer.handleRequest (C:\Users\Lenovo\OneDrive\Desktop\Mentora\server\node_modules\router\lib\layer.js:152:17)
    at next (C:\Users\Lenovo\OneDrive\Desktop\Mentora\server\node_modules\router\lib\route.js:157:13)
    at Route.dispatch (C:\Users\Lenovo\OneDrive\Desktop\Mentora\server\node_modules\router\lib\route.js:117:3)
    at handle (C:\Users\Lenovo\OneDrive\Desktop\Mentora\server\node_modules\router\index.js:435:11)
    at Layer.handleRequest (C:\Users\Lenovo\OneDrive\Desktop\Mentora\server\node_modules\router\lib\layer.js:152:17)
    at C:\Users\Lenovo\OneDrive\Desktop\Mentora\server\node_modules\router\index.js:295:15
2025-11-12 14:33:15 [[31merror[39m] : TokenExpiredError: jwt expired
    at C:\Users\Lenovo\OneDrive\Desktop\Mentora\server\node_modules\jsonwebtoken\verify.js:190:21
    at getSecret (C:\Users\Lenovo\OneDrive\Desktop\Mentora\server\node_modules\jsonwebtoken\verify.js:97:14)
    at Object.module.exports [as verify] (C:\Users\Lenovo\OneDrive\Desktop\Mentora\server\node_modules\jsonwebtoken\verify.js:101:10)
    at ensureAuthenticated (C:\Users\Lenovo\OneDrive\Desktop\Mentora\server\src\middlewares\auth.ts:25:25)
    at Layer.handleRequest (C:\Users\Lenovo\OneDrive\Desktop\Mentora\server\node_modules\router\lib\layer.js:152:17)
    at next (C:\Users\Lenovo\OneDrive\Desktop\Mentora\server\node_modules\router\lib\route.js:157:13)
    at Route.dispatch (C:\Users\Lenovo\OneDrive\Desktop\Mentora\server\node_modules\router\lib\route.js:117:3)
    at handle (C:\Users\Lenovo\OneDrive\Desktop\Mentora\server\node_modules\router\index.js:435:11)
    at Layer.handleRequest (C:\Users\Lenovo\OneDrive\Desktop\Mentora\server\node_modules\router\lib\layer.js:152:17)
    at C:\Users\Lenovo\OneDrive\Desktop\Mentora\server\node_modules\router\index.js:295:15
2025-11-12 14:33:24 [[31merror[39m] : TokenExpiredError: jwt expired
    at C:\Users\Lenovo\OneDrive\Desktop\Mentora\server\node_modules\jsonwebtoken\verify.js:190:21
    at getSecret (C:\Users\Lenovo\OneDrive\Desktop\Mentora\server\node_modules\jsonwebtoken\verify.js:97:14)
    at Object.module.exports [as verify] (C:\Users\Lenovo\OneDrive\Desktop\Mentora\server\node_modules\jsonwebtoken\verify.js:101:10)
    at ensureAuthenticated (C:\Users\Lenovo\OneDrive\Desktop\Mentora\server\src\middlewares\auth.ts:25:25)
    at Layer.handleRequest (C:\Users\Lenovo\OneDrive\Desktop\Mentora\server\node_modules\router\lib\layer.js:152:17)
    at next (C:\Users\Lenovo\OneDrive\Desktop\Mentora\server\node_modules\router\lib\route.js:157:13)
    at Route.dispatch (C:\Users\Lenovo\OneDrive\Desktop\Mentora\server\node_modules\router\lib\route.js:117:3)
    at handle (C:\Users\Lenovo\OneDrive\Desktop\Mentora\server\node_modules\router\index.js:435:11)
    at Layer.handleRequest (C:\Users\Lenovo\OneDrive\Desktop\Mentora\server\node_modules\router\lib\layer.js:152:17)
    at C:\Users\Lenovo\OneDrive\Desktop\Mentora\server\node_modules\router\index.js:295:15
2025-11-12 14:33:24 [[31merror[39m] : TokenExpiredError: jwt expired
    at C:\Users\Lenovo\OneDrive\Desktop\Mentora\server\node_modules\jsonwebtoken\verify.js:190:21
    at getSecret (C:\Users\Lenovo\OneDrive\Desktop\Mentora\server\node_modules\jsonwebtoken\verify.js:97:14)
    at Object.module.exports [as verify] (C:\Users\Lenovo\OneDrive\Desktop\Mentora\server\node_modules\jsonwebtoken\verify.js:101:10)
    at ensureAuthenticated (C:\Users\Lenovo\OneDrive\Desktop\Mentora\server\src\middlewares\auth.ts:25:25)
    at Layer.handleRequest (C:\Users\Lenovo\OneDrive\Desktop\Mentora\server\node_modules\router\lib\layer.js:152:17)
    at next (C:\Users\Lenovo\OneDrive\Desktop\Mentora\server\node_modules\router\lib\route.js:157:13)
    at Route.dispatch (C:\Users\Lenovo\OneDrive\Desktop\Mentora\server\node_modules\router\lib\route.js:117:3)
    at handle (C:\Users\Lenovo\OneDrive\Desktop\Mentora\server\node_modules\router\index.js:435:11)
    at Layer.handleRequest (C:\Users\Lenovo\OneDrive\Desktop\Mentora\server\node_modules\router\lib\layer.js:152:17)
    at C:\Users\Lenovo\OneDrive\Desktop\Mentora\server\node_modules\router\index.js:295:15
2025-11-12 14:33:26 [[31merror[39m] : TokenExpiredError: jwt expired
    at C:\Users\Lenovo\OneDrive\Desktop\Mentora\server\node_modules\jsonwebtoken\verify.js:190:21
    at getSecret (C:\Users\Lenovo\OneDrive\Desktop\Mentora\server\node_modules\jsonwebtoken\verify.js:97:14)
    at Object.module.exports [as verify] (C:\Users\Lenovo\OneDrive\Desktop\Mentora\server\node_modules\jsonwebtoken\verify.js:101:10)
    at ensureAuthenticated (C:\Users\Lenovo\OneDrive\Desktop\Mentora\server\src\middlewares\auth.ts:25:25)
    at Layer.handleRequest (C:\Users\Lenovo\OneDrive\Desktop\Mentora\server\node_modules\router\lib\layer.js:152:17)
    at next (C:\Users\Lenovo\OneDrive\Desktop\Mentora\server\node_modules\router\lib\route.js:157:13)
    at Route.dispatch (C:\Users\Lenovo\OneDrive\Desktop\Mentora\server\node_modules\router\lib\route.js:117:3)
    at handle (C:\Users\Lenovo\OneDrive\Desktop\Mentora\server\node_modules\router\index.js:435:11)
    at Layer.handleRequest (C:\Users\Lenovo\OneDrive\Desktop\Mentora\server\node_modules\router\lib\layer.js:152:17)
    at C:\Users\Lenovo\OneDrive\Desktop\Mentora\server\node_modules\router\index.js:295:15
2025-11-12 14:33:26 [[31merror[39m] : TokenExpiredError: jwt expired
    at C:\Users\Lenovo\OneDrive\Desktop\Mentora\server\node_modules\jsonwebtoken\verify.js:190:21
    at getSecret (C:\Users\Lenovo\OneDrive\Desktop\Mentora\server\node_modules\jsonwebtoken\verify.js:97:14)
    at Object.module.exports [as verify] (C:\Users\Lenovo\OneDrive\Desktop\Mentora\server\node_modules\jsonwebtoken\verify.js:101:10)
    at ensureAuthenticated (C:\Users\Lenovo\OneDrive\Desktop\Mentora\server\src\middlewares\auth.ts:25:25)
    at Layer.handleRequest (C:\Users\Lenovo\OneDrive\Desktop\Mentora\server\node_modules\router\lib\layer.js:152:17)
    at next (C:\Users\Lenovo\OneDrive\Desktop\Mentora\server\node_modules\router\lib\route.js:157:13)
    at Route.dispatch (C:\Users\Lenovo\OneDrive\Desktop\Mentora\server\node_modules\router\lib\route.js:117:3)
    at handle (C:\Users\Lenovo\OneDrive\Desktop\Mentora\server\node_modules\router\index.js:435:11)
    at Layer.handleRequest (C:\Users\Lenovo\OneDrive\Desktop\Mentora\server\node_modules\router\lib\layer.js:152:17)
    at C:\Users\Lenovo\OneDrive\Desktop\Mentora\server\node_modules\router\index.js:295:15
2025-11-12 14:33:30 [[31merror[39m] : TokenExpiredError: jwt expired
    at C:\Users\Lenovo\OneDrive\Desktop\Mentora\server\node_modules\jsonwebtoken\verify.js:190:21
    at getSecret (C:\Users\Lenovo\OneDrive\Desktop\Mentora\server\node_modules\jsonwebtoken\verify.js:97:14)
    at Object.module.exports [as verify] (C:\Users\Lenovo\OneDrive\Desktop\Mentora\server\node_modules\jsonwebtoken\verify.js:101:10)
    at ensureAuthenticated (C:\Users\Lenovo\OneDrive\Desktop\Mentora\server\src\middlewares\auth.ts:25:25)
    at Layer.handleRequest (C:\Users\Lenovo\OneDrive\Desktop\Mentora\server\node_modules\router\lib\layer.js:152:17)
    at next (C:\Users\Lenovo\OneDrive\Desktop\Mentora\server\node_modules\router\lib\route.js:157:13)
    at Route.dispatch (C:\Users\Lenovo\OneDrive\Desktop\Mentora\server\node_modules\router\lib\route.js:117:3)
    at handle (C:\Users\Lenovo\OneDrive\Desktop\Mentora\server\node_modules\router\index.js:435:11)
    at Layer.handleRequest (C:\Users\Lenovo\OneDrive\Desktop\Mentora\server\node_modules\router\lib\layer.js:152:17)
    at C:\Users\Lenovo\OneDrive\Desktop\Mentora\server\node_modules\router\index.js:295:15
2025-11-12 14:33:30 [[31merror[39m] : TokenExpiredError: jwt expired
    at C:\Users\Lenovo\OneDrive\Desktop\Mentora\server\node_modules\jsonwebtoken\verify.js:190:21
    at getSecret (C:\Users\Lenovo\OneDrive\Desktop\Mentora\server\node_modules\jsonwebtoken\verify.js:97:14)
    at Object.module.exports [as verify] (C:\Users\Lenovo\OneDrive\Desktop\Mentora\server\node_modules\jsonwebtoken\verify.js:101:10)
    at ensureAuthenticated (C:\Users\Lenovo\OneDrive\Desktop\Mentora\server\src\middlewares\auth.ts:25:25)
    at Layer.handleRequest (C:\Users\Lenovo\OneDrive\Desktop\Mentora\server\node_modules\router\lib\layer.js:152:17)
    at next (C:\Users\Lenovo\OneDrive\Desktop\Mentora\server\node_modules\router\lib\route.js:157:13)
    at Route.dispatch (C:\Users\Lenovo\OneDrive\Desktop\Mentora\server\node_modules\router\lib\route.js:117:3)
    at handle (C:\Users\Lenovo\OneDrive\Desktop\Mentora\server\node_modules\router\index.js:435:11)
    at Layer.handleRequest (C:\Users\Lenovo\OneDrive\Desktop\Mentora\server\node_modules\router\lib\layer.js:152:17)
    at C:\Users\Lenovo\OneDrive\Desktop\Mentora\server\node_modules\router\index.js:295:15
2025-11-12 14:33:32 [[31merror[39m] : TokenExpiredError: jwt expired
    at C:\Users\Lenovo\OneDrive\Desktop\Mentora\server\node_modules\jsonwebtoken\verify.js:190:21
    at getSecret (C:\Users\Lenovo\OneDrive\Desktop\Mentora\server\node_modules\jsonwebtoken\verify.js:97:14)
    at Object.module.exports [as verify] (C:\Users\Lenovo\OneDrive\Desktop\Mentora\server\node_modules\jsonwebtoken\verify.js:101:10)
    at ensureAuthenticated (C:\Users\Lenovo\OneDrive\Desktop\Mentora\server\src\middlewares\auth.ts:25:25)
    at Layer.handleRequest (C:\Users\Lenovo\OneDrive\Desktop\Mentora\server\node_modules\router\lib\layer.js:152:17)
    at next (C:\Users\Lenovo\OneDrive\Desktop\Mentora\server\node_modules\router\lib\route.js:157:13)
    at Route.dispatch (C:\Users\Lenovo\OneDrive\Desktop\Mentora\server\node_modules\router\lib\route.js:117:3)
    at handle (C:\Users\Lenovo\OneDrive\Desktop\Mentora\server\node_modules\router\index.js:435:11)
    at Layer.handleRequest (C:\Users\Lenovo\OneDrive\Desktop\Mentora\server\node_modules\router\lib\layer.js:152:17)
    at C:\Users\Lenovo\OneDrive\Desktop\Mentora\server\node_modules\router\index.js:295:15
2025-11-12 14:33:32 [[31merror[39m] : TokenExpiredError: jwt expired
    at C:\Users\Lenovo\OneDrive\Desktop\Mentora\server\node_modules\jsonwebtoken\verify.js:190:21
    at getSecret (C:\Users\Lenovo\OneDrive\Desktop\Mentora\server\node_modules\jsonwebtoken\verify.js:97:14)
    at Object.module.exports [as verify] (C:\Users\Lenovo\OneDrive\Desktop\Mentora\server\node_modules\jsonwebtoken\verify.js:101:10)
    at ensureAuthenticated (C:\Users\Lenovo\OneDrive\Desktop\Mentora\server\src\middlewares\auth.ts:25:25)
    at Layer.handleRequest (C:\Users\Lenovo\OneDrive\Desktop\Mentora\server\node_modules\router\lib\layer.js:152:17)
    at next (C:\Users\Lenovo\OneDrive\Desktop\Mentora\server\node_modules\router\lib\route.js:157:13)
    at Route.dispatch (C:\Users\Lenovo\OneDrive\Desktop\Mentora\server\node_modules\router\lib\route.js:117:3)
    at handle (C:\Users\Lenovo\OneDrive\Desktop\Mentora\server\node_modules\router\index.js:435:11)
    at Layer.handleRequest (C:\Users\Lenovo\OneDrive\Desktop\Mentora\server\node_modules\router\lib\layer.js:152:17)
    at C:\Users\Lenovo\OneDrive\Desktop\Mentora\server\node_modules\router\index.js:295:15
2025-11-12 14:33:35 [[32minfo[39m] : User logged out successfully
2025-11-12 14:38:13 [[32minfo[39m] : User logged out successfully
2025-11-12 14:38:51 [[32minfo[39m] : OTP for REGISTER: 136600 sent to demo11@gmail.com
2025-11-12 14:38:57 [[31merror[39m] : TypeError: this.authService.verifyOtpAndMarkVerified is not a function
    at AuthController.<anonymous> (C:\Users\Lenovo\OneDrive\Desktop\Mentora\server\src\controllers\authController.ts:135:45)
    at Generator.next (<anonymous>)
    at C:\Users\Lenovo\OneDrive\Desktop\Mentora\server\src\controllers\authController.ts:8:71
    at new Promise (<anonymous>)
    at __awaiter (C:\Users\Lenovo\OneDrive\Desktop\Mentora\server\src\controllers\authController.ts:4:12)
    at AuthController.verifyOtp (C:\Users\Lenovo\OneDrive\Desktop\Mentora\server\src\controllers\authController.ts:132:57)
    at Layer.handleRequest (C:\Users\Lenovo\OneDrive\Desktop\Mentora\server\node_modules\router\lib\layer.js:152:17)
    at next (C:\Users\Lenovo\OneDrive\Desktop\Mentora\server\node_modules\router\lib\route.js:157:13)
    at Route.dispatch (C:\Users\Lenovo\OneDrive\Desktop\Mentora\server\node_modules\router\lib\route.js:117:3)
    at handle (C:\Users\Lenovo\OneDrive\Desktop\Mentora\server\node_modules\router\index.js:435:11)
2025-11-12 14:39:46 [[32minfo[39m] : OTP for REGISTER: 797533 sent to user11@gmail.com
2025-11-12 14:39:54 [[31merror[39m] : TypeError: this.authService.verifyOtpAndMarkVerified is not a function
    at AuthController.<anonymous> (C:\Users\Lenovo\OneDrive\Desktop\Mentora\server\src\controllers\authController.ts:135:45)
    at Generator.next (<anonymous>)
    at C:\Users\Lenovo\OneDrive\Desktop\Mentora\server\src\controllers\authController.ts:8:71
    at new Promise (<anonymous>)
    at __awaiter (C:\Users\Lenovo\OneDrive\Desktop\Mentora\server\src\controllers\authController.ts:4:12)
    at AuthController.verifyOtp (C:\Users\Lenovo\OneDrive\Desktop\Mentora\server\src\controllers\authController.ts:132:57)
    at Layer.handleRequest (C:\Users\Lenovo\OneDrive\Desktop\Mentora\server\node_modules\router\lib\layer.js:152:17)
    at next (C:\Users\Lenovo\OneDrive\Desktop\Mentora\server\node_modules\router\lib\route.js:157:13)
    at Route.dispatch (C:\Users\Lenovo\OneDrive\Desktop\Mentora\server\node_modules\router\lib\route.js:117:3)
    at handle (C:\Users\Lenovo\OneDrive\Desktop\Mentora\server\node_modules\router\index.js:435:11)
2025-11-12 14:40:14 [[32minfo[39m] :  Server running on http://localhost:5000
2025-11-12 14:40:34 [[32minfo[39m] :  Server running on http://localhost:5000
2025-11-12 14:41:02 [[31merror[39m] : TypeError: this.sendEmail is not a function
    at AuthController.<anonymous> (C:\Users\Lenovo\OneDrive\Desktop\Mentora\server\src\controllers\authController.ts:44:16)
    at Generator.next (<anonymous>)
    at fulfilled (C:\Users\Lenovo\OneDrive\Desktop\Mentora\server\src\controllers\authController.ts:5:58)
    at processTicksAndRejections (node:internal/process/task_queues:95:5)
2025-11-12 14:41:12 [[32minfo[39m] :  Server running on http://localhost:5000
2025-11-12 14:41:37 [[31merror[39m] : TypeError: Cannot read properties of undefined (reading 'findUserByEmail')
    at AuthService.<anonymous> (C:\Users\Lenovo\OneDrive\Desktop\Mentora\server\src\services\authService.ts:18:42)
    at Generator.next (<anonymous>)
    at C:\Users\Lenovo\OneDrive\Desktop\Mentora\server\src\services\authService.ts:8:71
    at new Promise (<anonymous>)
    at __awaiter (C:\Users\Lenovo\OneDrive\Desktop\Mentora\server\src\services\authService.ts:4:12)
    at AuthService.registerUser (C:\Users\Lenovo\OneDrive\Desktop\Mentora\server\src\services\authService.ts:25:16)
    at AuthController.<anonymous> (C:\Users\Lenovo\OneDrive\Desktop\Mentora\server\src\controllers\authController.ts:41:41)
    at Generator.next (<anonymous>)
    at C:\Users\Lenovo\OneDrive\Desktop\Mentora\server\src\controllers\authController.ts:8:71
    at new Promise (<anonymous>)
2025-11-12 14:42:27 [[32minfo[39m] :  Server running on http://localhost:5000
2025-11-12 14:43:01 [[32minfo[39m] : OTP for REGISTER: 259728 sent to user0@gmail.com
2025-11-12 14:43:10 [[32minfo[39m] : OTP verified successfully for user0@gmail.com
2025-11-12 14:43:19 [[32minfo[39m] : User logged out successfully
2025-11-12 14:43:37 [[32minfo[39m] : User logged in: user0@gmail.com
2025-11-12 14:43:46 [[32minfo[39m] : User logged out successfully
2025-11-12 14:44:00 [[32minfo[39m] : User logged out successfully
2025-11-12 14:44:25 [[32minfo[39m] : OTP for FORGOT PASSWORD: 421811 sent to user0@gmail.com
2025-11-12 14:44:34 [[32minfo[39m] : OTP verified successfully for user0@gmail.com
2025-11-12 14:44:47 [[32minfo[39m] : Password reset successfully for user0@gmail.com
2025-11-12 14:45:03 [[32minfo[39m] : User logged in: user0@gmail.com
2025-11-12 15:35:16 [[32minfo[39m] :  Server running on http://localhost:5000
2025-11-12 15:35:22 [[32minfo[39m] :  Server running on http://localhost:5000
2025-11-12 15:35:31 [[32minfo[39m] :  Server running on http://localhost:5000
2025-11-12 17:35:05 [[31merror[39m] : TokenExpiredError: jwt expired
    at C:\Users\Lenovo\OneDrive\Desktop\Mentora\server\node_modules\jsonwebtoken\verify.js:190:21
    at getSecret (C:\Users\Lenovo\OneDrive\Desktop\Mentora\server\node_modules\jsonwebtoken\verify.js:97:14)
    at Object.module.exports [as verify] (C:\Users\Lenovo\OneDrive\Desktop\Mentora\server\node_modules\jsonwebtoken\verify.js:101:10)
    at ensureAuthenticated (C:\Users\Lenovo\OneDrive\Desktop\Mentora\server\src\middlewares\auth.ts:25:25)
    at Layer.handleRequest (C:\Users\Lenovo\OneDrive\Desktop\Mentora\server\node_modules\router\lib\layer.js:152:17)
    at next (C:\Users\Lenovo\OneDrive\Desktop\Mentora\server\node_modules\router\lib\route.js:157:13)
    at Route.dispatch (C:\Users\Lenovo\OneDrive\Desktop\Mentora\server\node_modules\router\lib\route.js:117:3)
    at handle (C:\Users\Lenovo\OneDrive\Desktop\Mentora\server\node_modules\router\index.js:435:11)
    at Layer.handleRequest (C:\Users\Lenovo\OneDrive\Desktop\Mentora\server\node_modules\router\lib\layer.js:152:17)
    at C:\Users\Lenovo\OneDrive\Desktop\Mentora\server\node_modules\router\index.js:295:15
2025-11-12 17:35:05 [[31merror[39m] : TokenExpiredError: jwt expired
    at C:\Users\Lenovo\OneDrive\Desktop\Mentora\server\node_modules\jsonwebtoken\verify.js:190:21
    at getSecret (C:\Users\Lenovo\OneDrive\Desktop\Mentora\server\node_modules\jsonwebtoken\verify.js:97:14)
    at Object.module.exports [as verify] (C:\Users\Lenovo\OneDrive\Desktop\Mentora\server\node_modules\jsonwebtoken\verify.js:101:10)
    at ensureAuthenticated (C:\Users\Lenovo\OneDrive\Desktop\Mentora\server\src\middlewares\auth.ts:25:25)
    at Layer.handleRequest (C:\Users\Lenovo\OneDrive\Desktop\Mentora\server\node_modules\router\lib\layer.js:152:17)
    at next (C:\Users\Lenovo\OneDrive\Desktop\Mentora\server\node_modules\router\lib\route.js:157:13)
    at Route.dispatch (C:\Users\Lenovo\OneDrive\Desktop\Mentora\server\node_modules\router\lib\route.js:117:3)
    at handle (C:\Users\Lenovo\OneDrive\Desktop\Mentora\server\node_modules\router\index.js:435:11)
    at Layer.handleRequest (C:\Users\Lenovo\OneDrive\Desktop\Mentora\server\node_modules\router\lib\layer.js:152:17)
    at C:\Users\Lenovo\OneDrive\Desktop\Mentora\server\node_modules\router\index.js:295:15
2025-11-12 17:38:20 [[32minfo[39m] :  Server running on http://localhost:5000
2025-11-12 17:38:42 [[32minfo[39m] :  Server running on http://localhost:5000
2025-11-12 17:38:55 [[32minfo[39m] :  Server running on http://localhost:5000
2025-11-12 17:39:23 [[32minfo[39m] :  Server running on http://localhost:5000
2025-11-12 17:39:48 [[31merror[39m] : TokenExpiredError: jwt expired
    at C:\Users\Lenovo\OneDrive\Desktop\Mentora\server\node_modules\jsonwebtoken\verify.js:190:21
    at getSecret (C:\Users\Lenovo\OneDrive\Desktop\Mentora\server\node_modules\jsonwebtoken\verify.js:97:14)
    at Object.module.exports [as verify] (C:\Users\Lenovo\OneDrive\Desktop\Mentora\server\node_modules\jsonwebtoken\verify.js:101:10)
    at ensureAuthenticated (C:\Users\Lenovo\OneDrive\Desktop\Mentora\server\src\middlewares\auth.ts:25:25)
    at Layer.handleRequest (C:\Users\Lenovo\OneDrive\Desktop\Mentora\server\node_modules\router\lib\layer.js:152:17)
    at next (C:\Users\Lenovo\OneDrive\Desktop\Mentora\server\node_modules\router\lib\route.js:157:13)
    at Route.dispatch (C:\Users\Lenovo\OneDrive\Desktop\Mentora\server\node_modules\router\lib\route.js:117:3)
    at handle (C:\Users\Lenovo\OneDrive\Desktop\Mentora\server\node_modules\router\index.js:435:11)
    at Layer.handleRequest (C:\Users\Lenovo\OneDrive\Desktop\Mentora\server\node_modules\router\lib\layer.js:152:17)
    at C:\Users\Lenovo\OneDrive\Desktop\Mentora\server\node_modules\router\index.js:295:15
2025-11-12 17:39:48 [[31merror[39m] : TokenExpiredError: jwt expired
    at C:\Users\Lenovo\OneDrive\Desktop\Mentora\server\node_modules\jsonwebtoken\verify.js:190:21
    at getSecret (C:\Users\Lenovo\OneDrive\Desktop\Mentora\server\node_modules\jsonwebtoken\verify.js:97:14)
    at Object.module.exports [as verify] (C:\Users\Lenovo\OneDrive\Desktop\Mentora\server\node_modules\jsonwebtoken\verify.js:101:10)
    at ensureAuthenticated (C:\Users\Lenovo\OneDrive\Desktop\Mentora\server\src\middlewares\auth.ts:25:25)
    at Layer.handleRequest (C:\Users\Lenovo\OneDrive\Desktop\Mentora\server\node_modules\router\lib\layer.js:152:17)
    at next (C:\Users\Lenovo\OneDrive\Desktop\Mentora\server\node_modules\router\lib\route.js:157:13)
    at Route.dispatch (C:\Users\Lenovo\OneDrive\Desktop\Mentora\server\node_modules\router\lib\route.js:117:3)
    at handle (C:\Users\Lenovo\OneDrive\Desktop\Mentora\server\node_modules\router\index.js:435:11)
    at Layer.handleRequest (C:\Users\Lenovo\OneDrive\Desktop\Mentora\server\node_modules\router\lib\layer.js:152:17)
    at C:\Users\Lenovo\OneDrive\Desktop\Mentora\server\node_modules\router\index.js:295:15
2025-11-12 17:39:56 [[32minfo[39m] : User logged out successfully
2025-11-12 17:40:01 [[32minfo[39m] : User logged out successfully
2025-11-12 17:40:10 [[32minfo[39m] : User logged in: jithinlal706@gmail.com
2025-11-12 17:40:21 [[31merror[39m] : ValidationError: User validation failed: gender: `` is not a valid enum value for path `gender`.
    at model.Document.invalidate (C:\Users\Lenovo\OneDrive\Desktop\Mentora\server\node_modules\mongoose\lib\document.js:3352:32)
    at C:\Users\Lenovo\OneDrive\Desktop\Mentora\server\node_modules\mongoose\lib\document.js:3113:17
    at C:\Users\Lenovo\OneDrive\Desktop\Mentora\server\node_modules\mongoose\lib\schemaType.js:1407:9
    at processTicksAndRejections (node:internal/process/task_queues:77:11)
2025-11-12 17:40:22 [[31merror[39m] : ValidationError: User validation failed: gender: `` is not a valid enum value for path `gender`.
    at model.Document.invalidate (C:\Users\Lenovo\OneDrive\Desktop\Mentora\server\node_modules\mongoose\lib\document.js:3352:32)
    at C:\Users\Lenovo\OneDrive\Desktop\Mentora\server\node_modules\mongoose\lib\document.js:3113:17
    at C:\Users\Lenovo\OneDrive\Desktop\Mentora\server\node_modules\mongoose\lib\schemaType.js:1407:9
    at processTicksAndRejections (node:internal/process/task_queues:77:11)
2025-11-12 17:40:27 [[31merror[39m] : ValidationError: User validation failed: gender: `` is not a valid enum value for path `gender`.
    at model.Document.invalidate (C:\Users\Lenovo\OneDrive\Desktop\Mentora\server\node_modules\mongoose\lib\document.js:3352:32)
    at C:\Users\Lenovo\OneDrive\Desktop\Mentora\server\node_modules\mongoose\lib\document.js:3113:17
    at C:\Users\Lenovo\OneDrive\Desktop\Mentora\server\node_modules\mongoose\lib\schemaType.js:1407:9
    at processTicksAndRejections (node:internal/process/task_queues:77:11)
2025-11-12 17:40:35 [[31merror[39m] : ValidationError: User validation failed: gender: `` is not a valid enum value for path `gender`.
    at model.Document.invalidate (C:\Users\Lenovo\OneDrive\Desktop\Mentora\server\node_modules\mongoose\lib\document.js:3352:32)
    at C:\Users\Lenovo\OneDrive\Desktop\Mentora\server\node_modules\mongoose\lib\document.js:3113:17
    at C:\Users\Lenovo\OneDrive\Desktop\Mentora\server\node_modules\mongoose\lib\schemaType.js:1407:9
    at processTicksAndRejections (node:internal/process/task_queues:77:11)
2025-11-12 17:40:36 [[31merror[39m] : ValidationError: User validation failed: gender: `` is not a valid enum value for path `gender`.
    at model.Document.invalidate (C:\Users\Lenovo\OneDrive\Desktop\Mentora\server\node_modules\mongoose\lib\document.js:3352:32)
    at C:\Users\Lenovo\OneDrive\Desktop\Mentora\server\node_modules\mongoose\lib\document.js:3113:17
    at C:\Users\Lenovo\OneDrive\Desktop\Mentora\server\node_modules\mongoose\lib\schemaType.js:1407:9
    at processTicksAndRejections (node:internal/process/task_queues:77:11)
2025-11-12 17:40:37 [[31merror[39m] : ValidationError: User validation failed: gender: `` is not a valid enum value for path `gender`.
    at model.Document.invalidate (C:\Users\Lenovo\OneDrive\Desktop\Mentora\server\node_modules\mongoose\lib\document.js:3352:32)
    at C:\Users\Lenovo\OneDrive\Desktop\Mentora\server\node_modules\mongoose\lib\document.js:3113:17
    at C:\Users\Lenovo\OneDrive\Desktop\Mentora\server\node_modules\mongoose\lib\schemaType.js:1407:9
    at processTicksAndRejections (node:internal/process/task_queues:77:11)
2025-11-12 17:40:37 [[31merror[39m] : ValidationError: User validation failed: gender: `` is not a valid enum value for path `gender`.
    at model.Document.invalidate (C:\Users\Lenovo\OneDrive\Desktop\Mentora\server\node_modules\mongoose\lib\document.js:3352:32)
    at C:\Users\Lenovo\OneDrive\Desktop\Mentora\server\node_modules\mongoose\lib\document.js:3113:17
    at C:\Users\Lenovo\OneDrive\Desktop\Mentora\server\node_modules\mongoose\lib\schemaType.js:1407:9
    at processTicksAndRejections (node:internal/process/task_queues:77:11)
2025-11-12 17:40:37 [[31merror[39m] : ValidationError: User validation failed: gender: `` is not a valid enum value for path `gender`.
    at model.Document.invalidate (C:\Users\Lenovo\OneDrive\Desktop\Mentora\server\node_modules\mongoose\lib\document.js:3352:32)
    at C:\Users\Lenovo\OneDrive\Desktop\Mentora\server\node_modules\mongoose\lib\document.js:3113:17
    at C:\Users\Lenovo\OneDrive\Desktop\Mentora\server\node_modules\mongoose\lib\schemaType.js:1407:9
    at processTicksAndRejections (node:internal/process/task_queues:77:11)
2025-11-12 17:40:37 [[31merror[39m] : ValidationError: User validation failed: gender: `` is not a valid enum value for path `gender`.
    at model.Document.invalidate (C:\Users\Lenovo\OneDrive\Desktop\Mentora\server\node_modules\mongoose\lib\document.js:3352:32)
    at C:\Users\Lenovo\OneDrive\Desktop\Mentora\server\node_modules\mongoose\lib\document.js:3113:17
    at C:\Users\Lenovo\OneDrive\Desktop\Mentora\server\node_modules\mongoose\lib\schemaType.js:1407:9
    at processTicksAndRejections (node:internal/process/task_queues:77:11)
2025-11-12 17:40:37 [[31merror[39m] : ValidationError: User validation failed: gender: `` is not a valid enum value for path `gender`.
    at model.Document.invalidate (C:\Users\Lenovo\OneDrive\Desktop\Mentora\server\node_modules\mongoose\lib\document.js:3352:32)
    at C:\Users\Lenovo\OneDrive\Desktop\Mentora\server\node_modules\mongoose\lib\document.js:3113:17
    at C:\Users\Lenovo\OneDrive\Desktop\Mentora\server\node_modules\mongoose\lib\schemaType.js:1407:9
    at processTicksAndRejections (node:internal/process/task_queues:77:11)
2025-11-12 17:40:37 [[31merror[39m] : ValidationError: User validation failed: gender: `` is not a valid enum value for path `gender`.
    at model.Document.invalidate (C:\Users\Lenovo\OneDrive\Desktop\Mentora\server\node_modules\mongoose\lib\document.js:3352:32)
    at C:\Users\Lenovo\OneDrive\Desktop\Mentora\server\node_modules\mongoose\lib\document.js:3113:17
    at C:\Users\Lenovo\OneDrive\Desktop\Mentora\server\node_modules\mongoose\lib\schemaType.js:1407:9
    at processTicksAndRejections (node:internal/process/task_queues:77:11)
2025-11-12 17:41:28 [[32minfo[39m] : OTP for REGISTER: 110208 sent to user122@gmail.com
2025-11-12 17:41:35 [[32minfo[39m] : OTP verified successfully for user122@gmail.com
2025-11-12 17:41:42 [[32minfo[39m] : User logged out successfully
2025-11-12 17:41:53 [[31merror[39m] : Error: Wrong password
    at AuthService.<anonymous> (C:\Users\Lenovo\OneDrive\Desktop\Mentora\server\src\services\authService.ts:37:23)
    at Generator.next (<anonymous>)
    at fulfilled (C:\Users\Lenovo\OneDrive\Desktop\Mentora\server\src\services\authService.ts:5:58)
2025-11-12 17:41:55 [[32minfo[39m] : User logged in: user122@gmail.com
2025-11-12 17:42:10 [[32minfo[39m] : User logged in: jithinlal706@gmail.com
2025-11-12 17:42:20 [[31merror[39m] : ValidationError: User validation failed: gender: `` is not a valid enum value for path `gender`.
    at model.Document.invalidate (C:\Users\Lenovo\OneDrive\Desktop\Mentora\server\node_modules\mongoose\lib\document.js:3352:32)
    at C:\Users\Lenovo\OneDrive\Desktop\Mentora\server\node_modules\mongoose\lib\document.js:3113:17
    at C:\Users\Lenovo\OneDrive\Desktop\Mentora\server\node_modules\mongoose\lib\schemaType.js:1407:9
    at processTicksAndRejections (node:internal/process/task_queues:77:11)
2025-11-12 17:42:21 [[31merror[39m] : ValidationError: User validation failed: gender: `` is not a valid enum value for path `gender`.
    at model.Document.invalidate (C:\Users\Lenovo\OneDrive\Desktop\Mentora\server\node_modules\mongoose\lib\document.js:3352:32)
    at C:\Users\Lenovo\OneDrive\Desktop\Mentora\server\node_modules\mongoose\lib\document.js:3113:17
    at C:\Users\Lenovo\OneDrive\Desktop\Mentora\server\node_modules\mongoose\lib\schemaType.js:1407:9
    at processTicksAndRejections (node:internal/process/task_queues:77:11)
2025-11-12 17:42:28 [[31merror[39m] : ValidationError: User validation failed: gender: `` is not a valid enum value for path `gender`.
    at model.Document.invalidate (C:\Users\Lenovo\OneDrive\Desktop\Mentora\server\node_modules\mongoose\lib\document.js:3352:32)
    at C:\Users\Lenovo\OneDrive\Desktop\Mentora\server\node_modules\mongoose\lib\document.js:3113:17
    at C:\Users\Lenovo\OneDrive\Desktop\Mentora\server\node_modules\mongoose\lib\schemaType.js:1407:9
    at processTicksAndRejections (node:internal/process/task_queues:77:11)
2025-11-12 17:43:49 [[31merror[39m] : ValidationError: User validation failed: gender: `` is not a valid enum value for path `gender`.
    at model.Document.invalidate (C:\Users\Lenovo\OneDrive\Desktop\Mentora\server\node_modules\mongoose\lib\document.js:3352:32)
    at C:\Users\Lenovo\OneDrive\Desktop\Mentora\server\node_modules\mongoose\lib\document.js:3113:17
    at C:\Users\Lenovo\OneDrive\Desktop\Mentora\server\node_modules\mongoose\lib\schemaType.js:1407:9
    at processTicksAndRejections (node:internal/process/task_queues:77:11)
2025-11-12 17:43:49 [[31merror[39m] : ValidationError: User validation failed: gender: `` is not a valid enum value for path `gender`.
    at model.Document.invalidate (C:\Users\Lenovo\OneDrive\Desktop\Mentora\server\node_modules\mongoose\lib\document.js:3352:32)
    at C:\Users\Lenovo\OneDrive\Desktop\Mentora\server\node_modules\mongoose\lib\document.js:3113:17
    at C:\Users\Lenovo\OneDrive\Desktop\Mentora\server\node_modules\mongoose\lib\schemaType.js:1407:9
    at processTicksAndRejections (node:internal/process/task_queues:77:11)
2025-11-12 17:43:50 [[31merror[39m] : ValidationError: User validation failed: gender: `` is not a valid enum value for path `gender`.
    at model.Document.invalidate (C:\Users\Lenovo\OneDrive\Desktop\Mentora\server\node_modules\mongoose\lib\document.js:3352:32)
    at C:\Users\Lenovo\OneDrive\Desktop\Mentora\server\node_modules\mongoose\lib\document.js:3113:17
    at C:\Users\Lenovo\OneDrive\Desktop\Mentora\server\node_modules\mongoose\lib\schemaType.js:1407:9
    at processTicksAndRejections (node:internal/process/task_queues:77:11)
2025-11-12 17:43:50 [[31merror[39m] : ValidationError: User validation failed: gender: `` is not a valid enum value for path `gender`.
    at model.Document.invalidate (C:\Users\Lenovo\OneDrive\Desktop\Mentora\server\node_modules\mongoose\lib\document.js:3352:32)
    at C:\Users\Lenovo\OneDrive\Desktop\Mentora\server\node_modules\mongoose\lib\document.js:3113:17
    at C:\Users\Lenovo\OneDrive\Desktop\Mentora\server\node_modules\mongoose\lib\schemaType.js:1407:9
    at processTicksAndRejections (node:internal/process/task_queues:77:11)
2025-11-12 17:43:50 [[31merror[39m] : ValidationError: User validation failed: gender: `` is not a valid enum value for path `gender`.
    at model.Document.invalidate (C:\Users\Lenovo\OneDrive\Desktop\Mentora\server\node_modules\mongoose\lib\document.js:3352:32)
    at C:\Users\Lenovo\OneDrive\Desktop\Mentora\server\node_modules\mongoose\lib\document.js:3113:17
    at C:\Users\Lenovo\OneDrive\Desktop\Mentora\server\node_modules\mongoose\lib\schemaType.js:1407:9
    at processTicksAndRejections (node:internal/process/task_queues:77:11)
2025-11-12 17:43:50 [[31merror[39m] : ValidationError: User validation failed: gender: `` is not a valid enum value for path `gender`.
    at model.Document.invalidate (C:\Users\Lenovo\OneDrive\Desktop\Mentora\server\node_modules\mongoose\lib\document.js:3352:32)
    at C:\Users\Lenovo\OneDrive\Desktop\Mentora\server\node_modules\mongoose\lib\document.js:3113:17
    at C:\Users\Lenovo\OneDrive\Desktop\Mentora\server\node_modules\mongoose\lib\schemaType.js:1407:9
    at processTicksAndRejections (node:internal/process/task_queues:77:11)
2025-11-12 17:43:50 [[31merror[39m] : ValidationError: User validation failed: gender: `` is not a valid enum value for path `gender`.
    at model.Document.invalidate (C:\Users\Lenovo\OneDrive\Desktop\Mentora\server\node_modules\mongoose\lib\document.js:3352:32)
    at C:\Users\Lenovo\OneDrive\Desktop\Mentora\server\node_modules\mongoose\lib\document.js:3113:17
    at C:\Users\Lenovo\OneDrive\Desktop\Mentora\server\node_modules\mongoose\lib\schemaType.js:1407:9
    at processTicksAndRejections (node:internal/process/task_queues:77:11)
2025-11-12 17:48:10 [[32minfo[39m] :  Server running on http://localhost:5000
2025-11-12 17:48:16 [[32minfo[39m] :  Server running on http://localhost:5000
2025-11-12 17:48:28 [[32minfo[39m] :  Server running on http://localhost:5000
2025-11-12 17:48:35 [[32minfo[39m] :  Server running on http://localhost:5000
2025-11-12 17:49:49 [[32minfo[39m] :  Server running on http://localhost:5000
2025-11-12 17:50:32 [[31merror[39m] : ValidationError: User validation failed: gender: `` is not a valid enum value for path `gender`.
    at model.Document.invalidate (C:\Users\Lenovo\OneDrive\Desktop\Mentora\server\node_modules\mongoose\lib\document.js:3352:32)
    at C:\Users\Lenovo\OneDrive\Desktop\Mentora\server\node_modules\mongoose\lib\document.js:3113:17
    at C:\Users\Lenovo\OneDrive\Desktop\Mentora\server\node_modules\mongoose\lib\schemaType.js:1407:9
    at processTicksAndRejections (node:internal/process/task_queues:77:11)
2025-11-12 17:53:54 [[32minfo[39m] :  Server running on http://localhost:5000
2025-11-12 17:59:31 [[32minfo[39m] :  Server running on http://localhost:5000
2025-11-12 18:07:51 [[31merror[39m] : TokenExpiredError: jwt expired
    at C:\Users\Lenovo\OneDrive\Desktop\Mentora\server\node_modules\jsonwebtoken\verify.js:190:21
    at getSecret (C:\Users\Lenovo\OneDrive\Desktop\Mentora\server\node_modules\jsonwebtoken\verify.js:97:14)
    at Object.module.exports [as verify] (C:\Users\Lenovo\OneDrive\Desktop\Mentora\server\node_modules\jsonwebtoken\verify.js:101:10)
    at ensureAuthenticated (C:\Users\Lenovo\OneDrive\Desktop\Mentora\server\src\middlewares\auth.ts:25:25)
    at Layer.handleRequest (C:\Users\Lenovo\OneDrive\Desktop\Mentora\server\node_modules\router\lib\layer.js:152:17)
    at next (C:\Users\Lenovo\OneDrive\Desktop\Mentora\server\node_modules\router\lib\route.js:157:13)
    at Route.dispatch (C:\Users\Lenovo\OneDrive\Desktop\Mentora\server\node_modules\router\lib\route.js:117:3)
    at handle (C:\Users\Lenovo\OneDrive\Desktop\Mentora\server\node_modules\router\index.js:435:11)
    at Layer.handleRequest (C:\Users\Lenovo\OneDrive\Desktop\Mentora\server\node_modules\router\lib\layer.js:152:17)
    at C:\Users\Lenovo\OneDrive\Desktop\Mentora\server\node_modules\router\index.js:295:15
2025-11-12 18:07:54 [[31merror[39m] : TokenExpiredError: jwt expired
    at C:\Users\Lenovo\OneDrive\Desktop\Mentora\server\node_modules\jsonwebtoken\verify.js:190:21
    at getSecret (C:\Users\Lenovo\OneDrive\Desktop\Mentora\server\node_modules\jsonwebtoken\verify.js:97:14)
    at Object.module.exports [as verify] (C:\Users\Lenovo\OneDrive\Desktop\Mentora\server\node_modules\jsonwebtoken\verify.js:101:10)
    at ensureAuthenticated (C:\Users\Lenovo\OneDrive\Desktop\Mentora\server\src\middlewares\auth.ts:25:25)
    at Layer.handleRequest (C:\Users\Lenovo\OneDrive\Desktop\Mentora\server\node_modules\router\lib\layer.js:152:17)
    at next (C:\Users\Lenovo\OneDrive\Desktop\Mentora\server\node_modules\router\lib\route.js:157:13)
    at Route.dispatch (C:\Users\Lenovo\OneDrive\Desktop\Mentora\server\node_modules\router\lib\route.js:117:3)
    at handle (C:\Users\Lenovo\OneDrive\Desktop\Mentora\server\node_modules\router\index.js:435:11)
    at Layer.handleRequest (C:\Users\Lenovo\OneDrive\Desktop\Mentora\server\node_modules\router\lib\layer.js:152:17)
    at C:\Users\Lenovo\OneDrive\Desktop\Mentora\server\node_modules\router\index.js:295:15
2025-11-12 18:22:40 [[32minfo[39m] :  Server running on http://localhost:5000
2025-11-12 18:23:14 [[32minfo[39m] : User logged in: jithinlal706@gmail.com
2025-11-12 18:23:20 [[31merror[39m] : ValidationError: User validation failed: gender: `` is not a valid enum value for path `gender`.
    at model.Document.invalidate (C:\Users\Lenovo\OneDrive\Desktop\Mentora\server\node_modules\mongoose\lib\document.js:3352:32)
    at C:\Users\Lenovo\OneDrive\Desktop\Mentora\server\node_modules\mongoose\lib\document.js:3113:17
    at C:\Users\Lenovo\OneDrive\Desktop\Mentora\server\node_modules\mongoose\lib\schemaType.js:1407:9
    at processTicksAndRejections (node:internal/process/task_queues:77:11)
2025-11-13 10:01:00 [[33mwarn[39m] : Access token expired
2025-11-13 10:01:02 [[33mwarn[39m] : Access token expired
2025-11-13 13:43:20 [[32minfo[39m] : User logged in: jithinlal706@gmail.com
2025-11-13 13:43:45 [[32minfo[39m] : User logged in: user2@gmail.com
2025-11-13 14:11:42 [[33mwarn[39m] : Access token expired
2025-11-13 14:11:42 [[33mwarn[39m] : Access token expired
2025-11-13 14:12:25 [[33mwarn[39m] : Access token expired
2025-11-13 14:12:25 [[33mwarn[39m] : Access token expired
2025-11-13 14:12:26 [[33mwarn[39m] : Access token expired
2025-11-13 14:12:26 [[33mwarn[39m] : Access token expired
2025-11-13 14:12:42 [[33mwarn[39m] : Access token expired
2025-11-13 14:15:23 [[32minfo[39m] : User logged in: jithinlal706@gmail.com
2025-11-13 14:46:18 [[32minfo[39m] :  Server running on http://localhost:5000
2025-11-13 14:46:40 [[32minfo[39m] :  Server running on http://localhost:5000
2025-11-13 14:54:13 [[32minfo[39m] :  Server running on http://localhost:5000
2025-11-13 14:54:46 [[32minfo[39m] :  Server running on http://localhost:5000
2025-11-13 14:55:01 [[32minfo[39m] :  Server running on http://localhost:5000
2025-11-13 14:55:20 [[32minfo[39m] :  Server running on http://localhost:5000
2025-11-13 14:55:27 [[32minfo[39m] :  Server running on http://localhost:5000
2025-11-13 14:55:34 [[32minfo[39m] :  Server running on http://localhost:5000
2025-11-13 14:56:01 [[32minfo[39m] :  Server running on http://localhost:5000
2025-11-13 15:01:37 [[32minfo[39m] :  Server running on http://localhost:5000
2025-11-13 15:22:42 [[31merror[39m] : Error: User not found
    at AuthService.<anonymous> (C:\Users\Lenovo\OneDrive\Desktop\Mentora\server\src\services\authService.ts:32:22)
    at Generator.next (<anonymous>)
    at fulfilled (C:\Users\Lenovo\OneDrive\Desktop\Mentora\server\src\services\authService.ts:5:58)
    at processTicksAndRejections (node:internal/process/task_queues:95:5)
2025-11-13 15:23:42 [[32minfo[39m] :  Server running on http://localhost:5000
2025-11-13 15:26:17 [[32minfo[39m] :  Server running on http://localhost:5000
2025-11-13 15:26:26 [[33mwarn[39m] : Access token expired
2025-11-13 15:26:26 [[33mwarn[39m] : Access token expired
2025-11-13 15:27:37 [[33mwarn[39m] : Access token expired
2025-11-13 15:27:37 [[33mwarn[39m] : Access token expired
2025-11-13 15:27:39 [[33mwarn[39m] : Access token expired
2025-11-13 15:27:39 [[33mwarn[39m] : Access token expired
2025-11-13 15:31:41 [[33mwarn[39m] : Access token expired
2025-11-13 15:31:41 [[33mwarn[39m] : Access token expired
2025-11-13 15:35:33 [[33mwarn[39m] : Access token expired
2025-11-13 15:35:33 [[33mwarn[39m] : Access token expired
2025-11-13 15:36:14 [[33mwarn[39m] : Access token expired
2025-11-13 15:36:14 [[33mwarn[39m] : Access token expired
2025-11-13 15:38:15 [[33mwarn[39m] : Access token expired
2025-11-13 15:38:15 [[33mwarn[39m] : Access token expired
2025-11-13 15:41:14 [[32minfo[39m] :  Server running on http://localhost:5000
2025-11-13 15:41:22 [[32minfo[39m] :  Server running on http://localhost:5000
2025-11-13 15:44:07 [[33mwarn[39m] : Access token expired
2025-11-13 15:44:08 [[33mwarn[39m] : Access token expired
2025-11-13 15:45:53 [[33mwarn[39m] : Access token expired
2025-11-13 15:45:53 [[33mwarn[39m] : Access token expired
2025-11-13 15:46:30 [[33mwarn[39m] : Access token expired
2025-11-13 15:46:30 [[33mwarn[39m] : Access token expired
2025-11-13 15:46:36 [[33mwarn[39m] : Access token expired
2025-11-13 15:46:36 [[33mwarn[39m] : Access token expired
2025-11-13 15:46:37 [[33mwarn[39m] : Access token expired
2025-11-13 15:46:37 [[33mwarn[39m] : Access token expired
2025-11-13 15:47:06 [[33mwarn[39m] : Access token expired
2025-11-13 15:47:06 [[33mwarn[39m] : Access token expired
2025-11-13 15:47:10 [[33mwarn[39m] : Access token expired
2025-11-13 15:47:10 [[33mwarn[39m] : Access token expired
2025-11-13 15:52:51 [[33mwarn[39m] : Access token expired
2025-11-13 15:52:51 [[33mwarn[39m] : Access token expired
2025-11-13 16:00:03 [[32minfo[39m] :  Server running on http://localhost:5000
2025-11-13 16:01:49 [[32minfo[39m] :  Server running on http://localhost:5000
2025-11-13 16:03:46 [[32minfo[39m] :  Server running on http://localhost:5000
2025-11-13 16:03:54 [[33mwarn[39m] : Access token expired
2025-11-13 16:03:54 [[33mwarn[39m] : Access token expired
2025-11-13 16:08:48 [[33mwarn[39m] : Access token expired
2025-11-13 16:08:48 [[33mwarn[39m] : Access token expired
2025-11-13 16:13:45 [[32minfo[39m] :  Server running on http://localhost:5000
2025-11-13 16:13:56 [[32minfo[39m] :  Server running on http://localhost:5000
2025-11-13 16:14:08 [[33mwarn[39m] : Access token expired
2025-11-13 16:14:08 [[33mwarn[39m] : Access token expired
2025-11-13 16:14:59 [[32minfo[39m] :  Server running on http://localhost:5000
2025-11-13 16:17:27 [[32minfo[39m] :  Server running on http://localhost:5000
2025-11-13 16:17:29 [[33mwarn[39m] : Access token expired
2025-11-13 16:17:30 [[33mwarn[39m] : Access token expired
2025-11-13 16:43:11 [[32minfo[39m] :  Server running on http://localhost:5000
2025-11-13 16:48:01 [[33mwarn[39m] : Access token expired
2025-11-13 16:48:01 [[33mwarn[39m] : Access token expired
2025-11-13 16:48:09 [[33mwarn[39m] : Access token expired
2025-11-13 16:48:09 [[33mwarn[39m] : Access token expired
2025-11-13 16:48:36 [[33mwarn[39m] : Access token expired
2025-11-13 16:48:36 [[33mwarn[39m] : Access token expired
2025-11-13 16:48:41 [[33mwarn[39m] : Access token expired
2025-11-13 16:48:41 [[33mwarn[39m] : Access token expired
2025-11-13 16:48:44 [[33mwarn[39m] : Access token expired
2025-11-13 16:48:44 [[33mwarn[39m] : Access token expired
2025-11-13 16:49:03 [[33mwarn[39m] : Access token expired
2025-11-13 16:49:03 [[33mwarn[39m] : Access token expired
2025-11-13 16:49:10 [[33mwarn[39m] : Access token expired
2025-11-13 16:49:10 [[33mwarn[39m] : Access token expired
2025-11-13 16:49:19 [[33mwarn[39m] : Access token expired
2025-11-13 16:49:19 [[33mwarn[39m] : Access token expired
2025-11-13 16:49:47 [[33mwarn[39m] : Access token expired
2025-11-13 16:49:47 [[33mwarn[39m] : Access token expired
2025-11-13 16:51:07 [[33mwarn[39m] : Access token expired
2025-11-13 16:51:07 [[33mwarn[39m] : Access token expired
2025-11-13 16:51:18 [[33mwarn[39m] : Access token expired
2025-11-13 16:51:18 [[33mwarn[39m] : Access token expired
2025-11-13 16:51:23 [[32minfo[39m] : User logged out successfully
2025-11-13 16:51:48 [[31merror[39m] : Error: User not found
    at AuthService.<anonymous> (C:\Users\Lenovo\OneDrive\Desktop\Mentora\server\src\services\authService.ts:32:22)
    at Generator.next (<anonymous>)
    at fulfilled (C:\Users\Lenovo\OneDrive\Desktop\Mentora\server\src\services\authService.ts:5:58)
    at processTicksAndRejections (node:internal/process/task_queues:95:5)
2025-11-13 16:52:25 [[31merror[39m] : Error: Wrong password
    at AuthService.<anonymous> (C:\Users\Lenovo\OneDrive\Desktop\Mentora\server\src\services\authService.ts:37:23)
    at Generator.next (<anonymous>)
    at fulfilled (C:\Users\Lenovo\OneDrive\Desktop\Mentora\server\src\services\authService.ts:5:58)
2025-11-13 16:52:34 [[31merror[39m] : Error: Wrong password
    at AuthService.<anonymous> (C:\Users\Lenovo\OneDrive\Desktop\Mentora\server\src\services\authService.ts:37:23)
    at Generator.next (<anonymous>)
    at fulfilled (C:\Users\Lenovo\OneDrive\Desktop\Mentora\server\src\services\authService.ts:5:58)
2025-11-13 16:52:38 [[32minfo[39m] : User logged in: demo123@gmail.com
2025-11-13 17:00:05 [[32minfo[39m] :  Server running on http://localhost:5000
2025-11-13 17:00:16 [[32minfo[39m] :  Server running on http://localhost:5000
2025-11-13 17:00:23 [[32minfo[39m] :  Server running on http://localhost:5000
2025-11-13 17:06:21 [[32minfo[39m] :  Server running on http://localhost:5000
2025-11-13 17:23:29 [[33mwarn[39m] : Access token expired
2025-11-13 17:23:30 [[33mwarn[39m] : Access token expired
2025-11-13 17:27:10 [[33mwarn[39m] : Access token expired
2025-11-13 17:27:10 [[33mwarn[39m] : Access token expired
2025-11-13 17:27:20 [[33mwarn[39m] : Access token expired
2025-11-13 17:27:20 [[33mwarn[39m] : Access token expired
2025-11-13 17:27:30 [[32minfo[39m] : User logged out successfully
2025-11-13 17:27:55 [[31merror[39m] : Error: Wrong password
    at AuthService.<anonymous> (C:\Users\Lenovo\OneDrive\Desktop\Mentora\server\src\services\authService.ts:37:23)
    at Generator.next (<anonymous>)
    at fulfilled (C:\Users\Lenovo\OneDrive\Desktop\Mentora\server\src\services\authService.ts:5:58)
2025-11-13 17:27:58 [[32minfo[39m] : User logged in: user0@gmail.com
2025-11-13 17:48:23 [[33mwarn[39m] : Access token expired
2025-11-13 17:48:23 [[33mwarn[39m] : Access token expired
2025-11-13 17:49:12 [[33mwarn[39m] : Access token expired
2025-11-13 17:49:12 [[33mwarn[39m] : Access token expired
2025-11-13 17:49:19 [[33mwarn[39m] : Access token expired
2025-11-13 17:49:19 [[33mwarn[39m] : Access token expired
2025-11-13 17:49:22 [[32minfo[39m] : User logged out successfully
2025-11-13 17:49:37 [[32minfo[39m] : User logged in: user0@gmail.com
2025-11-13 18:07:57 [[33mwarn[39m] : Access token expired
2025-11-13 18:07:57 [[33mwarn[39m] : Access token expired
2025-11-13 18:08:04 [[32minfo[39m] : User logged out successfully
2025-11-13 18:08:15 [[32minfo[39m] : User logged in: user0@gmail.com
2025-11-14 10:18:51 [[33mwarn[39m] : Access token expired
2025-11-14 10:18:51 [[33mwarn[39m] : Access token expired
2025-11-14 10:18:58 [[33mwarn[39m] : Access token expired
2025-11-14 10:18:58 [[33mwarn[39m] : Access token expired
2025-11-14 11:31:49 [[32minfo[39m] :  Server running on http://localhost:5000
2025-11-14 11:32:07 [[32minfo[39m] :  Server running on http://localhost:5000
2025-11-14 14:21:05 [[32minfo[39m] : User logged out successfully
2025-11-14 14:21:28 [[32minfo[39m] : User logged in: user0@gmail.com
2025-11-14 15:24:31 [[32minfo[39m] :  Server running on http://localhost:5000
2025-11-14 15:25:16 [[33mwarn[39m] : Access token expired
2025-11-14 15:25:17 [[33mwarn[39m] : Access token expired
2025-11-14 15:25:27 [[33mwarn[39m] : Access token expired
2025-11-14 15:25:27 [[33mwarn[39m] : Access token expired
2025-11-14 15:25:30 [[33mwarn[39m] : Access token expired
2025-11-14 15:25:30 [[33mwarn[39m] : Access token expired
2025-11-14 15:25:41 [[33mwarn[39m] : Access token expired
2025-11-14 15:25:41 [[33mwarn[39m] : Access token expired
2025-11-14 15:25:44 [[33mwarn[39m] : Access token expired
2025-11-14 15:25:44 [[33mwarn[39m] : Access token expired
2025-11-14 15:25:51 [[33mwarn[39m] : Access token expired
2025-11-14 15:25:51 [[33mwarn[39m] : Access token expired
2025-11-14 15:26:53 [[33mwarn[39m] : Access token expired
2025-11-14 15:26:53 [[33mwarn[39m] : Access token expired
2025-11-14 15:27:02 [[33mwarn[39m] : Access token expired
2025-11-14 15:27:02 [[33mwarn[39m] : Access token expired
2025-11-14 15:27:03 [[33mwarn[39m] : Access token expired
2025-11-14 15:27:03 [[33mwarn[39m] : Access token expired
2025-11-14 15:29:12 [[33mwarn[39m] : Access token expired
2025-11-14 15:29:12 [[33mwarn[39m] : Access token expired
2025-11-14 15:29:17 [[33mwarn[39m] : Access token expired
2025-11-14 15:29:17 [[33mwarn[39m] : Access token expired
2025-11-14 15:42:10 [[33mwarn[39m] : Access token expired
2025-11-14 15:42:10 [[33mwarn[39m] : Access token expired
2025-11-14 15:42:12 [[33mwarn[39m] : Access token expired
2025-11-14 15:42:12 [[33mwarn[39m] : Access token expired
2025-11-14 15:42:22 [[33mwarn[39m] : Access token expired
2025-11-14 15:42:22 [[33mwarn[39m] : Access token expired
2025-11-14 15:42:25 [[33mwarn[39m] : Access token expired
2025-11-14 15:42:25 [[33mwarn[39m] : Access token expired
2025-11-14 15:42:38 [[33mwarn[39m] : Access token expired
2025-11-14 15:42:38 [[33mwarn[39m] : Access token expired
2025-11-14 15:42:49 [[33mwarn[39m] : Access token expired
2025-11-14 15:42:49 [[33mwarn[39m] : Access token expired
2025-11-14 16:40:04 [[32minfo[39m] : User logged out successfully
2025-11-14 16:40:15 [[31merror[39m] : Error: Wrong password
    at AuthService.<anonymous> (C:\Users\Lenovo\OneDrive\Desktop\Mentora\server\src\services\authService.ts:37:23)
    at Generator.next (<anonymous>)
    at fulfilled (C:\Users\Lenovo\OneDrive\Desktop\Mentora\server\src\services\authService.ts:5:58)
2025-11-14 16:40:17 [[31merror[39m] : Error: Wrong password
    at AuthService.<anonymous> (C:\Users\Lenovo\OneDrive\Desktop\Mentora\server\src\services\authService.ts:37:23)
    at Generator.next (<anonymous>)
    at fulfilled (C:\Users\Lenovo\OneDrive\Desktop\Mentora\server\src\services\authService.ts:5:58)
2025-11-14 16:40:25 [[32minfo[39m] : User logged in: user0@gmail.com
2025-11-14 16:51:15 [[32minfo[39m] :  Server running on http://localhost:5000
2025-11-14 16:51:30 [[32minfo[39m] :  Server running on http://localhost:5000
2025-11-14 16:55:56 [[33mwarn[39m] : Access token expired
2025-11-14 16:55:56 [[33mwarn[39m] : Access token expired
2025-11-14 16:56:13 [[32minfo[39m] :  Server running on http://localhost:5000
2025-11-14 16:59:37 [[32minfo[39m] :  Server running on http://localhost:5000
2025-11-14 17:01:15 [[32minfo[39m] :  Server running on http://localhost:5000
2025-11-14 17:05:08 [[32minfo[39m] :  Server running on http://localhost:5000
2025-11-14 17:05:48 [[32minfo[39m] :  Server running on http://localhost:5000
2025-11-14 17:05:55 [[32minfo[39m] :  Server running on http://localhost:5000
2025-11-14 17:09:06 [[32minfo[39m] :  Server running on http://localhost:5000
2025-11-14 17:09:52 [[32minfo[39m] :  Server running on http://localhost:5000
2025-11-14 17:09:59 [[32minfo[39m] : User logged out successfully
2025-11-14 17:10:11 [[31merror[39m] : Error: Wrong password
    at AuthService.<anonymous> (C:\Users\Lenovo\OneDrive\Desktop\Mentora\server\src\services\authService.ts:37:23)
    at Generator.next (<anonymous>)
    at fulfilled (C:\Users\Lenovo\OneDrive\Desktop\Mentora\server\src\services\authService.ts:5:58)
2025-11-14 17:10:16 [[32minfo[39m] : User logged in: user0@gmail.com
2025-11-15 12:20:05 [[33mwarn[39m] : Access token expired
2025-11-15 12:20:05 [[33mwarn[39m] : Access token expired
2025-11-15 12:20:11 [[33mwarn[39m] : Access token expired
2025-11-15 12:20:11 [[33mwarn[39m] : Access token expired
2025-11-15 12:20:18 [[32minfo[39m] : User logged out successfully
2025-11-15 12:20:33 [[31merror[39m] : Error: Wrong password
    at AuthService.<anonymous> (C:\Users\Lenovo\OneDrive\Desktop\Mentora\server\src\services\authService.ts:37:23)
    at Generator.next (<anonymous>)
    at fulfilled (C:\Users\Lenovo\OneDrive\Desktop\Mentora\server\src\services\authService.ts:5:58)
2025-11-15 12:20:34 [[32minfo[39m] : User logged in: user0@gmail.com
2025-11-15 12:55:09 [[33mwarn[39m] : Access token expired
2025-11-15 12:55:10 [[33mwarn[39m] : Access token expired
2025-11-15 12:55:14 [[33mwarn[39m] : Access token expired
2025-11-15 12:55:14 [[33mwarn[39m] : Access token expired
2025-11-15 12:55:34 [[33mwarn[39m] : Access token expired
2025-11-15 12:55:34 [[33mwarn[39m] : Access token expired
2025-11-15 12:55:42 [[33mwarn[39m] : Access token expired
2025-11-15 12:55:42 [[33mwarn[39m] : Access token expired
2025-11-15 12:55:45 [[33mwarn[39m] : Access token expired
2025-11-15 12:55:45 [[33mwarn[39m] : Access token expired
2025-11-15 14:38:12 [[33mwarn[39m] : Access token expired
2025-11-15 14:38:12 [[33mwarn[39m] : Access token expired
2025-11-15 14:38:16 [[32minfo[39m] : User logged out successfully
2025-11-15 14:38:29 [[32minfo[39m] : User logged in: user0@gmail.com
2025-11-15 14:46:59 [[32minfo[39m] :  Server running on http://localhost:5000
2025-11-15 14:47:41 [[32minfo[39m] :  Server running on http://localhost:5000
2025-11-15 14:48:05 [[32minfo[39m] :  Server running on http://localhost:5000
2025-11-15 14:53:53 [[33mwarn[39m] : Access token expired
2025-11-15 14:53:53 [[33mwarn[39m] : Access token expired
2025-11-15 15:02:06 [[32minfo[39m] :  Server running on http://localhost:5000
2025-11-15 15:03:46 [[33mwarn[39m] : Access token expired
2025-11-15 15:03:46 [[33mwarn[39m] : Access token expired
2025-11-15 15:06:41 [[32minfo[39m] :  Server running on http://localhost:5000
2025-11-15 15:07:02 [[32minfo[39m] :  Server running on http://localhost:5000
2025-11-15 15:07:07 [[32minfo[39m] :  Server running on http://localhost:5000
2025-11-15 15:07:17 [[32minfo[39m] :  Server running on http://localhost:5000
2025-11-15 15:08:23 [[32minfo[39m] :  Server running on http://localhost:5000
2025-11-15 15:08:32 [[32minfo[39m] :  Server running on http://localhost:5000
2025-11-15 15:08:59 [[32minfo[39m] :  Server running on http://localhost:5000
2025-11-15 15:17:14 [[32minfo[39m] :  Server running on http://localhost:5000
2025-11-15 15:21:02 [[32minfo[39m] :  Server running on http://localhost:5000
2025-11-15 15:21:16 [[32minfo[39m] :  Server running on http://localhost:5000
2025-11-15 15:22:51 [[32minfo[39m] :  Server running on http://localhost:5000
2025-11-15 15:23:02 [[32minfo[39m] :  Server running on http://localhost:5000
2025-11-15 15:23:10 [[32minfo[39m] :  Server running on http://localhost:5000
2025-11-15 15:23:21 [[33mwarn[39m] : Access token expired
2025-11-15 15:23:22 [[33mwarn[39m] : Access token expired
2025-11-15 15:23:33 [[33mwarn[39m] : Access token expired
2025-11-15 15:23:33 [[33mwarn[39m] : Access token expired
2025-11-15 15:23:37 [[33mwarn[39m] : Access token expired
2025-11-15 15:23:37 [[33mwarn[39m] : Access token expired
2025-11-15 15:23:58 [[33mwarn[39m] : Access token expired
2025-11-15 15:23:58 [[33mwarn[39m] : Access token expired
2025-11-15 15:25:15 [[33mwarn[39m] : Access token expired
2025-11-15 15:25:15 [[33mwarn[39m] : Access token expired
2025-11-15 15:25:19 [[33mwarn[39m] : Access token expired
2025-11-15 15:25:19 [[33mwarn[39m] : Access token expired
2025-11-15 15:25:41 [[33mwarn[39m] : Access token expired
2025-11-15 15:25:41 [[33mwarn[39m] : Access token expired
2025-11-15 15:25:48 [[32minfo[39m] : User logged out successfully
2025-11-15 15:26:02 [[32minfo[39m] : User logged in: user0@gmail.com
2025-11-15 15:50:52 [[33mwarn[39m] : Access token expired
2025-11-15 15:50:52 [[33mwarn[39m] : Access token expired
2025-11-15 15:53:25 [[32minfo[39m] : User logged out successfully
2025-11-15 15:53:41 [[32minfo[39m] : User logged in: user0@gmail.com
2025-11-15 16:00:46 [[32minfo[39m] :  Server running on http://localhost:5000
2025-11-15 16:03:28 [[32minfo[39m] :  Server running on http://localhost:5000
2025-11-15 16:05:57 [[32minfo[39m] :  Server running on http://localhost:5000
2025-11-15 16:08:13 [[31merror[39m] : JsonWebTokenError: jwt malformed
    at Object.module.exports [as verify] (C:\Users\Lenovo\OneDrive\Desktop\Mentora\server\node_modules\jsonwebtoken\verify.js:70:17)
    at ensureAuthenticated (C:\Users\Lenovo\OneDrive\Desktop\Mentora\server\src\middlewares\auth.ts:24:25)
    at Layer.handleRequest (C:\Users\Lenovo\OneDrive\Desktop\Mentora\server\node_modules\router\lib\layer.js:152:17)
    at next (C:\Users\Lenovo\OneDrive\Desktop\Mentora\server\node_modules\router\lib\route.js:157:13)
    at Route.dispatch (C:\Users\Lenovo\OneDrive\Desktop\Mentora\server\node_modules\router\lib\route.js:117:3)
    at handle (C:\Users\Lenovo\OneDrive\Desktop\Mentora\server\node_modules\router\index.js:435:11)
    at Layer.handleRequest (C:\Users\Lenovo\OneDrive\Desktop\Mentora\server\node_modules\router\lib\layer.js:152:17)
    at C:\Users\Lenovo\OneDrive\Desktop\Mentora\server\node_modules\router\index.js:295:15
    at processParams (C:\Users\Lenovo\OneDrive\Desktop\Mentora\server\node_modules\router\index.js:582:12)
    at next (C:\Users\Lenovo\OneDrive\Desktop\Mentora\server\node_modules\router\index.js:291:5)
2025-11-15 16:08:13 [[31merror[39m] : JsonWebTokenError: jwt malformed
    at Object.module.exports [as verify] (C:\Users\Lenovo\OneDrive\Desktop\Mentora\server\node_modules\jsonwebtoken\verify.js:70:17)
    at ensureAuthenticated (C:\Users\Lenovo\OneDrive\Desktop\Mentora\server\src\middlewares\auth.ts:24:25)
    at Layer.handleRequest (C:\Users\Lenovo\OneDrive\Desktop\Mentora\server\node_modules\router\lib\layer.js:152:17)
    at next (C:\Users\Lenovo\OneDrive\Desktop\Mentora\server\node_modules\router\lib\route.js:157:13)
    at Route.dispatch (C:\Users\Lenovo\OneDrive\Desktop\Mentora\server\node_modules\router\lib\route.js:117:3)
    at handle (C:\Users\Lenovo\OneDrive\Desktop\Mentora\server\node_modules\router\index.js:435:11)
    at Layer.handleRequest (C:\Users\Lenovo\OneDrive\Desktop\Mentora\server\node_modules\router\lib\layer.js:152:17)
    at C:\Users\Lenovo\OneDrive\Desktop\Mentora\server\node_modules\router\index.js:295:15
    at processParams (C:\Users\Lenovo\OneDrive\Desktop\Mentora\server\node_modules\router\index.js:582:12)
    at next (C:\Users\Lenovo\OneDrive\Desktop\Mentora\server\node_modules\router\index.js:291:5)
2025-11-15 16:09:12 [[32minfo[39m] :  Server running on http://localhost:5000
2025-11-15 16:09:12 [[33mwarn[39m] : Access token expired
2025-11-15 16:09:12 [[33mwarn[39m] : Access token expired
2025-11-15 16:09:17 [[33mwarn[39m] : Access token expired
2025-11-15 16:09:17 [[33mwarn[39m] : Access token expired
2025-11-15 16:09:52 [[32minfo[39m] : User logged out successfully
2025-11-15 16:10:06 [[32minfo[39m] : User logged in: user0@gmail.com
2025-11-15 16:12:30 [[31merror[39m] : JsonWebTokenError: jwt malformed
    at Object.module.exports [as verify] (C:\Users\Lenovo\OneDrive\Desktop\Mentora\server\node_modules\jsonwebtoken\verify.js:70:17)
    at ensureAuthenticated (C:\Users\Lenovo\OneDrive\Desktop\Mentora\server\src\middlewares\auth.ts:24:25)
    at Layer.handleRequest (C:\Users\Lenovo\OneDrive\Desktop\Mentora\server\node_modules\router\lib\layer.js:152:17)
    at next (C:\Users\Lenovo\OneDrive\Desktop\Mentora\server\node_modules\router\lib\route.js:157:13)
    at Route.dispatch (C:\Users\Lenovo\OneDrive\Desktop\Mentora\server\node_modules\router\lib\route.js:117:3)
    at handle (C:\Users\Lenovo\OneDrive\Desktop\Mentora\server\node_modules\router\index.js:435:11)
    at Layer.handleRequest (C:\Users\Lenovo\OneDrive\Desktop\Mentora\server\node_modules\router\lib\layer.js:152:17)
    at C:\Users\Lenovo\OneDrive\Desktop\Mentora\server\node_modules\router\index.js:295:15
    at processParams (C:\Users\Lenovo\OneDrive\Desktop\Mentora\server\node_modules\router\index.js:582:12)
    at next (C:\Users\Lenovo\OneDrive\Desktop\Mentora\server\node_modules\router\index.js:291:5)
2025-11-15 16:12:30 [[31merror[39m] : JsonWebTokenError: jwt malformed
    at Object.module.exports [as verify] (C:\Users\Lenovo\OneDrive\Desktop\Mentora\server\node_modules\jsonwebtoken\verify.js:70:17)
    at ensureAuthenticated (C:\Users\Lenovo\OneDrive\Desktop\Mentora\server\src\middlewares\auth.ts:24:25)
    at Layer.handleRequest (C:\Users\Lenovo\OneDrive\Desktop\Mentora\server\node_modules\router\lib\layer.js:152:17)
    at next (C:\Users\Lenovo\OneDrive\Desktop\Mentora\server\node_modules\router\lib\route.js:157:13)
    at Route.dispatch (C:\Users\Lenovo\OneDrive\Desktop\Mentora\server\node_modules\router\lib\route.js:117:3)
    at handle (C:\Users\Lenovo\OneDrive\Desktop\Mentora\server\node_modules\router\index.js:435:11)
    at Layer.handleRequest (C:\Users\Lenovo\OneDrive\Desktop\Mentora\server\node_modules\router\lib\layer.js:152:17)
    at C:\Users\Lenovo\OneDrive\Desktop\Mentora\server\node_modules\router\index.js:295:15
    at processParams (C:\Users\Lenovo\OneDrive\Desktop\Mentora\server\node_modules\router\index.js:582:12)
    at next (C:\Users\Lenovo\OneDrive\Desktop\Mentora\server\node_modules\router\index.js:291:5)
2025-11-15 16:12:56 [[31merror[39m] : JsonWebTokenError: jwt malformed
    at Object.module.exports [as verify] (C:\Users\Lenovo\OneDrive\Desktop\Mentora\server\node_modules\jsonwebtoken\verify.js:70:17)
    at ensureAuthenticated (C:\Users\Lenovo\OneDrive\Desktop\Mentora\server\src\middlewares\auth.ts:24:25)
    at Layer.handleRequest (C:\Users\Lenovo\OneDrive\Desktop\Mentora\server\node_modules\router\lib\layer.js:152:17)
    at next (C:\Users\Lenovo\OneDrive\Desktop\Mentora\server\node_modules\router\lib\route.js:157:13)
    at Route.dispatch (C:\Users\Lenovo\OneDrive\Desktop\Mentora\server\node_modules\router\lib\route.js:117:3)
    at handle (C:\Users\Lenovo\OneDrive\Desktop\Mentora\server\node_modules\router\index.js:435:11)
    at Layer.handleRequest (C:\Users\Lenovo\OneDrive\Desktop\Mentora\server\node_modules\router\lib\layer.js:152:17)
    at C:\Users\Lenovo\OneDrive\Desktop\Mentora\server\node_modules\router\index.js:295:15
    at processParams (C:\Users\Lenovo\OneDrive\Desktop\Mentora\server\node_modules\router\index.js:582:12)
    at next (C:\Users\Lenovo\OneDrive\Desktop\Mentora\server\node_modules\router\index.js:291:5)
2025-11-15 16:12:56 [[31merror[39m] : JsonWebTokenError: jwt malformed
    at Object.module.exports [as verify] (C:\Users\Lenovo\OneDrive\Desktop\Mentora\server\node_modules\jsonwebtoken\verify.js:70:17)
    at ensureAuthenticated (C:\Users\Lenovo\OneDrive\Desktop\Mentora\server\src\middlewares\auth.ts:24:25)
    at Layer.handleRequest (C:\Users\Lenovo\OneDrive\Desktop\Mentora\server\node_modules\router\lib\layer.js:152:17)
    at next (C:\Users\Lenovo\OneDrive\Desktop\Mentora\server\node_modules\router\lib\route.js:157:13)
    at Route.dispatch (C:\Users\Lenovo\OneDrive\Desktop\Mentora\server\node_modules\router\lib\route.js:117:3)
    at handle (C:\Users\Lenovo\OneDrive\Desktop\Mentora\server\node_modules\router\index.js:435:11)
    at Layer.handleRequest (C:\Users\Lenovo\OneDrive\Desktop\Mentora\server\node_modules\router\lib\layer.js:152:17)
    at C:\Users\Lenovo\OneDrive\Desktop\Mentora\server\node_modules\router\index.js:295:15
    at processParams (C:\Users\Lenovo\OneDrive\Desktop\Mentora\server\node_modules\router\index.js:582:12)
    at next (C:\Users\Lenovo\OneDrive\Desktop\Mentora\server\node_modules\router\index.js:291:5)
2025-11-15 16:13:44 [[32minfo[39m] :  Server running on http://localhost:5000
2025-11-15 16:13:49 [[31merror[39m] : JsonWebTokenError: jwt malformed
    at Object.module.exports [as verify] (C:\Users\Lenovo\OneDrive\Desktop\Mentora\server\node_modules\jsonwebtoken\verify.js:70:17)
    at ensureAuthenticated (C:\Users\Lenovo\OneDrive\Desktop\Mentora\server\src\middlewares\auth.ts:24:25)
    at Layer.handleRequest (C:\Users\Lenovo\OneDrive\Desktop\Mentora\server\node_modules\router\lib\layer.js:152:17)
    at next (C:\Users\Lenovo\OneDrive\Desktop\Mentora\server\node_modules\router\lib\route.js:157:13)
    at Route.dispatch (C:\Users\Lenovo\OneDrive\Desktop\Mentora\server\node_modules\router\lib\route.js:117:3)
    at handle (C:\Users\Lenovo\OneDrive\Desktop\Mentora\server\node_modules\router\index.js:435:11)
    at Layer.handleRequest (C:\Users\Lenovo\OneDrive\Desktop\Mentora\server\node_modules\router\lib\layer.js:152:17)
    at C:\Users\Lenovo\OneDrive\Desktop\Mentora\server\node_modules\router\index.js:295:15
    at processParams (C:\Users\Lenovo\OneDrive\Desktop\Mentora\server\node_modules\router\index.js:582:12)
    at next (C:\Users\Lenovo\OneDrive\Desktop\Mentora\server\node_modules\router\index.js:291:5)
2025-11-15 16:13:49 [[31merror[39m] : JsonWebTokenError: jwt malformed
    at Object.module.exports [as verify] (C:\Users\Lenovo\OneDrive\Desktop\Mentora\server\node_modules\jsonwebtoken\verify.js:70:17)
    at ensureAuthenticated (C:\Users\Lenovo\OneDrive\Desktop\Mentora\server\src\middlewares\auth.ts:24:25)
    at Layer.handleRequest (C:\Users\Lenovo\OneDrive\Desktop\Mentora\server\node_modules\router\lib\layer.js:152:17)
    at next (C:\Users\Lenovo\OneDrive\Desktop\Mentora\server\node_modules\router\lib\route.js:157:13)
    at Route.dispatch (C:\Users\Lenovo\OneDrive\Desktop\Mentora\server\node_modules\router\lib\route.js:117:3)
    at handle (C:\Users\Lenovo\OneDrive\Desktop\Mentora\server\node_modules\router\index.js:435:11)
    at Layer.handleRequest (C:\Users\Lenovo\OneDrive\Desktop\Mentora\server\node_modules\router\lib\layer.js:152:17)
    at C:\Users\Lenovo\OneDrive\Desktop\Mentora\server\node_modules\router\index.js:295:15
    at processParams (C:\Users\Lenovo\OneDrive\Desktop\Mentora\server\node_modules\router\index.js:582:12)
    at next (C:\Users\Lenovo\OneDrive\Desktop\Mentora\server\node_modules\router\index.js:291:5)
2025-11-15 16:20:03 [[31merror[39m] : JsonWebTokenError: jwt malformed
    at Object.module.exports [as verify] (C:\Users\Lenovo\OneDrive\Desktop\Mentora\server\node_modules\jsonwebtoken\verify.js:70:17)
    at ensureAuthenticated (C:\Users\Lenovo\OneDrive\Desktop\Mentora\server\src\middlewares\auth.ts:24:25)
    at Layer.handleRequest (C:\Users\Lenovo\OneDrive\Desktop\Mentora\server\node_modules\router\lib\layer.js:152:17)
    at next (C:\Users\Lenovo\OneDrive\Desktop\Mentora\server\node_modules\router\lib\route.js:157:13)
    at Route.dispatch (C:\Users\Lenovo\OneDrive\Desktop\Mentora\server\node_modules\router\lib\route.js:117:3)
    at handle (C:\Users\Lenovo\OneDrive\Desktop\Mentora\server\node_modules\router\index.js:435:11)
    at Layer.handleRequest (C:\Users\Lenovo\OneDrive\Desktop\Mentora\server\node_modules\router\lib\layer.js:152:17)
    at C:\Users\Lenovo\OneDrive\Desktop\Mentora\server\node_modules\router\index.js:295:15
    at processParams (C:\Users\Lenovo\OneDrive\Desktop\Mentora\server\node_modules\router\index.js:582:12)
    at next (C:\Users\Lenovo\OneDrive\Desktop\Mentora\server\node_modules\router\index.js:291:5)
2025-11-15 16:20:03 [[31merror[39m] : JsonWebTokenError: jwt malformed
    at Object.module.exports [as verify] (C:\Users\Lenovo\OneDrive\Desktop\Mentora\server\node_modules\jsonwebtoken\verify.js:70:17)
    at ensureAuthenticated (C:\Users\Lenovo\OneDrive\Desktop\Mentora\server\src\middlewares\auth.ts:24:25)
    at Layer.handleRequest (C:\Users\Lenovo\OneDrive\Desktop\Mentora\server\node_modules\router\lib\layer.js:152:17)
    at next (C:\Users\Lenovo\OneDrive\Desktop\Mentora\server\node_modules\router\lib\route.js:157:13)
    at Route.dispatch (C:\Users\Lenovo\OneDrive\Desktop\Mentora\server\node_modules\router\lib\route.js:117:3)
    at handle (C:\Users\Lenovo\OneDrive\Desktop\Mentora\server\node_modules\router\index.js:435:11)
    at Layer.handleRequest (C:\Users\Lenovo\OneDrive\Desktop\Mentora\server\node_modules\router\lib\layer.js:152:17)
    at C:\Users\Lenovo\OneDrive\Desktop\Mentora\server\node_modules\router\index.js:295:15
    at processParams (C:\Users\Lenovo\OneDrive\Desktop\Mentora\server\node_modules\router\index.js:582:12)
    at next (C:\Users\Lenovo\OneDrive\Desktop\Mentora\server\node_modules\router\index.js:291:5)
2025-11-15 16:22:22 [[32minfo[39m] :  Server running on http://localhost:5000
2025-11-15 16:22:24 [[31merror[39m] : JsonWebTokenError: jwt malformed
    at Object.module.exports [as verify] (C:\Users\Lenovo\OneDrive\Desktop\Mentora\server\node_modules\jsonwebtoken\verify.js:70:17)
    at ensureAuthenticated (C:\Users\Lenovo\OneDrive\Desktop\Mentora\server\src\middlewares\auth.ts:24:25)
    at Layer.handleRequest (C:\Users\Lenovo\OneDrive\Desktop\Mentora\server\node_modules\router\lib\layer.js:152:17)
    at next (C:\Users\Lenovo\OneDrive\Desktop\Mentora\server\node_modules\router\lib\route.js:157:13)
    at Route.dispatch (C:\Users\Lenovo\OneDrive\Desktop\Mentora\server\node_modules\router\lib\route.js:117:3)
    at handle (C:\Users\Lenovo\OneDrive\Desktop\Mentora\server\node_modules\router\index.js:435:11)
    at Layer.handleRequest (C:\Users\Lenovo\OneDrive\Desktop\Mentora\server\node_modules\router\lib\layer.js:152:17)
    at C:\Users\Lenovo\OneDrive\Desktop\Mentora\server\node_modules\router\index.js:295:15
    at processParams (C:\Users\Lenovo\OneDrive\Desktop\Mentora\server\node_modules\router\index.js:582:12)
    at next (C:\Users\Lenovo\OneDrive\Desktop\Mentora\server\node_modules\router\index.js:291:5)
2025-11-15 16:22:24 [[31merror[39m] : JsonWebTokenError: jwt malformed
    at Object.module.exports [as verify] (C:\Users\Lenovo\OneDrive\Desktop\Mentora\server\node_modules\jsonwebtoken\verify.js:70:17)
    at ensureAuthenticated (C:\Users\Lenovo\OneDrive\Desktop\Mentora\server\src\middlewares\auth.ts:24:25)
    at Layer.handleRequest (C:\Users\Lenovo\OneDrive\Desktop\Mentora\server\node_modules\router\lib\layer.js:152:17)
    at next (C:\Users\Lenovo\OneDrive\Desktop\Mentora\server\node_modules\router\lib\route.js:157:13)
    at Route.dispatch (C:\Users\Lenovo\OneDrive\Desktop\Mentora\server\node_modules\router\lib\route.js:117:3)
    at handle (C:\Users\Lenovo\OneDrive\Desktop\Mentora\server\node_modules\router\index.js:435:11)
    at Layer.handleRequest (C:\Users\Lenovo\OneDrive\Desktop\Mentora\server\node_modules\router\lib\layer.js:152:17)
    at C:\Users\Lenovo\OneDrive\Desktop\Mentora\server\node_modules\router\index.js:295:15
    at processParams (C:\Users\Lenovo\OneDrive\Desktop\Mentora\server\node_modules\router\index.js:582:12)
    at next (C:\Users\Lenovo\OneDrive\Desktop\Mentora\server\node_modules\router\index.js:291:5)
2025-11-15 16:24:53 [[31merror[39m] : JsonWebTokenError: jwt malformed
    at Object.module.exports [as verify] (C:\Users\Lenovo\OneDrive\Desktop\Mentora\server\node_modules\jsonwebtoken\verify.js:70:17)
    at ensureAuthenticated (C:\Users\Lenovo\OneDrive\Desktop\Mentora\server\src\middlewares\auth.ts:24:25)
    at Layer.handleRequest (C:\Users\Lenovo\OneDrive\Desktop\Mentora\server\node_modules\router\lib\layer.js:152:17)
    at next (C:\Users\Lenovo\OneDrive\Desktop\Mentora\server\node_modules\router\lib\route.js:157:13)
    at Route.dispatch (C:\Users\Lenovo\OneDrive\Desktop\Mentora\server\node_modules\router\lib\route.js:117:3)
    at handle (C:\Users\Lenovo\OneDrive\Desktop\Mentora\server\node_modules\router\index.js:435:11)
    at Layer.handleRequest (C:\Users\Lenovo\OneDrive\Desktop\Mentora\server\node_modules\router\lib\layer.js:152:17)
    at C:\Users\Lenovo\OneDrive\Desktop\Mentora\server\node_modules\router\index.js:295:15
    at processParams (C:\Users\Lenovo\OneDrive\Desktop\Mentora\server\node_modules\router\index.js:582:12)
    at next (C:\Users\Lenovo\OneDrive\Desktop\Mentora\server\node_modules\router\index.js:291:5)
2025-11-15 16:24:53 [[31merror[39m] : JsonWebTokenError: jwt malformed
    at Object.module.exports [as verify] (C:\Users\Lenovo\OneDrive\Desktop\Mentora\server\node_modules\jsonwebtoken\verify.js:70:17)
    at ensureAuthenticated (C:\Users\Lenovo\OneDrive\Desktop\Mentora\server\src\middlewares\auth.ts:24:25)
    at Layer.handleRequest (C:\Users\Lenovo\OneDrive\Desktop\Mentora\server\node_modules\router\lib\layer.js:152:17)
    at next (C:\Users\Lenovo\OneDrive\Desktop\Mentora\server\node_modules\router\lib\route.js:157:13)
    at Route.dispatch (C:\Users\Lenovo\OneDrive\Desktop\Mentora\server\node_modules\router\lib\route.js:117:3)
    at handle (C:\Users\Lenovo\OneDrive\Desktop\Mentora\server\node_modules\router\index.js:435:11)
    at Layer.handleRequest (C:\Users\Lenovo\OneDrive\Desktop\Mentora\server\node_modules\router\lib\layer.js:152:17)
    at C:\Users\Lenovo\OneDrive\Desktop\Mentora\server\node_modules\router\index.js:295:15
    at processParams (C:\Users\Lenovo\OneDrive\Desktop\Mentora\server\node_modules\router\index.js:582:12)
    at next (C:\Users\Lenovo\OneDrive\Desktop\Mentora\server\node_modules\router\index.js:291:5)
2025-11-15 16:25:06 [[32minfo[39m] :  Server running on http://localhost:5000
2025-11-15 16:25:07 [[32minfo[39m] : User logged out successfully
2025-11-15 16:25:17 [[32minfo[39m] : User logged in: user0@gmail.com
2025-11-15 16:25:22 [[31merror[39m] : JsonWebTokenError: jwt malformed
    at Object.module.exports [as verify] (C:\Users\Lenovo\OneDrive\Desktop\Mentora\server\node_modules\jsonwebtoken\verify.js:70:17)
    at ensureAuthenticated (C:\Users\Lenovo\OneDrive\Desktop\Mentora\server\src\middlewares\auth.ts:24:25)
    at Layer.handleRequest (C:\Users\Lenovo\OneDrive\Desktop\Mentora\server\node_modules\router\lib\layer.js:152:17)
    at next (C:\Users\Lenovo\OneDrive\Desktop\Mentora\server\node_modules\router\lib\route.js:157:13)
    at Route.dispatch (C:\Users\Lenovo\OneDrive\Desktop\Mentora\server\node_modules\router\lib\route.js:117:3)
    at handle (C:\Users\Lenovo\OneDrive\Desktop\Mentora\server\node_modules\router\index.js:435:11)
    at Layer.handleRequest (C:\Users\Lenovo\OneDrive\Desktop\Mentora\server\node_modules\router\lib\layer.js:152:17)
    at C:\Users\Lenovo\OneDrive\Desktop\Mentora\server\node_modules\router\index.js:295:15
    at processParams (C:\Users\Lenovo\OneDrive\Desktop\Mentora\server\node_modules\router\index.js:582:12)
    at next (C:\Users\Lenovo\OneDrive\Desktop\Mentora\server\node_modules\router\index.js:291:5)
2025-11-15 16:25:22 [[31merror[39m] : JsonWebTokenError: jwt malformed
    at Object.module.exports [as verify] (C:\Users\Lenovo\OneDrive\Desktop\Mentora\server\node_modules\jsonwebtoken\verify.js:70:17)
    at ensureAuthenticated (C:\Users\Lenovo\OneDrive\Desktop\Mentora\server\src\middlewares\auth.ts:24:25)
    at Layer.handleRequest (C:\Users\Lenovo\OneDrive\Desktop\Mentora\server\node_modules\router\lib\layer.js:152:17)
    at next (C:\Users\Lenovo\OneDrive\Desktop\Mentora\server\node_modules\router\lib\route.js:157:13)
    at Route.dispatch (C:\Users\Lenovo\OneDrive\Desktop\Mentora\server\node_modules\router\lib\route.js:117:3)
    at handle (C:\Users\Lenovo\OneDrive\Desktop\Mentora\server\node_modules\router\index.js:435:11)
    at Layer.handleRequest (C:\Users\Lenovo\OneDrive\Desktop\Mentora\server\node_modules\router\lib\layer.js:152:17)
    at C:\Users\Lenovo\OneDrive\Desktop\Mentora\server\node_modules\router\index.js:295:15
    at processParams (C:\Users\Lenovo\OneDrive\Desktop\Mentora\server\node_modules\router\index.js:582:12)
    at next (C:\Users\Lenovo\OneDrive\Desktop\Mentora\server\node_modules\router\index.js:291:5)
2025-11-15 16:29:54 [[31merror[39m] : JsonWebTokenError: jwt malformed
    at Object.module.exports [as verify] (C:\Users\Lenovo\OneDrive\Desktop\Mentora\server\node_modules\jsonwebtoken\verify.js:70:17)
    at ensureAuthenticated (C:\Users\Lenovo\OneDrive\Desktop\Mentora\server\src\middlewares\auth.ts:24:25)
    at Layer.handleRequest (C:\Users\Lenovo\OneDrive\Desktop\Mentora\server\node_modules\router\lib\layer.js:152:17)
    at next (C:\Users\Lenovo\OneDrive\Desktop\Mentora\server\node_modules\router\lib\route.js:157:13)
    at Route.dispatch (C:\Users\Lenovo\OneDrive\Desktop\Mentora\server\node_modules\router\lib\route.js:117:3)
    at handle (C:\Users\Lenovo\OneDrive\Desktop\Mentora\server\node_modules\router\index.js:435:11)
    at Layer.handleRequest (C:\Users\Lenovo\OneDrive\Desktop\Mentora\server\node_modules\router\lib\layer.js:152:17)
    at C:\Users\Lenovo\OneDrive\Desktop\Mentora\server\node_modules\router\index.js:295:15
    at processParams (C:\Users\Lenovo\OneDrive\Desktop\Mentora\server\node_modules\router\index.js:582:12)
    at next (C:\Users\Lenovo\OneDrive\Desktop\Mentora\server\node_modules\router\index.js:291:5)
2025-11-15 16:29:54 [[31merror[39m] : JsonWebTokenError: jwt malformed
    at Object.module.exports [as verify] (C:\Users\Lenovo\OneDrive\Desktop\Mentora\server\node_modules\jsonwebtoken\verify.js:70:17)
    at ensureAuthenticated (C:\Users\Lenovo\OneDrive\Desktop\Mentora\server\src\middlewares\auth.ts:24:25)
    at Layer.handleRequest (C:\Users\Lenovo\OneDrive\Desktop\Mentora\server\node_modules\router\lib\layer.js:152:17)
    at next (C:\Users\Lenovo\OneDrive\Desktop\Mentora\server\node_modules\router\lib\route.js:157:13)
    at Route.dispatch (C:\Users\Lenovo\OneDrive\Desktop\Mentora\server\node_modules\router\lib\route.js:117:3)
    at handle (C:\Users\Lenovo\OneDrive\Desktop\Mentora\server\node_modules\router\index.js:435:11)
    at Layer.handleRequest (C:\Users\Lenovo\OneDrive\Desktop\Mentora\server\node_modules\router\lib\layer.js:152:17)
    at C:\Users\Lenovo\OneDrive\Desktop\Mentora\server\node_modules\router\index.js:295:15
    at processParams (C:\Users\Lenovo\OneDrive\Desktop\Mentora\server\node_modules\router\index.js:582:12)
    at next (C:\Users\Lenovo\OneDrive\Desktop\Mentora\server\node_modules\router\index.js:291:5)
2025-11-15 16:30:02 [[32minfo[39m] : User logged out successfully
2025-11-15 16:30:18 [[32minfo[39m] : User logged in: user0@gmail.com
2025-11-15 16:38:45 [[32minfo[39m] : User logged out successfully
2025-11-15 16:38:58 [[32minfo[39m] : User logged in: user0@gmail.com
2025-11-15 16:39:25 [[31merror[39m] : JsonWebTokenError: jwt malformed
    at Object.module.exports [as verify] (C:\Users\Lenovo\OneDrive\Desktop\Mentora\server\node_modules\jsonwebtoken\verify.js:70:17)
    at ensureAuthenticated (C:\Users\Lenovo\OneDrive\Desktop\Mentora\server\src\middlewares\auth.ts:24:25)
    at Layer.handleRequest (C:\Users\Lenovo\OneDrive\Desktop\Mentora\server\node_modules\router\lib\layer.js:152:17)
    at next (C:\Users\Lenovo\OneDrive\Desktop\Mentora\server\node_modules\router\lib\route.js:157:13)
    at Route.dispatch (C:\Users\Lenovo\OneDrive\Desktop\Mentora\server\node_modules\router\lib\route.js:117:3)
    at handle (C:\Users\Lenovo\OneDrive\Desktop\Mentora\server\node_modules\router\index.js:435:11)
    at Layer.handleRequest (C:\Users\Lenovo\OneDrive\Desktop\Mentora\server\node_modules\router\lib\layer.js:152:17)
    at C:\Users\Lenovo\OneDrive\Desktop\Mentora\server\node_modules\router\index.js:295:15
    at processParams (C:\Users\Lenovo\OneDrive\Desktop\Mentora\server\node_modules\router\index.js:582:12)
    at next (C:\Users\Lenovo\OneDrive\Desktop\Mentora\server\node_modules\router\index.js:291:5)
2025-11-15 16:39:25 [[31merror[39m] : JsonWebTokenError: jwt malformed
    at Object.module.exports [as verify] (C:\Users\Lenovo\OneDrive\Desktop\Mentora\server\node_modules\jsonwebtoken\verify.js:70:17)
    at ensureAuthenticated (C:\Users\Lenovo\OneDrive\Desktop\Mentora\server\src\middlewares\auth.ts:24:25)
    at Layer.handleRequest (C:\Users\Lenovo\OneDrive\Desktop\Mentora\server\node_modules\router\lib\layer.js:152:17)
    at next (C:\Users\Lenovo\OneDrive\Desktop\Mentora\server\node_modules\router\lib\route.js:157:13)
    at Route.dispatch (C:\Users\Lenovo\OneDrive\Desktop\Mentora\server\node_modules\router\lib\route.js:117:3)
    at handle (C:\Users\Lenovo\OneDrive\Desktop\Mentora\server\node_modules\router\index.js:435:11)
    at Layer.handleRequest (C:\Users\Lenovo\OneDrive\Desktop\Mentora\server\node_modules\router\lib\layer.js:152:17)
    at C:\Users\Lenovo\OneDrive\Desktop\Mentora\server\node_modules\router\index.js:295:15
    at processParams (C:\Users\Lenovo\OneDrive\Desktop\Mentora\server\node_modules\router\index.js:582:12)
    at next (C:\Users\Lenovo\OneDrive\Desktop\Mentora\server\node_modules\router\index.js:291:5)
2025-11-15 16:40:14 [[32minfo[39m] : User logged out successfully
2025-11-15 16:40:27 [[32minfo[39m] : User logged in: user0@gmail.com
2025-11-15 16:43:07 [[31merror[39m] : JsonWebTokenError: jwt malformed
    at Object.module.exports [as verify] (C:\Users\Lenovo\OneDrive\Desktop\Mentora\server\node_modules\jsonwebtoken\verify.js:70:17)
    at ensureAuthenticated (C:\Users\Lenovo\OneDrive\Desktop\Mentora\server\src\middlewares\auth.ts:24:25)
    at Layer.handleRequest (C:\Users\Lenovo\OneDrive\Desktop\Mentora\server\node_modules\router\lib\layer.js:152:17)
    at next (C:\Users\Lenovo\OneDrive\Desktop\Mentora\server\node_modules\router\lib\route.js:157:13)
    at Route.dispatch (C:\Users\Lenovo\OneDrive\Desktop\Mentora\server\node_modules\router\lib\route.js:117:3)
    at handle (C:\Users\Lenovo\OneDrive\Desktop\Mentora\server\node_modules\router\index.js:435:11)
    at Layer.handleRequest (C:\Users\Lenovo\OneDrive\Desktop\Mentora\server\node_modules\router\lib\layer.js:152:17)
    at C:\Users\Lenovo\OneDrive\Desktop\Mentora\server\node_modules\router\index.js:295:15
    at processParams (C:\Users\Lenovo\OneDrive\Desktop\Mentora\server\node_modules\router\index.js:582:12)
    at next (C:\Users\Lenovo\OneDrive\Desktop\Mentora\server\node_modules\router\index.js:291:5)
2025-11-15 16:43:07 [[31merror[39m] : JsonWebTokenError: jwt malformed
    at Object.module.exports [as verify] (C:\Users\Lenovo\OneDrive\Desktop\Mentora\server\node_modules\jsonwebtoken\verify.js:70:17)
    at ensureAuthenticated (C:\Users\Lenovo\OneDrive\Desktop\Mentora\server\src\middlewares\auth.ts:24:25)
    at Layer.handleRequest (C:\Users\Lenovo\OneDrive\Desktop\Mentora\server\node_modules\router\lib\layer.js:152:17)
    at next (C:\Users\Lenovo\OneDrive\Desktop\Mentora\server\node_modules\router\lib\route.js:157:13)
    at Route.dispatch (C:\Users\Lenovo\OneDrive\Desktop\Mentora\server\node_modules\router\lib\route.js:117:3)
    at handle (C:\Users\Lenovo\OneDrive\Desktop\Mentora\server\node_modules\router\index.js:435:11)
    at Layer.handleRequest (C:\Users\Lenovo\OneDrive\Desktop\Mentora\server\node_modules\router\lib\layer.js:152:17)
    at C:\Users\Lenovo\OneDrive\Desktop\Mentora\server\node_modules\router\index.js:295:15
    at processParams (C:\Users\Lenovo\OneDrive\Desktop\Mentora\server\node_modules\router\index.js:582:12)
    at next (C:\Users\Lenovo\OneDrive\Desktop\Mentora\server\node_modules\router\index.js:291:5)
2025-11-15 16:46:34 [[32minfo[39m] :  Server running on http://localhost:5000
2025-11-15 16:51:02 [[32minfo[39m] :  Server running on http://localhost:5000
2025-11-15 16:55:30 [[33mwarn[39m] : Access token expired
2025-11-15 16:55:30 [[33mwarn[39m] : Access token expired
2025-11-15 16:55:34 [[33mwarn[39m] : Access token expired
2025-11-15 16:55:34 [[33mwarn[39m] : Access token expired
2025-11-15 16:55:44 [[33mwarn[39m] : Access token expired
2025-11-15 16:55:44 [[33mwarn[39m] : Access token expired
2025-11-15 16:56:04 [[33mwarn[39m] : Access token expired
2025-11-15 16:56:04 [[33mwarn[39m] : Access token expired
2025-11-15 16:56:07 [[33mwarn[39m] : Access token expired
2025-11-15 16:56:07 [[33mwarn[39m] : Access token expired
2025-11-15 16:56:07 [[33mwarn[39m] : Access token expired
2025-11-15 16:56:07 [[33mwarn[39m] : Access token expired
2025-11-15 16:56:21 [[32minfo[39m] : User logged out successfully
2025-11-15 16:56:33 [[32minfo[39m] : User logged in: user0@gmail.com
2025-11-15 17:42:04 [[33mwarn[39m] : Access token expired
2025-11-15 17:42:04 [[33mwarn[39m] : Access token expired
2025-11-15 17:42:04 [[33mwarn[39m] : Access token expired
2025-11-15 17:42:04 [[33mwarn[39m] : Access token expired
2025-11-17 08:46:59 [[33mwarn[39m] : Access token expired
2025-11-17 08:46:59 [[33mwarn[39m] : Access token expired
2025-11-17 08:46:59 [[33mwarn[39m] : Access token expired
2025-11-17 08:46:59 [[33mwarn[39m] : Access token expired
2025-11-17 08:55:47 [[32minfo[39m] :  Server running on http://localhost:5000
2025-11-17 08:55:59 [[32minfo[39m] :  Server running on http://localhost:5000
2025-11-17 08:57:09 [[32minfo[39m] :  Server running on http://localhost:5000
2025-11-17 12:25:44 [[32minfo[39m] :  Server running on http://localhost:5000
2025-11-17 12:25:51 [[32minfo[39m] :  Server running on http://localhost:5000
2025-11-17 12:27:42 [[32minfo[39m] :  Server running on http://localhost:5000
2025-11-17 12:28:55 [[32minfo[39m] :  Server running on http://localhost:5000
2025-11-17 12:31:45 [[32minfo[39m] :  Server running on http://localhost:5000
2025-11-17 12:31:57 [[32minfo[39m] :  Server running on http://localhost:5000
2025-11-17 12:32:03 [[32minfo[39m] :  Server running on http://localhost:5000
2025-11-17 12:32:15 [[32minfo[39m] :  Server running on http://localhost:5000
2025-11-17 12:32:32 [[32minfo[39m] :  Server running on http://localhost:5000
2025-11-17 12:32:49 [[32minfo[39m] :  Server running on http://localhost:5000
2025-11-17 12:33:01 [[32minfo[39m] :  Server running on http://localhost:5000
2025-11-17 12:33:17 [[32minfo[39m] :  Server running on http://localhost:5000
2025-11-17 12:33:23 [[32minfo[39m] :  Server running on http://localhost:5000
2025-11-17 12:33:34 [[32minfo[39m] :  Server running on http://localhost:5000
2025-11-17 12:33:42 [[32minfo[39m] : User logged out successfully
2025-11-17 12:33:54 [[32minfo[39m] : User logged in: user0@gmail.com
2025-11-17 12:34:58 [[32minfo[39m] : User logged out successfully
2025-11-17 12:36:09 [[31merror[39m] : JsonWebTokenError: jwt malformed
    at Object.module.exports [as verify] (C:\Users\Lenovo\OneDrive\Desktop\Mentora\server\node_modules\jsonwebtoken\verify.js:70:17)
    at ensureAuthenticated (C:\Users\Lenovo\OneDrive\Desktop\Mentora\server\src\middlewares\auth.ts:24:25)
    at Layer.handleRequest (C:\Users\Lenovo\OneDrive\Desktop\Mentora\server\node_modules\router\lib\layer.js:152:17)
    at next (C:\Users\Lenovo\OneDrive\Desktop\Mentora\server\node_modules\router\lib\route.js:157:13)
    at Route.dispatch (C:\Users\Lenovo\OneDrive\Desktop\Mentora\server\node_modules\router\lib\route.js:117:3)
    at handle (C:\Users\Lenovo\OneDrive\Desktop\Mentora\server\node_modules\router\index.js:435:11)
    at Layer.handleRequest (C:\Users\Lenovo\OneDrive\Desktop\Mentora\server\node_modules\router\lib\layer.js:152:17)
    at C:\Users\Lenovo\OneDrive\Desktop\Mentora\server\node_modules\router\index.js:295:15
    at processParams (C:\Users\Lenovo\OneDrive\Desktop\Mentora\server\node_modules\router\index.js:582:12)
    at next (C:\Users\Lenovo\OneDrive\Desktop\Mentora\server\node_modules\router\index.js:291:5)
2025-11-17 12:36:09 [[31merror[39m] : JsonWebTokenError: jwt malformed
    at Object.module.exports [as verify] (C:\Users\Lenovo\OneDrive\Desktop\Mentora\server\node_modules\jsonwebtoken\verify.js:70:17)
    at ensureAuthenticated (C:\Users\Lenovo\OneDrive\Desktop\Mentora\server\src\middlewares\auth.ts:24:25)
    at Layer.handleRequest (C:\Users\Lenovo\OneDrive\Desktop\Mentora\server\node_modules\router\lib\layer.js:152:17)
    at next (C:\Users\Lenovo\OneDrive\Desktop\Mentora\server\node_modules\router\lib\route.js:157:13)
    at Route.dispatch (C:\Users\Lenovo\OneDrive\Desktop\Mentora\server\node_modules\router\lib\route.js:117:3)
    at handle (C:\Users\Lenovo\OneDrive\Desktop\Mentora\server\node_modules\router\index.js:435:11)
    at Layer.handleRequest (C:\Users\Lenovo\OneDrive\Desktop\Mentora\server\node_modules\router\lib\layer.js:152:17)
    at C:\Users\Lenovo\OneDrive\Desktop\Mentora\server\node_modules\router\index.js:295:15
    at processParams (C:\Users\Lenovo\OneDrive\Desktop\Mentora\server\node_modules\router\index.js:582:12)
    at next (C:\Users\Lenovo\OneDrive\Desktop\Mentora\server\node_modules\router\index.js:291:5)
2025-11-17 12:36:14 [[31merror[39m] : JsonWebTokenError: jwt malformed
    at Object.module.exports [as verify] (C:\Users\Lenovo\OneDrive\Desktop\Mentora\server\node_modules\jsonwebtoken\verify.js:70:17)
    at ensureAuthenticated (C:\Users\Lenovo\OneDrive\Desktop\Mentora\server\src\middlewares\auth.ts:24:25)
    at Layer.handleRequest (C:\Users\Lenovo\OneDrive\Desktop\Mentora\server\node_modules\router\lib\layer.js:152:17)
    at next (C:\Users\Lenovo\OneDrive\Desktop\Mentora\server\node_modules\router\lib\route.js:157:13)
    at Route.dispatch (C:\Users\Lenovo\OneDrive\Desktop\Mentora\server\node_modules\router\lib\route.js:117:3)
    at handle (C:\Users\Lenovo\OneDrive\Desktop\Mentora\server\node_modules\router\index.js:435:11)
    at Layer.handleRequest (C:\Users\Lenovo\OneDrive\Desktop\Mentora\server\node_modules\router\lib\layer.js:152:17)
    at C:\Users\Lenovo\OneDrive\Desktop\Mentora\server\node_modules\router\index.js:295:15
    at processParams (C:\Users\Lenovo\OneDrive\Desktop\Mentora\server\node_modules\router\index.js:582:12)
    at next (C:\Users\Lenovo\OneDrive\Desktop\Mentora\server\node_modules\router\index.js:291:5)
2025-11-17 12:36:14 [[31merror[39m] : JsonWebTokenError: jwt malformed
    at Object.module.exports [as verify] (C:\Users\Lenovo\OneDrive\Desktop\Mentora\server\node_modules\jsonwebtoken\verify.js:70:17)
    at ensureAuthenticated (C:\Users\Lenovo\OneDrive\Desktop\Mentora\server\src\middlewares\auth.ts:24:25)
    at Layer.handleRequest (C:\Users\Lenovo\OneDrive\Desktop\Mentora\server\node_modules\router\lib\layer.js:152:17)
    at next (C:\Users\Lenovo\OneDrive\Desktop\Mentora\server\node_modules\router\lib\route.js:157:13)
    at Route.dispatch (C:\Users\Lenovo\OneDrive\Desktop\Mentora\server\node_modules\router\lib\route.js:117:3)
    at handle (C:\Users\Lenovo\OneDrive\Desktop\Mentora\server\node_modules\router\index.js:435:11)
    at Layer.handleRequest (C:\Users\Lenovo\OneDrive\Desktop\Mentora\server\node_modules\router\lib\layer.js:152:17)
    at C:\Users\Lenovo\OneDrive\Desktop\Mentora\server\node_modules\router\index.js:295:15
    at processParams (C:\Users\Lenovo\OneDrive\Desktop\Mentora\server\node_modules\router\index.js:582:12)
    at next (C:\Users\Lenovo\OneDrive\Desktop\Mentora\server\node_modules\router\index.js:291:5)
2025-11-17 12:36:30 [[32minfo[39m] : User logged in: user0@gmail.com
2025-11-17 13:04:28 [[32minfo[39m] :  Server running on http://localhost:5000
2025-11-17 13:09:29 [[32minfo[39m] :  Server running on http://localhost:5000
2025-11-17 13:11:59 [[32minfo[39m] :  Server running on http://localhost:5000
2025-11-17 13:12:24 [[32minfo[39m] :  Server running on http://localhost:5000
2025-11-17 13:15:09 [[33mwarn[39m] : Access token expired
2025-11-17 13:15:09 [[33mwarn[39m] : Access token expired
2025-11-17 13:15:28 [[33mwarn[39m] : Access token expired
2025-11-17 13:15:28 [[33mwarn[39m] : Access token expired
2025-11-17 15:20:51 [[33mwarn[39m] : Access token expired
2025-11-17 15:20:51 [[33mwarn[39m] : Access token expired
2025-11-17 15:21:26 [[33mwarn[39m] : Access token expired
2025-11-17 15:21:26 [[33mwarn[39m] : Access token expired
2025-11-17 15:21:45 [[33mwarn[39m] : Access token expired
2025-11-17 15:21:45 [[33mwarn[39m] : Access token expired
2025-11-17 15:27:43 [[33mwarn[39m] : Access token expired
2025-11-17 15:27:43 [[33mwarn[39m] : Access token expired
2025-11-17 15:27:45 [[32minfo[39m] : User logged out successfully
2025-11-17 15:27:57 [[31merror[39m] : Error: Wrong password
    at AuthService.<anonymous> (C:\Users\Lenovo\OneDrive\Desktop\Mentora\server\src\services\authService.ts:37:23)
    at Generator.next (<anonymous>)
    at fulfilled (C:\Users\Lenovo\OneDrive\Desktop\Mentora\server\src\services\authService.ts:5:58)
2025-11-17 15:28:05 [[32minfo[39m] : User logged in: user0@gmail.com
2025-11-17 15:28:05 [[32minfo[39m] : Access token refreshed for user: user0@gmail.com
2025-11-17 15:28:06 [[32minfo[39m] : Access token refreshed for user: user0@gmail.com
2025-11-17 15:28:06 [[32minfo[39m] : Access token refreshed for user: user0@gmail.com
2025-11-17 15:28:06 [[32minfo[39m] : Access token refreshed for user: user0@gmail.com
2025-11-17 15:28:06 [[32minfo[39m] : Access token refreshed for user: user0@gmail.com
2025-11-17 15:28:08 [[32minfo[39m] : Access token refreshed for user: user0@gmail.com
2025-11-17 15:28:08 [[32minfo[39m] : Access token refreshed for user: user0@gmail.com
2025-11-17 15:28:09 [[32minfo[39m] : Access token refreshed for user: user0@gmail.com
2025-11-17 15:28:09 [[32minfo[39m] : Access token refreshed for user: user0@gmail.com
2025-11-17 15:28:09 [[32minfo[39m] : Access token refreshed for user: user0@gmail.com
2025-11-17 15:28:10 [[32minfo[39m] : Access token refreshed for user: user0@gmail.com
2025-11-17 15:28:11 [[32minfo[39m] : Access token refreshed for user: user0@gmail.com
2025-11-17 15:28:11 [[32minfo[39m] : Access token refreshed for user: user0@gmail.com
2025-11-17 15:28:11 [[32minfo[39m] : Access token refreshed for user: user0@gmail.com
2025-11-17 15:28:11 [[32minfo[39m] : Access token refreshed for user: user0@gmail.com
2025-11-17 15:28:11 [[32minfo[39m] : Access token refreshed for user: user0@gmail.com
2025-11-17 15:28:11 [[32minfo[39m] : Access token refreshed for user: user0@gmail.com
2025-11-17 15:28:11 [[32minfo[39m] : Access token refreshed for user: user0@gmail.com
2025-11-17 15:28:11 [[32minfo[39m] : Access token refreshed for user: user0@gmail.com
2025-11-17 15:28:11 [[32minfo[39m] : Access token refreshed for user: user0@gmail.com
2025-11-17 15:28:11 [[32minfo[39m] : Access token refreshed for user: user0@gmail.com
2025-11-17 15:28:11 [[32minfo[39m] : Access token refreshed for user: user0@gmail.com
2025-11-17 15:28:11 [[32minfo[39m] : Access token refreshed for user: user0@gmail.com
2025-11-17 15:28:11 [[32minfo[39m] : Access token refreshed for user: user0@gmail.com
2025-11-17 15:28:11 [[32minfo[39m] : Access token refreshed for user: user0@gmail.com
2025-11-17 15:28:11 [[32minfo[39m] : Access token refreshed for user: user0@gmail.com
2025-11-17 15:28:11 [[32minfo[39m] : Access token refreshed for user: user0@gmail.com
2025-11-17 15:28:11 [[32minfo[39m] : Access token refreshed for user: user0@gmail.com
2025-11-17 15:28:11 [[32minfo[39m] : Access token refreshed for user: user0@gmail.com
2025-11-17 15:28:11 [[32minfo[39m] : Access token refreshed for user: user0@gmail.com
2025-11-17 15:28:11 [[32minfo[39m] : Access token refreshed for user: user0@gmail.com
2025-11-17 15:28:11 [[32minfo[39m] : Access token refreshed for user: user0@gmail.com
2025-11-17 15:28:11 [[32minfo[39m] : Access token refreshed for user: user0@gmail.com
2025-11-17 15:28:11 [[32minfo[39m] : Access token refreshed for user: user0@gmail.com
2025-11-17 15:28:11 [[32minfo[39m] : Access token refreshed for user: user0@gmail.com
2025-11-17 15:28:11 [[32minfo[39m] : Access token refreshed for user: user0@gmail.com
2025-11-17 15:28:11 [[32minfo[39m] : Access token refreshed for user: user0@gmail.com
2025-11-17 15:28:11 [[32minfo[39m] : Access token refreshed for user: user0@gmail.com
2025-11-17 15:28:11 [[32minfo[39m] : Access token refreshed for user: user0@gmail.com
2025-11-17 15:28:11 [[32minfo[39m] : Access token refreshed for user: user0@gmail.com
2025-11-17 15:28:11 [[32minfo[39m] : Access token refreshed for user: user0@gmail.com
2025-11-17 15:28:11 [[32minfo[39m] : Access token refreshed for user: user0@gmail.com
2025-11-17 15:28:11 [[32minfo[39m] : Access token refreshed for user: user0@gmail.com
2025-11-17 15:28:11 [[32minfo[39m] : Access token refreshed for user: user0@gmail.com
2025-11-17 15:28:12 [[32minfo[39m] : Access token refreshed for user: user0@gmail.com
2025-11-17 15:28:12 [[32minfo[39m] : Access token refreshed for user: user0@gmail.com
2025-11-17 15:28:12 [[32minfo[39m] : Access token refreshed for user: user0@gmail.com
2025-11-17 15:28:12 [[32minfo[39m] : Access token refreshed for user: user0@gmail.com
2025-11-17 15:28:12 [[32minfo[39m] : Access token refreshed for user: user0@gmail.com
2025-11-17 15:28:12 [[32minfo[39m] : Access token refreshed for user: user0@gmail.com
2025-11-17 15:28:12 [[32minfo[39m] : Access token refreshed for user: user0@gmail.com
2025-11-17 15:28:12 [[32minfo[39m] : Access token refreshed for user: user0@gmail.com
2025-11-17 15:28:12 [[32minfo[39m] : Access token refreshed for user: user0@gmail.com
2025-11-17 15:28:12 [[32minfo[39m] : Access token refreshed for user: user0@gmail.com
2025-11-17 15:28:12 [[32minfo[39m] : Access token refreshed for user: user0@gmail.com
2025-11-17 15:28:12 [[32minfo[39m] : Access token refreshed for user: user0@gmail.com
2025-11-17 15:28:12 [[32minfo[39m] : Access token refreshed for user: user0@gmail.com
2025-11-17 15:28:12 [[32minfo[39m] : Access token refreshed for user: user0@gmail.com
2025-11-17 15:28:12 [[32minfo[39m] : Access token refreshed for user: user0@gmail.com
2025-11-17 15:28:12 [[32minfo[39m] : Access token refreshed for user: user0@gmail.com
2025-11-17 15:28:12 [[32minfo[39m] : Access token refreshed for user: user0@gmail.com
2025-11-17 15:28:12 [[32minfo[39m] : Access token refreshed for user: user0@gmail.com
2025-11-17 15:28:12 [[32minfo[39m] : Access token refreshed for user: user0@gmail.com
2025-11-17 15:28:12 [[32minfo[39m] : Access token refreshed for user: user0@gmail.com
2025-11-17 15:28:12 [[32minfo[39m] : Access token refreshed for user: user0@gmail.com
2025-11-17 15:28:12 [[32minfo[39m] : Access token refreshed for user: user0@gmail.com
2025-11-17 15:28:12 [[32minfo[39m] : Access token refreshed for user: user0@gmail.com
2025-11-17 15:28:12 [[32minfo[39m] : Access token refreshed for user: user0@gmail.com
2025-11-17 15:28:12 [[32minfo[39m] : Access token refreshed for user: user0@gmail.com
2025-11-17 15:28:12 [[32minfo[39m] : Access token refreshed for user: user0@gmail.com
2025-11-17 15:28:12 [[32minfo[39m] : Access token refreshed for user: user0@gmail.com
2025-11-17 15:28:12 [[32minfo[39m] : Access token refreshed for user: user0@gmail.com
2025-11-17 15:28:12 [[32minfo[39m] : Access token refreshed for user: user0@gmail.com
2025-11-17 15:28:12 [[32minfo[39m] : Access token refreshed for user: user0@gmail.com
2025-11-17 15:28:12 [[32minfo[39m] : Access token refreshed for user: user0@gmail.com
2025-11-17 15:28:12 [[32minfo[39m] : Access token refreshed for user: user0@gmail.com
2025-11-17 15:28:12 [[32minfo[39m] : Access token refreshed for user: user0@gmail.com
2025-11-17 15:28:12 [[32minfo[39m] : Access token refreshed for user: user0@gmail.com
2025-11-17 15:28:12 [[32minfo[39m] : Access token refreshed for user: user0@gmail.com
2025-11-17 15:28:12 [[32minfo[39m] : Access token refreshed for user: user0@gmail.com
2025-11-17 15:28:12 [[32minfo[39m] : Access token refreshed for user: user0@gmail.com
2025-11-17 15:28:12 [[32minfo[39m] : Access token refreshed for user: user0@gmail.com
2025-11-17 15:28:12 [[32minfo[39m] : Access token refreshed for user: user0@gmail.com
2025-11-17 15:28:12 [[32minfo[39m] : Access token refreshed for user: user0@gmail.com
2025-11-17 15:28:12 [[32minfo[39m] : Access token refreshed for user: user0@gmail.com
2025-11-17 15:28:12 [[32minfo[39m] : Access token refreshed for user: user0@gmail.com
2025-11-17 15:28:12 [[32minfo[39m] : Access token refreshed for user: user0@gmail.com
2025-11-17 15:28:12 [[32minfo[39m] : Access token refreshed for user: user0@gmail.com
2025-11-17 15:28:12 [[32minfo[39m] : Access token refreshed for user: user0@gmail.com
2025-11-17 15:28:13 [[32minfo[39m] : Access token refreshed for user: user0@gmail.com
2025-11-17 15:28:13 [[32minfo[39m] : Access token refreshed for user: user0@gmail.com
2025-11-17 15:28:13 [[32minfo[39m] : Access token refreshed for user: user0@gmail.com
2025-11-17 15:28:13 [[32minfo[39m] : Access token refreshed for user: user0@gmail.com
2025-11-17 15:28:13 [[32minfo[39m] : Access token refreshed for user: user0@gmail.com
2025-11-17 15:28:13 [[32minfo[39m] : Access token refreshed for user: user0@gmail.com
2025-11-17 15:28:13 [[32minfo[39m] : Access token refreshed for user: user0@gmail.com
2025-11-17 15:28:13 [[32minfo[39m] : Access token refreshed for user: user0@gmail.com
2025-11-17 15:28:13 [[32minfo[39m] : Access token refreshed for user: user0@gmail.com
2025-11-17 15:28:13 [[32minfo[39m] : Access token refreshed for user: user0@gmail.com
2025-11-17 15:28:13 [[32minfo[39m] : Access token refreshed for user: user0@gmail.com
2025-11-17 15:28:13 [[32minfo[39m] : Access token refreshed for user: user0@gmail.com
2025-11-17 15:28:13 [[32minfo[39m] : Access token refreshed for user: user0@gmail.com
2025-11-17 15:28:13 [[32minfo[39m] : Access token refreshed for user: user0@gmail.com
2025-11-17 15:28:13 [[32minfo[39m] : Access token refreshed for user: user0@gmail.com
2025-11-17 15:28:13 [[32minfo[39m] : Access token refreshed for user: user0@gmail.com
2025-11-17 15:28:13 [[32minfo[39m] : Access token refreshed for user: user0@gmail.com
2025-11-17 15:28:13 [[32minfo[39m] : Access token refreshed for user: user0@gmail.com
2025-11-17 15:28:13 [[32minfo[39m] : Access token refreshed for user: user0@gmail.com
2025-11-17 15:28:13 [[32minfo[39m] : Access token refreshed for user: user0@gmail.com
2025-11-17 15:28:13 [[32minfo[39m] : Access token refreshed for user: user0@gmail.com
2025-11-17 15:28:13 [[32minfo[39m] : Access token refreshed for user: user0@gmail.com
2025-11-17 15:28:13 [[32minfo[39m] : Access token refreshed for user: user0@gmail.com
2025-11-17 15:28:13 [[32minfo[39m] : Access token refreshed for user: user0@gmail.com
2025-11-17 15:28:13 [[32minfo[39m] : Access token refreshed for user: user0@gmail.com
2025-11-17 15:28:13 [[32minfo[39m] : Access token refreshed for user: user0@gmail.com
2025-11-17 15:28:13 [[32minfo[39m] : Access token refreshed for user: user0@gmail.com
2025-11-17 15:28:13 [[32minfo[39m] : Access token refreshed for user: user0@gmail.com
2025-11-17 15:28:13 [[32minfo[39m] : Access token refreshed for user: user0@gmail.com
2025-11-17 15:28:13 [[32minfo[39m] : Access token refreshed for user: user0@gmail.com
2025-11-17 15:28:13 [[32minfo[39m] : Access token refreshed for user: user0@gmail.com
2025-11-17 15:28:13 [[32minfo[39m] : Access token refreshed for user: user0@gmail.com
2025-11-17 15:28:13 [[32minfo[39m] : Access token refreshed for user: user0@gmail.com
2025-11-17 15:28:13 [[32minfo[39m] : Access token refreshed for user: user0@gmail.com
2025-11-17 15:28:13 [[32minfo[39m] : Access token refreshed for user: user0@gmail.com
2025-11-17 15:28:13 [[32minfo[39m] : Access token refreshed for user: user0@gmail.com
2025-11-17 15:28:13 [[32minfo[39m] : Access token refreshed for user: user0@gmail.com
2025-11-17 15:28:13 [[32minfo[39m] : Access token refreshed for user: user0@gmail.com
2025-11-17 15:28:13 [[32minfo[39m] : Access token refreshed for user: user0@gmail.com
2025-11-17 15:28:13 [[32minfo[39m] : Access token refreshed for user: user0@gmail.com
2025-11-17 15:28:13 [[32minfo[39m] : Access token refreshed for user: user0@gmail.com
2025-11-17 15:28:13 [[32minfo[39m] : Access token refreshed for user: user0@gmail.com
2025-11-17 15:28:13 [[32minfo[39m] : Access token refreshed for user: user0@gmail.com
2025-11-17 15:28:13 [[32minfo[39m] : Access token refreshed for user: user0@gmail.com
2025-11-17 15:28:13 [[32minfo[39m] : Access token refreshed for user: user0@gmail.com
2025-11-17 15:28:13 [[32minfo[39m] : Access token refreshed for user: user0@gmail.com
2025-11-17 15:28:13 [[32minfo[39m] : Access token refreshed for user: user0@gmail.com
2025-11-17 15:28:13 [[32minfo[39m] : Access token refreshed for user: user0@gmail.com
2025-11-17 15:28:13 [[32minfo[39m] : Access token refreshed for user: user0@gmail.com
2025-11-17 15:28:13 [[32minfo[39m] : Access token refreshed for user: user0@gmail.com
2025-11-17 15:28:13 [[32minfo[39m] : Access token refreshed for user: user0@gmail.com
2025-11-17 15:28:13 [[32minfo[39m] : Access token refreshed for user: user0@gmail.com
2025-11-17 15:28:13 [[32minfo[39m] : Access token refreshed for user: user0@gmail.com
2025-11-17 15:28:13 [[32minfo[39m] : Access token refreshed for user: user0@gmail.com
2025-11-17 15:28:13 [[32minfo[39m] : Access token refreshed for user: user0@gmail.com
2025-11-17 15:28:14 [[32minfo[39m] : Access token refreshed for user: user0@gmail.com
2025-11-17 15:28:14 [[32minfo[39m] : Access token refreshed for user: user0@gmail.com
2025-11-17 15:28:14 [[32minfo[39m] : Access token refreshed for user: user0@gmail.com
2025-11-17 15:28:14 [[32minfo[39m] : Access token refreshed for user: user0@gmail.com
2025-11-17 15:28:14 [[32minfo[39m] : Access token refreshed for user: user0@gmail.com
2025-11-17 15:28:14 [[32minfo[39m] : Access token refreshed for user: user0@gmail.com
2025-11-17 15:28:14 [[32minfo[39m] : Access token refreshed for user: user0@gmail.com
2025-11-17 15:28:14 [[32minfo[39m] : Access token refreshed for user: user0@gmail.com
2025-11-17 15:28:14 [[32minfo[39m] : Access token refreshed for user: user0@gmail.com
2025-11-17 15:28:14 [[32minfo[39m] : Access token refreshed for user: user0@gmail.com
2025-11-17 15:28:14 [[32minfo[39m] : Access token refreshed for user: user0@gmail.com
2025-11-17 15:28:14 [[32minfo[39m] : Access token refreshed for user: user0@gmail.com
2025-11-17 15:28:14 [[32minfo[39m] : Access token refreshed for user: user0@gmail.com
2025-11-17 15:28:14 [[32minfo[39m] : Access token refreshed for user: user0@gmail.com
2025-11-17 15:28:14 [[32minfo[39m] : Access token refreshed for user: user0@gmail.com
2025-11-17 15:28:14 [[32minfo[39m] : Access token refreshed for user: user0@gmail.com
2025-11-17 15:28:14 [[32minfo[39m] : Access token refreshed for user: user0@gmail.com
2025-11-17 15:28:14 [[32minfo[39m] : Access token refreshed for user: user0@gmail.com
2025-11-17 15:28:14 [[32minfo[39m] : Access token refreshed for user: user0@gmail.com
2025-11-17 15:28:14 [[32minfo[39m] : Access token refreshed for user: user0@gmail.com
2025-11-17 15:28:14 [[32minfo[39m] : Access token refreshed for user: user0@gmail.com
2025-11-17 15:28:14 [[32minfo[39m] : Access token refreshed for user: user0@gmail.com
2025-11-17 15:28:14 [[32minfo[39m] : Access token refreshed for user: user0@gmail.com
2025-11-17 15:28:14 [[32minfo[39m] : Access token refreshed for user: user0@gmail.com
2025-11-17 15:28:14 [[32minfo[39m] : Access token refreshed for user: user0@gmail.com
2025-11-17 15:28:14 [[32minfo[39m] : Access token refreshed for user: user0@gmail.com
2025-11-17 15:28:14 [[32minfo[39m] : Access token refreshed for user: user0@gmail.com
2025-11-17 15:28:14 [[32minfo[39m] : Access token refreshed for user: user0@gmail.com
2025-11-17 15:28:14 [[32minfo[39m] : Access token refreshed for user: user0@gmail.com
2025-11-17 15:28:14 [[32minfo[39m] : Access token refreshed for user: user0@gmail.com
2025-11-17 15:28:14 [[32minfo[39m] : Access token refreshed for user: user0@gmail.com
2025-11-17 15:28:14 [[32minfo[39m] : Access token refreshed for user: user0@gmail.com
2025-11-17 15:28:14 [[32minfo[39m] : Access token refreshed for user: user0@gmail.com
2025-11-17 15:28:14 [[32minfo[39m] : Access token refreshed for user: user0@gmail.com
2025-11-17 15:28:14 [[32minfo[39m] : Access token refreshed for user: user0@gmail.com
2025-11-17 15:28:14 [[32minfo[39m] : Access token refreshed for user: user0@gmail.com
2025-11-17 15:28:14 [[32minfo[39m] : Access token refreshed for user: user0@gmail.com
2025-11-17 15:28:14 [[32minfo[39m] : Access token refreshed for user: user0@gmail.com
2025-11-17 15:28:14 [[32minfo[39m] : Access token refreshed for user: user0@gmail.com
2025-11-17 15:28:14 [[32minfo[39m] : Access token refreshed for user: user0@gmail.com
2025-11-17 15:28:14 [[32minfo[39m] : Access token refreshed for user: user0@gmail.com
2025-11-17 15:28:14 [[32minfo[39m] : Access token refreshed for user: user0@gmail.com
2025-11-17 15:28:14 [[32minfo[39m] : Access token refreshed for user: user0@gmail.com
2025-11-17 15:28:14 [[32minfo[39m] : Access token refreshed for user: user0@gmail.com
2025-11-17 15:28:14 [[32minfo[39m] : Access token refreshed for user: user0@gmail.com
2025-11-17 15:28:14 [[32minfo[39m] : Access token refreshed for user: user0@gmail.com
2025-11-17 15:28:14 [[32minfo[39m] : Access token refreshed for user: user0@gmail.com
2025-11-17 15:28:14 [[32minfo[39m] : Access token refreshed for user: user0@gmail.com
2025-11-17 15:28:14 [[32minfo[39m] : Access token refreshed for user: user0@gmail.com
2025-11-17 15:28:14 [[32minfo[39m] : Access token refreshed for user: user0@gmail.com
2025-11-17 15:28:14 [[32minfo[39m] : Access token refreshed for user: user0@gmail.com
2025-11-17 15:28:14 [[32minfo[39m] : Access token refreshed for user: user0@gmail.com
2025-11-17 15:28:14 [[32minfo[39m] : Access token refreshed for user: user0@gmail.com
2025-11-17 15:28:14 [[32minfo[39m] : Access token refreshed for user: user0@gmail.com
2025-11-17 15:28:14 [[32minfo[39m] : Access token refreshed for user: user0@gmail.com
2025-11-17 15:28:14 [[32minfo[39m] : Access token refreshed for user: user0@gmail.com
2025-11-17 15:28:14 [[32minfo[39m] : Access token refreshed for user: user0@gmail.com
2025-11-17 15:28:15 [[32minfo[39m] : Access token refreshed for user: user0@gmail.com
2025-11-17 15:28:15 [[32minfo[39m] : Access token refreshed for user: user0@gmail.com
2025-11-17 15:28:15 [[32minfo[39m] : Access token refreshed for user: user0@gmail.com
2025-11-17 15:28:15 [[32minfo[39m] : Access token refreshed for user: user0@gmail.com
2025-11-17 15:28:15 [[32minfo[39m] : Access token refreshed for user: user0@gmail.com
2025-11-17 15:28:15 [[32minfo[39m] : Access token refreshed for user: user0@gmail.com
2025-11-17 15:28:15 [[32minfo[39m] : Access token refreshed for user: user0@gmail.com
2025-11-17 15:28:15 [[32minfo[39m] : Access token refreshed for user: user0@gmail.com
2025-11-17 15:28:15 [[32minfo[39m] : Access token refreshed for user: user0@gmail.com
2025-11-17 15:28:15 [[32minfo[39m] : Access token refreshed for user: user0@gmail.com
2025-11-17 15:28:15 [[32minfo[39m] : Access token refreshed for user: user0@gmail.com
2025-11-17 15:28:15 [[32minfo[39m] : Access token refreshed for user: user0@gmail.com
2025-11-17 15:28:15 [[32minfo[39m] : Access token refreshed for user: user0@gmail.com
2025-11-17 15:28:15 [[32minfo[39m] : Access token refreshed for user: user0@gmail.com
2025-11-17 15:28:15 [[32minfo[39m] : Access token refreshed for user: user0@gmail.com
2025-11-17 15:28:15 [[32minfo[39m] : Access token refreshed for user: user0@gmail.com
2025-11-17 15:28:15 [[32minfo[39m] : Access token refreshed for user: user0@gmail.com
2025-11-17 15:28:15 [[32minfo[39m] : Access token refreshed for user: user0@gmail.com
2025-11-17 15:28:15 [[32minfo[39m] : Access token refreshed for user: user0@gmail.com
2025-11-17 15:28:15 [[32minfo[39m] : Access token refreshed for user: user0@gmail.com
2025-11-17 15:28:15 [[32minfo[39m] : Access token refreshed for user: user0@gmail.com
2025-11-17 15:28:15 [[32minfo[39m] : Access token refreshed for user: user0@gmail.com
2025-11-17 15:28:15 [[32minfo[39m] : Access token refreshed for user: user0@gmail.com
2025-11-17 15:28:15 [[32minfo[39m] : Access token refreshed for user: user0@gmail.com
2025-11-17 15:28:15 [[32minfo[39m] : Access token refreshed for user: user0@gmail.com
2025-11-17 15:28:15 [[32minfo[39m] : Access token refreshed for user: user0@gmail.com
2025-11-17 15:28:15 [[32minfo[39m] : Access token refreshed for user: user0@gmail.com
2025-11-17 15:28:15 [[32minfo[39m] : Access token refreshed for user: user0@gmail.com
2025-11-17 15:28:15 [[32minfo[39m] : Access token refreshed for user: user0@gmail.com
2025-11-17 15:28:15 [[32minfo[39m] : Access token refreshed for user: user0@gmail.com
2025-11-17 15:28:15 [[32minfo[39m] : Access token refreshed for user: user0@gmail.com
2025-11-17 15:28:15 [[32minfo[39m] : Access token refreshed for user: user0@gmail.com
2025-11-17 15:28:15 [[32minfo[39m] : Access token refreshed for user: user0@gmail.com
2025-11-17 15:28:15 [[32minfo[39m] : Access token refreshed for user: user0@gmail.com
2025-11-17 15:28:15 [[32minfo[39m] : Access token refreshed for user: user0@gmail.com
2025-11-17 15:28:15 [[32minfo[39m] : Access token refreshed for user: user0@gmail.com
2025-11-17 15:28:15 [[32minfo[39m] : Access token refreshed for user: user0@gmail.com
2025-11-17 15:28:15 [[32minfo[39m] : Access token refreshed for user: user0@gmail.com
2025-11-17 15:28:15 [[32minfo[39m] : Access token refreshed for user: user0@gmail.com
2025-11-17 15:28:15 [[32minfo[39m] : Access token refreshed for user: user0@gmail.com
2025-11-17 15:28:15 [[32minfo[39m] : Access token refreshed for user: user0@gmail.com
2025-11-17 15:28:15 [[32minfo[39m] : Access token refreshed for user: user0@gmail.com
2025-11-17 15:28:15 [[32minfo[39m] : Access token refreshed for user: user0@gmail.com
2025-11-17 15:28:15 [[32minfo[39m] : Access token refreshed for user: user0@gmail.com
2025-11-17 15:28:15 [[32minfo[39m] : Access token refreshed for user: user0@gmail.com
2025-11-17 15:28:15 [[32minfo[39m] : Access token refreshed for user: user0@gmail.com
2025-11-17 15:28:15 [[32minfo[39m] : Access token refreshed for user: user0@gmail.com
2025-11-17 15:28:15 [[32minfo[39m] : Access token refreshed for user: user0@gmail.com
2025-11-17 15:28:15 [[32minfo[39m] : Access token refreshed for user: user0@gmail.com
2025-11-17 15:28:15 [[32minfo[39m] : Access token refreshed for user: user0@gmail.com
2025-11-17 15:28:15 [[32minfo[39m] : Access token refreshed for user: user0@gmail.com
2025-11-17 15:28:15 [[32minfo[39m] : Access token refreshed for user: user0@gmail.com
2025-11-17 15:28:15 [[32minfo[39m] : Access token refreshed for user: user0@gmail.com
2025-11-17 15:28:15 [[32minfo[39m] : Access token refreshed for user: user0@gmail.com
2025-11-17 15:28:15 [[32minfo[39m] : Access token refreshed for user: user0@gmail.com
2025-11-17 15:28:15 [[32minfo[39m] : Access token refreshed for user: user0@gmail.com
2025-11-17 15:28:15 [[32minfo[39m] : Access token refreshed for user: user0@gmail.com
2025-11-17 15:28:15 [[32minfo[39m] : Access token refreshed for user: user0@gmail.com
2025-11-17 15:28:15 [[32minfo[39m] : Access token refreshed for user: user0@gmail.com
2025-11-17 15:28:15 [[32minfo[39m] : Access token refreshed for user: user0@gmail.com
2025-11-17 15:28:15 [[32minfo[39m] : Access token refreshed for user: user0@gmail.com
2025-11-17 15:28:15 [[32minfo[39m] : Access token refreshed for user: user0@gmail.com
2025-11-17 15:28:15 [[32minfo[39m] : Access token refreshed for user: user0@gmail.com
2025-11-17 15:28:15 [[32minfo[39m] : Access token refreshed for user: user0@gmail.com
2025-11-17 15:28:15 [[32minfo[39m] : Access token refreshed for user: user0@gmail.com
2025-11-17 15:28:15 [[32minfo[39m] : Access token refreshed for user: user0@gmail.com
2025-11-17 15:28:15 [[32minfo[39m] : Access token refreshed for user: user0@gmail.com
2025-11-17 15:28:15 [[32minfo[39m] : Access token refreshed for user: user0@gmail.com
2025-11-17 15:28:15 [[32minfo[39m] : Access token refreshed for user: user0@gmail.com
2025-11-17 15:28:15 [[32minfo[39m] : Access token refreshed for user: user0@gmail.com
2025-11-17 15:28:15 [[32minfo[39m] : Access token refreshed for user: user0@gmail.com
2025-11-17 15:28:15 [[32minfo[39m] : Access token refreshed for user: user0@gmail.com
2025-11-17 15:28:15 [[32minfo[39m] : Access token refreshed for user: user0@gmail.com
2025-11-17 15:28:16 [[32minfo[39m] : Access token refreshed for user: user0@gmail.com
2025-11-17 15:28:16 [[32minfo[39m] : Access token refreshed for user: user0@gmail.com
2025-11-17 15:28:16 [[32minfo[39m] : Access token refreshed for user: user0@gmail.com
2025-11-17 15:28:16 [[32minfo[39m] : Access token refreshed for user: user0@gmail.com
2025-11-17 15:28:16 [[32minfo[39m] : Access token refreshed for user: user0@gmail.com
2025-11-17 15:28:16 [[32minfo[39m] : Access token refreshed for user: user0@gmail.com
2025-11-17 15:28:16 [[32minfo[39m] : Access token refreshed for user: user0@gmail.com
2025-11-17 15:28:16 [[32minfo[39m] : Access token refreshed for user: user0@gmail.com
2025-11-17 15:28:16 [[32minfo[39m] : Access token refreshed for user: user0@gmail.com
2025-11-17 15:28:16 [[32minfo[39m] : Access token refreshed for user: user0@gmail.com
2025-11-17 15:28:16 [[32minfo[39m] : Access token refreshed for user: user0@gmail.com
2025-11-17 15:28:16 [[32minfo[39m] : Access token refreshed for user: user0@gmail.com
2025-11-17 15:28:16 [[32minfo[39m] : Access token refreshed for user: user0@gmail.com
2025-11-17 15:28:16 [[32minfo[39m] : Access token refreshed for user: user0@gmail.com
2025-11-17 15:28:16 [[32minfo[39m] : Access token refreshed for user: user0@gmail.com
2025-11-17 15:28:16 [[32minfo[39m] : Access token refreshed for user: user0@gmail.com
2025-11-17 15:28:16 [[32minfo[39m] : Access token refreshed for user: user0@gmail.com
2025-11-17 15:28:16 [[32minfo[39m] : Access token refreshed for user: user0@gmail.com
2025-11-17 15:28:16 [[32minfo[39m] : Access token refreshed for user: user0@gmail.com
2025-11-17 15:28:16 [[32minfo[39m] : Access token refreshed for user: user0@gmail.com
2025-11-17 15:28:16 [[32minfo[39m] : Access token refreshed for user: user0@gmail.com
2025-11-17 15:28:16 [[32minfo[39m] : Access token refreshed for user: user0@gmail.com
2025-11-17 15:28:16 [[32minfo[39m] : Access token refreshed for user: user0@gmail.com
2025-11-17 15:28:16 [[32minfo[39m] : Access token refreshed for user: user0@gmail.com
2025-11-17 15:28:16 [[32minfo[39m] : Access token refreshed for user: user0@gmail.com
2025-11-17 15:28:16 [[32minfo[39m] : Access token refreshed for user: user0@gmail.com
2025-11-17 15:28:16 [[32minfo[39m] : Access token refreshed for user: user0@gmail.com
2025-11-17 15:28:16 [[32minfo[39m] : Access token refreshed for user: user0@gmail.com
2025-11-17 15:28:16 [[32minfo[39m] : Access token refreshed for user: user0@gmail.com
2025-11-17 15:28:16 [[32minfo[39m] : Access token refreshed for user: user0@gmail.com
2025-11-17 15:28:16 [[32minfo[39m] : Access token refreshed for user: user0@gmail.com
2025-11-17 15:28:16 [[32minfo[39m] : Access token refreshed for user: user0@gmail.com
2025-11-17 15:28:16 [[32minfo[39m] : Access token refreshed for user: user0@gmail.com
2025-11-17 15:28:16 [[32minfo[39m] : Access token refreshed for user: user0@gmail.com
2025-11-17 15:28:16 [[32minfo[39m] : Access token refreshed for user: user0@gmail.com
2025-11-17 15:28:16 [[32minfo[39m] : Access token refreshed for user: user0@gmail.com
2025-11-17 15:28:16 [[32minfo[39m] : Access token refreshed for user: user0@gmail.com
2025-11-17 15:28:16 [[32minfo[39m] : Access token refreshed for user: user0@gmail.com
2025-11-17 15:28:16 [[32minfo[39m] : Access token refreshed for user: user0@gmail.com
2025-11-17 15:28:16 [[32minfo[39m] : Access token refreshed for user: user0@gmail.com
2025-11-17 15:28:16 [[32minfo[39m] : Access token refreshed for user: user0@gmail.com
2025-11-17 15:28:16 [[32minfo[39m] : Access token refreshed for user: user0@gmail.com
2025-11-17 15:28:16 [[32minfo[39m] : Access token refreshed for user: user0@gmail.com
2025-11-17 15:28:16 [[32minfo[39m] : Access token refreshed for user: user0@gmail.com
2025-11-17 15:28:16 [[32minfo[39m] : Access token refreshed for user: user0@gmail.com
2025-11-17 15:28:16 [[32minfo[39m] : Access token refreshed for user: user0@gmail.com
2025-11-17 15:28:16 [[32minfo[39m] : Access token refreshed for user: user0@gmail.com
2025-11-17 15:28:16 [[32minfo[39m] : Access token refreshed for user: user0@gmail.com
2025-11-17 15:28:16 [[32minfo[39m] : Access token refreshed for user: user0@gmail.com
2025-11-17 15:28:16 [[32minfo[39m] : Access token refreshed for user: user0@gmail.com
2025-11-17 15:28:16 [[32minfo[39m] : Access token refreshed for user: user0@gmail.com
2025-11-17 15:28:16 [[32minfo[39m] : Access token refreshed for user: user0@gmail.com
2025-11-17 15:28:16 [[32minfo[39m] : Access token refreshed for user: user0@gmail.com
2025-11-17 15:28:16 [[32minfo[39m] : Access token refreshed for user: user0@gmail.com
2025-11-17 15:28:16 [[32minfo[39m] : Access token refreshed for user: user0@gmail.com
2025-11-17 15:28:16 [[32minfo[39m] : Access token refreshed for user: user0@gmail.com
2025-11-17 15:28:16 [[32minfo[39m] : Access token refreshed for user: user0@gmail.com
2025-11-17 15:28:16 [[32minfo[39m] : Access token refreshed for user: user0@gmail.com
2025-11-17 15:28:16 [[32minfo[39m] : Access token refreshed for user: user0@gmail.com
2025-11-17 15:28:16 [[32minfo[39m] : Access token refreshed for user: user0@gmail.com
2025-11-17 15:28:16 [[32minfo[39m] : Access token refreshed for user: user0@gmail.com
2025-11-17 15:28:16 [[32minfo[39m] : Access token refreshed for user: user0@gmail.com
2025-11-17 15:28:16 [[32minfo[39m] : Access token refreshed for user: user0@gmail.com
2025-11-17 15:28:16 [[32minfo[39m] : Access token refreshed for user: user0@gmail.com
2025-11-17 15:28:16 [[32minfo[39m] : Access token refreshed for user: user0@gmail.com
2025-11-17 15:28:16 [[32minfo[39m] : Access token refreshed for user: user0@gmail.com
2025-11-17 15:28:16 [[32minfo[39m] : Access token refreshed for user: user0@gmail.com
2025-11-17 15:28:16 [[32minfo[39m] : Access token refreshed for user: user0@gmail.com
2025-11-17 15:28:16 [[32minfo[39m] : Access token refreshed for user: user0@gmail.com
2025-11-17 15:28:16 [[32minfo[39m] : Access token refreshed for user: user0@gmail.com
2025-11-17 15:28:16 [[32minfo[39m] : Access token refreshed for user: user0@gmail.com
2025-11-17 15:28:16 [[32minfo[39m] : Access token refreshed for user: user0@gmail.com
2025-11-17 15:28:16 [[32minfo[39m] : Access token refreshed for user: user0@gmail.com
2025-11-17 15:28:17 [[32minfo[39m] : Access token refreshed for user: user0@gmail.com
2025-11-17 15:28:17 [[32minfo[39m] : Access token refreshed for user: user0@gmail.com
2025-11-17 15:28:17 [[32minfo[39m] : Access token refreshed for user: user0@gmail.com
2025-11-17 15:28:17 [[32minfo[39m] : Access token refreshed for user: user0@gmail.com
2025-11-17 15:28:17 [[32minfo[39m] : Access token refreshed for user: user0@gmail.com
2025-11-17 15:28:17 [[32minfo[39m] : Access token refreshed for user: user0@gmail.com
2025-11-17 15:28:17 [[32minfo[39m] : Access token refreshed for user: user0@gmail.com
2025-11-17 15:28:17 [[32minfo[39m] : Access token refreshed for user: user0@gmail.com
2025-11-17 15:28:17 [[32minfo[39m] : Access token refreshed for user: user0@gmail.com
2025-11-17 15:28:17 [[32minfo[39m] : Access token refreshed for user: user0@gmail.com
2025-11-17 15:28:17 [[32minfo[39m] : Access token refreshed for user: user0@gmail.com
2025-11-17 15:28:17 [[32minfo[39m] : Access token refreshed for user: user0@gmail.com
2025-11-17 15:28:17 [[32minfo[39m] : Access token refreshed for user: user0@gmail.com
2025-11-17 15:28:17 [[32minfo[39m] : Access token refreshed for user: user0@gmail.com
2025-11-17 15:28:17 [[32minfo[39m] : Access token refreshed for user: user0@gmail.com
2025-11-17 15:28:17 [[32minfo[39m] : Access token refreshed for user: user0@gmail.com
2025-11-17 15:28:17 [[32minfo[39m] : Access token refreshed for user: user0@gmail.com
2025-11-17 15:28:17 [[32minfo[39m] : Access token refreshed for user: user0@gmail.com
2025-11-17 15:28:17 [[32minfo[39m] : Access token refreshed for user: user0@gmail.com
2025-11-17 15:28:17 [[32minfo[39m] : Access token refreshed for user: user0@gmail.com
2025-11-17 15:28:17 [[32minfo[39m] : Access token refreshed for user: user0@gmail.com
2025-11-17 15:28:17 [[32minfo[39m] : Access token refreshed for user: user0@gmail.com
2025-11-17 15:28:17 [[32minfo[39m] : Access token refreshed for user: user0@gmail.com
2025-11-17 15:28:17 [[32minfo[39m] : Access token refreshed for user: user0@gmail.com
2025-11-17 15:28:17 [[32minfo[39m] : Access token refreshed for user: user0@gmail.com
2025-11-17 15:28:17 [[32minfo[39m] : Access token refreshed for user: user0@gmail.com
2025-11-17 15:28:17 [[32minfo[39m] : Access token refreshed for user: user0@gmail.com
2025-11-17 15:28:17 [[32minfo[39m] : Access token refreshed for user: user0@gmail.com
2025-11-17 15:28:17 [[32minfo[39m] : Access token refreshed for user: user0@gmail.com
2025-11-17 15:28:17 [[32minfo[39m] : Access token refreshed for user: user0@gmail.com
2025-11-17 15:28:17 [[32minfo[39m] : Access token refreshed for user: user0@gmail.com
2025-11-17 15:28:17 [[32minfo[39m] : Access token refreshed for user: user0@gmail.com
2025-11-17 15:28:17 [[32minfo[39m] : Access token refreshed for user: user0@gmail.com
2025-11-17 15:28:17 [[32minfo[39m] : Access token refreshed for user: user0@gmail.com
2025-11-17 15:28:17 [[32minfo[39m] : Access token refreshed for user: user0@gmail.com
2025-11-17 15:28:17 [[32minfo[39m] : Access token refreshed for user: user0@gmail.com
2025-11-17 15:28:17 [[32minfo[39m] : Access token refreshed for user: user0@gmail.com
2025-11-17 15:28:17 [[32minfo[39m] : Access token refreshed for user: user0@gmail.com
2025-11-17 15:28:17 [[32minfo[39m] : Access token refreshed for user: user0@gmail.com
2025-11-17 15:28:17 [[32minfo[39m] : Access token refreshed for user: user0@gmail.com
2025-11-17 15:28:17 [[32minfo[39m] : Access token refreshed for user: user0@gmail.com
2025-11-17 15:28:17 [[32minfo[39m] : Access token refreshed for user: user0@gmail.com
2025-11-17 15:28:17 [[32minfo[39m] : Access token refreshed for user: user0@gmail.com
2025-11-17 15:28:17 [[32minfo[39m] : Access token refreshed for user: user0@gmail.com
2025-11-17 15:28:17 [[32minfo[39m] : Access token refreshed for user: user0@gmail.com
2025-11-17 15:28:17 [[32minfo[39m] : Access token refreshed for user: user0@gmail.com
2025-11-17 15:28:17 [[32minfo[39m] : Access token refreshed for user: user0@gmail.com
2025-11-17 15:28:17 [[32minfo[39m] : Access token refreshed for user: user0@gmail.com
2025-11-17 15:28:17 [[32minfo[39m] : Access token refreshed for user: user0@gmail.com
2025-11-17 15:28:17 [[32minfo[39m] : Access token refreshed for user: user0@gmail.com
2025-11-17 15:28:17 [[32minfo[39m] : Access token refreshed for user: user0@gmail.com
2025-11-17 15:28:17 [[32minfo[39m] : Access token refreshed for user: user0@gmail.com
2025-11-17 15:28:17 [[32minfo[39m] : Access token refreshed for user: user0@gmail.com
2025-11-17 15:28:17 [[32minfo[39m] : Access token refreshed for user: user0@gmail.com
2025-11-17 15:28:17 [[32minfo[39m] : Access token refreshed for user: user0@gmail.com
2025-11-17 15:28:17 [[32minfo[39m] : Access token refreshed for user: user0@gmail.com
2025-11-17 15:28:17 [[32minfo[39m] : Access token refreshed for user: user0@gmail.com
2025-11-17 15:28:17 [[32minfo[39m] : Access token refreshed for user: user0@gmail.com
2025-11-17 15:28:17 [[32minfo[39m] : Access token refreshed for user: user0@gmail.com
2025-11-17 15:28:17 [[32minfo[39m] : Access token refreshed for user: user0@gmail.com
2025-11-17 15:28:18 [[32minfo[39m] : Access token refreshed for user: user0@gmail.com
2025-11-17 15:28:18 [[32minfo[39m] : Access token refreshed for user: user0@gmail.com
2025-11-17 15:28:18 [[32minfo[39m] : Access token refreshed for user: user0@gmail.com
2025-11-17 15:28:18 [[32minfo[39m] : Access token refreshed for user: user0@gmail.com
2025-11-17 15:28:18 [[32minfo[39m] : Access token refreshed for user: user0@gmail.com
2025-11-17 15:28:18 [[32minfo[39m] : Access token refreshed for user: user0@gmail.com
2025-11-17 15:28:18 [[32minfo[39m] : Access token refreshed for user: user0@gmail.com
2025-11-17 15:28:18 [[32minfo[39m] : Access token refreshed for user: user0@gmail.com
2025-11-17 15:28:18 [[32minfo[39m] : Access token refreshed for user: user0@gmail.com
2025-11-17 15:28:18 [[32minfo[39m] : Access token refreshed for user: user0@gmail.com
2025-11-17 15:28:18 [[32minfo[39m] : Access token refreshed for user: user0@gmail.com
2025-11-17 15:28:18 [[32minfo[39m] : Access token refreshed for user: user0@gmail.com
2025-11-17 15:28:18 [[32minfo[39m] : Access token refreshed for user: user0@gmail.com
2025-11-17 15:28:18 [[32minfo[39m] : Access token refreshed for user: user0@gmail.com
2025-11-17 15:28:18 [[32minfo[39m] : Access token refreshed for user: user0@gmail.com
2025-11-17 15:28:18 [[32minfo[39m] : Access token refreshed for user: user0@gmail.com
2025-11-17 15:28:18 [[32minfo[39m] : Access token refreshed for user: user0@gmail.com
2025-11-17 15:28:18 [[32minfo[39m] : Access token refreshed for user: user0@gmail.com
2025-11-17 15:28:18 [[32minfo[39m] : Access token refreshed for user: user0@gmail.com
2025-11-17 15:28:18 [[32minfo[39m] : Access token refreshed for user: user0@gmail.com
2025-11-17 15:28:18 [[32minfo[39m] : Access token refreshed for user: user0@gmail.com
2025-11-17 15:28:18 [[32minfo[39m] : Access token refreshed for user: user0@gmail.com
2025-11-17 15:28:18 [[32minfo[39m] : Access token refreshed for user: user0@gmail.com
2025-11-17 15:28:18 [[32minfo[39m] : Access token refreshed for user: user0@gmail.com
2025-11-17 15:28:18 [[32minfo[39m] : Access token refreshed for user: user0@gmail.com
2025-11-17 15:28:18 [[32minfo[39m] : Access token refreshed for user: user0@gmail.com
2025-11-17 15:28:18 [[32minfo[39m] : Access token refreshed for user: user0@gmail.com
2025-11-17 15:28:18 [[32minfo[39m] : Access token refreshed for user: user0@gmail.com
2025-11-17 15:28:18 [[32minfo[39m] : Access token refreshed for user: user0@gmail.com
2025-11-17 15:28:18 [[32minfo[39m] : Access token refreshed for user: user0@gmail.com
2025-11-17 15:28:18 [[32minfo[39m] : Access token refreshed for user: user0@gmail.com
2025-11-17 15:28:18 [[32minfo[39m] : Access token refreshed for user: user0@gmail.com
2025-11-17 15:28:18 [[32minfo[39m] : Access token refreshed for user: user0@gmail.com
2025-11-17 15:28:18 [[32minfo[39m] : Access token refreshed for user: user0@gmail.com
2025-11-17 15:28:18 [[32minfo[39m] : Access token refreshed for user: user0@gmail.com
2025-11-17 15:28:18 [[32minfo[39m] : Access token refreshed for user: user0@gmail.com
2025-11-17 15:28:18 [[32minfo[39m] : Access token refreshed for user: user0@gmail.com
2025-11-17 15:28:18 [[32minfo[39m] : Access token refreshed for user: user0@gmail.com
2025-11-17 15:28:18 [[32minfo[39m] : Access token refreshed for user: user0@gmail.com
2025-11-17 15:28:18 [[32minfo[39m] : Access token refreshed for user: user0@gmail.com
2025-11-17 15:28:18 [[32minfo[39m] : Access token refreshed for user: user0@gmail.com
2025-11-17 15:28:18 [[32minfo[39m] : Access token refreshed for user: user0@gmail.com
2025-11-17 15:28:18 [[32minfo[39m] : Access token refreshed for user: user0@gmail.com
2025-11-17 15:28:18 [[32minfo[39m] : Access token refreshed for user: user0@gmail.com
2025-11-17 15:28:18 [[32minfo[39m] : Access token refreshed for user: user0@gmail.com
2025-11-17 15:28:18 [[32minfo[39m] : Access token refreshed for user: user0@gmail.com
2025-11-17 15:28:18 [[32minfo[39m] : Access token refreshed for user: user0@gmail.com
2025-11-17 15:28:18 [[32minfo[39m] : Access token refreshed for user: user0@gmail.com
2025-11-17 15:28:18 [[32minfo[39m] : Access token refreshed for user: user0@gmail.com
2025-11-17 15:28:18 [[32minfo[39m] : Access token refreshed for user: user0@gmail.com
2025-11-17 15:28:18 [[32minfo[39m] : Access token refreshed for user: user0@gmail.com
2025-11-17 15:28:18 [[32minfo[39m] : Access token refreshed for user: user0@gmail.com
2025-11-17 15:28:18 [[32minfo[39m] : Access token refreshed for user: user0@gmail.com
2025-11-17 15:28:18 [[32minfo[39m] : Access token refreshed for user: user0@gmail.com
2025-11-17 15:28:18 [[32minfo[39m] : Access token refreshed for user: user0@gmail.com
2025-11-17 15:28:18 [[32minfo[39m] : Access token refreshed for user: user0@gmail.com
2025-11-17 15:28:18 [[32minfo[39m] : Access token refreshed for user: user0@gmail.com
2025-11-17 15:28:18 [[32minfo[39m] : Access token refreshed for user: user0@gmail.com
2025-11-17 15:28:18 [[32minfo[39m] : Access token refreshed for user: user0@gmail.com
2025-11-17 15:28:18 [[32minfo[39m] : Access token refreshed for user: user0@gmail.com
2025-11-17 15:28:18 [[32minfo[39m] : Access token refreshed for user: user0@gmail.com
2025-11-17 15:28:18 [[32minfo[39m] : Access token refreshed for user: user0@gmail.com
2025-11-17 15:28:18 [[32minfo[39m] : Access token refreshed for user: user0@gmail.com
2025-11-17 15:28:18 [[32minfo[39m] : Access token refreshed for user: user0@gmail.com
2025-11-17 15:28:18 [[32minfo[39m] : Access token refreshed for user: user0@gmail.com
2025-11-17 15:28:19 [[32minfo[39m] : Access token refreshed for user: user0@gmail.com
2025-11-17 15:28:19 [[32minfo[39m] : Access token refreshed for user: user0@gmail.com
2025-11-17 15:28:19 [[32minfo[39m] : Access token refreshed for user: user0@gmail.com
2025-11-17 15:28:19 [[32minfo[39m] : Access token refreshed for user: user0@gmail.com
2025-11-17 15:28:19 [[32minfo[39m] : Access token refreshed for user: user0@gmail.com
2025-11-17 15:28:19 [[32minfo[39m] : Access token refreshed for user: user0@gmail.com
2025-11-17 15:28:19 [[32minfo[39m] : Access token refreshed for user: user0@gmail.com
2025-11-17 15:28:19 [[32minfo[39m] : Access token refreshed for user: user0@gmail.com
2025-11-17 15:28:19 [[32minfo[39m] : Access token refreshed for user: user0@gmail.com
2025-11-17 15:28:19 [[32minfo[39m] : Access token refreshed for user: user0@gmail.com
2025-11-17 15:28:19 [[32minfo[39m] : Access token refreshed for user: user0@gmail.com
2025-11-17 15:28:19 [[32minfo[39m] : Access token refreshed for user: user0@gmail.com
2025-11-17 15:28:19 [[32minfo[39m] : Access token refreshed for user: user0@gmail.com
2025-11-17 15:28:19 [[32minfo[39m] : Access token refreshed for user: user0@gmail.com
2025-11-17 15:28:19 [[32minfo[39m] : Access token refreshed for user: user0@gmail.com
2025-11-17 15:28:19 [[32minfo[39m] : Access token refreshed for user: user0@gmail.com
2025-11-17 15:28:19 [[32minfo[39m] : Access token refreshed for user: user0@gmail.com
2025-11-17 15:28:19 [[32minfo[39m] : Access token refreshed for user: user0@gmail.com
2025-11-17 15:28:19 [[32minfo[39m] : Access token refreshed for user: user0@gmail.com
2025-11-17 15:28:19 [[32minfo[39m] : Access token refreshed for user: user0@gmail.com
2025-11-17 15:28:19 [[32minfo[39m] : Access token refreshed for user: user0@gmail.com
2025-11-17 15:28:19 [[32minfo[39m] : Access token refreshed for user: user0@gmail.com
2025-11-17 15:28:19 [[32minfo[39m] : Access token refreshed for user: user0@gmail.com
2025-11-17 15:28:19 [[32minfo[39m] : Access token refreshed for user: user0@gmail.com
2025-11-17 15:28:19 [[32minfo[39m] : Access token refreshed for user: user0@gmail.com
2025-11-17 15:28:19 [[32minfo[39m] : Access token refreshed for user: user0@gmail.com
2025-11-17 15:28:19 [[32minfo[39m] : Access token refreshed for user: user0@gmail.com
2025-11-17 15:28:19 [[32minfo[39m] : Access token refreshed for user: user0@gmail.com
2025-11-17 15:28:19 [[32minfo[39m] : Access token refreshed for user: user0@gmail.com
2025-11-17 15:28:19 [[32minfo[39m] : Access token refreshed for user: user0@gmail.com
2025-11-17 15:28:19 [[32minfo[39m] : Access token refreshed for user: user0@gmail.com
2025-11-17 15:28:19 [[32minfo[39m] : Access token refreshed for user: user0@gmail.com
2025-11-17 15:28:19 [[32minfo[39m] : Access token refreshed for user: user0@gmail.com
2025-11-17 15:28:19 [[32minfo[39m] : Access token refreshed for user: user0@gmail.com
2025-11-17 15:28:19 [[32minfo[39m] : Access token refreshed for user: user0@gmail.com
2025-11-17 15:28:19 [[32minfo[39m] : Access token refreshed for user: user0@gmail.com
2025-11-17 15:28:19 [[32minfo[39m] : Access token refreshed for user: user0@gmail.com
2025-11-17 15:28:19 [[32minfo[39m] : Access token refreshed for user: user0@gmail.com
2025-11-17 15:28:19 [[32minfo[39m] : Access token refreshed for user: user0@gmail.com
2025-11-17 15:28:19 [[32minfo[39m] : Access token refreshed for user: user0@gmail.com
2025-11-17 15:28:19 [[32minfo[39m] : Access token refreshed for user: user0@gmail.com
2025-11-17 15:28:19 [[32minfo[39m] : Access token refreshed for user: user0@gmail.com
2025-11-17 15:28:19 [[32minfo[39m] : Access token refreshed for user: user0@gmail.com
2025-11-17 15:28:19 [[32minfo[39m] : Access token refreshed for user: user0@gmail.com
2025-11-17 15:28:19 [[32minfo[39m] : Access token refreshed for user: user0@gmail.com
2025-11-17 15:28:19 [[32minfo[39m] : Access token refreshed for user: user0@gmail.com
2025-11-17 15:28:19 [[32minfo[39m] : Access token refreshed for user: user0@gmail.com
2025-11-17 15:28:19 [[32minfo[39m] : Access token refreshed for user: user0@gmail.com
2025-11-17 15:28:19 [[32minfo[39m] : Access token refreshed for user: user0@gmail.com
2025-11-17 15:28:19 [[32minfo[39m] : Access token refreshed for user: user0@gmail.com
2025-11-17 15:28:19 [[32minfo[39m] : Access token refreshed for user: user0@gmail.com
2025-11-17 15:28:19 [[32minfo[39m] : Access token refreshed for user: user0@gmail.com
2025-11-17 15:28:19 [[32minfo[39m] : Access token refreshed for user: user0@gmail.com
2025-11-17 15:28:19 [[32minfo[39m] : Access token refreshed for user: user0@gmail.com
2025-11-17 15:28:19 [[32minfo[39m] : Access token refreshed for user: user0@gmail.com
2025-11-17 15:28:19 [[32minfo[39m] : Access token refreshed for user: user0@gmail.com
2025-11-17 15:28:19 [[32minfo[39m] : Access token refreshed for user: user0@gmail.com
2025-11-17 15:28:19 [[32minfo[39m] : Access token refreshed for user: user0@gmail.com
2025-11-17 15:28:19 [[32minfo[39m] : Access token refreshed for user: user0@gmail.com
2025-11-17 15:28:19 [[32minfo[39m] : Access token refreshed for user: user0@gmail.com
2025-11-17 15:28:19 [[32minfo[39m] : Access token refreshed for user: user0@gmail.com
2025-11-17 15:28:19 [[32minfo[39m] : Access token refreshed for user: user0@gmail.com
2025-11-17 15:28:19 [[32minfo[39m] : Access token refreshed for user: user0@gmail.com
2025-11-17 15:28:19 [[32minfo[39m] : Access token refreshed for user: user0@gmail.com
2025-11-17 15:28:20 [[32minfo[39m] : Access token refreshed for user: user0@gmail.com
2025-11-17 15:28:20 [[32minfo[39m] : Access token refreshed for user: user0@gmail.com
2025-11-17 15:28:20 [[32minfo[39m] : Access token refreshed for user: user0@gmail.com
2025-11-17 15:28:20 [[32minfo[39m] : Access token refreshed for user: user0@gmail.com
2025-11-17 15:28:20 [[32minfo[39m] : Access token refreshed for user: user0@gmail.com
2025-11-17 15:28:20 [[32minfo[39m] : Access token refreshed for user: user0@gmail.com
2025-11-17 15:28:20 [[32minfo[39m] : Access token refreshed for user: user0@gmail.com
2025-11-17 15:28:20 [[32minfo[39m] : Access token refreshed for user: user0@gmail.com
2025-11-17 15:28:20 [[32minfo[39m] : Access token refreshed for user: user0@gmail.com
2025-11-17 15:28:20 [[32minfo[39m] : Access token refreshed for user: user0@gmail.com
2025-11-17 15:28:20 [[32minfo[39m] : Access token refreshed for user: user0@gmail.com
2025-11-17 15:28:20 [[32minfo[39m] : Access token refreshed for user: user0@gmail.com
2025-11-17 15:28:20 [[32minfo[39m] : Access token refreshed for user: user0@gmail.com
2025-11-17 15:28:20 [[32minfo[39m] : Access token refreshed for user: user0@gmail.com
2025-11-17 15:28:20 [[32minfo[39m] : Access token refreshed for user: user0@gmail.com
2025-11-17 15:28:20 [[32minfo[39m] : Access token refreshed for user: user0@gmail.com
2025-11-17 15:28:20 [[32minfo[39m] : Access token refreshed for user: user0@gmail.com
2025-11-17 15:28:20 [[32minfo[39m] : Access token refreshed for user: user0@gmail.com
2025-11-17 15:28:20 [[32minfo[39m] : Access token refreshed for user: user0@gmail.com
2025-11-17 15:28:20 [[32minfo[39m] : Access token refreshed for user: user0@gmail.com
2025-11-17 15:28:20 [[32minfo[39m] : Access token refreshed for user: user0@gmail.com
2025-11-17 15:28:20 [[32minfo[39m] : Access token refreshed for user: user0@gmail.com
2025-11-17 15:28:20 [[32minfo[39m] : Access token refreshed for user: user0@gmail.com
2025-11-17 15:28:20 [[32minfo[39m] : Access token refreshed for user: user0@gmail.com
2025-11-17 15:28:20 [[32minfo[39m] : Access token refreshed for user: user0@gmail.com
2025-11-17 15:28:20 [[32minfo[39m] : Access token refreshed for user: user0@gmail.com
2025-11-17 15:28:20 [[32minfo[39m] : Access token refreshed for user: user0@gmail.com
2025-11-17 15:28:20 [[32minfo[39m] : Access token refreshed for user: user0@gmail.com
2025-11-17 15:28:20 [[32minfo[39m] : Access token refreshed for user: user0@gmail.com
2025-11-17 15:28:20 [[32minfo[39m] : Access token refreshed for user: user0@gmail.com
2025-11-17 15:28:20 [[32minfo[39m] : Access token refreshed for user: user0@gmail.com
2025-11-17 15:28:20 [[32minfo[39m] : Access token refreshed for user: user0@gmail.com
2025-11-17 15:28:20 [[32minfo[39m] : Access token refreshed for user: user0@gmail.com
2025-11-17 15:28:20 [[32minfo[39m] : Access token refreshed for user: user0@gmail.com
2025-11-17 15:28:20 [[32minfo[39m] : Access token refreshed for user: user0@gmail.com
2025-11-17 15:28:20 [[32minfo[39m] : Access token refreshed for user: user0@gmail.com
2025-11-17 15:28:20 [[32minfo[39m] : Access token refreshed for user: user0@gmail.com
2025-11-17 15:28:20 [[32minfo[39m] : Access token refreshed for user: user0@gmail.com
2025-11-17 15:28:20 [[32minfo[39m] : Access token refreshed for user: user0@gmail.com
2025-11-17 15:28:20 [[32minfo[39m] : Access token refreshed for user: user0@gmail.com
2025-11-17 15:28:20 [[32minfo[39m] : Access token refreshed for user: user0@gmail.com
2025-11-17 15:28:20 [[32minfo[39m] : Access token refreshed for user: user0@gmail.com
2025-11-17 15:28:20 [[32minfo[39m] : Access token refreshed for user: user0@gmail.com
2025-11-17 15:28:20 [[32minfo[39m] : Access token refreshed for user: user0@gmail.com
2025-11-17 15:28:20 [[32minfo[39m] : Access token refreshed for user: user0@gmail.com
2025-11-17 15:28:20 [[32minfo[39m] : Access token refreshed for user: user0@gmail.com
2025-11-17 15:28:20 [[32minfo[39m] : Access token refreshed for user: user0@gmail.com
2025-11-17 15:28:20 [[32minfo[39m] : Access token refreshed for user: user0@gmail.com
2025-11-17 15:28:20 [[32minfo[39m] : Access token refreshed for user: user0@gmail.com
2025-11-17 15:28:20 [[32minfo[39m] : Access token refreshed for user: user0@gmail.com
2025-11-17 15:28:20 [[32minfo[39m] : Access token refreshed for user: user0@gmail.com
2025-11-17 15:28:20 [[32minfo[39m] : Access token refreshed for user: user0@gmail.com
2025-11-17 15:28:20 [[32minfo[39m] : Access token refreshed for user: user0@gmail.com
2025-11-17 15:28:20 [[32minfo[39m] : Access token refreshed for user: user0@gmail.com
2025-11-17 15:28:20 [[32minfo[39m] : Access token refreshed for user: user0@gmail.com
2025-11-17 15:28:20 [[32minfo[39m] : Access token refreshed for user: user0@gmail.com
2025-11-17 15:28:20 [[32minfo[39m] : Access token refreshed for user: user0@gmail.com
2025-11-17 15:28:20 [[32minfo[39m] : Access token refreshed for user: user0@gmail.com
2025-11-17 15:28:20 [[32minfo[39m] : Access token refreshed for user: user0@gmail.com
2025-11-17 15:28:20 [[32minfo[39m] : Access token refreshed for user: user0@gmail.com
2025-11-17 15:28:20 [[32minfo[39m] : Access token refreshed for user: user0@gmail.com
2025-11-17 15:28:21 [[32minfo[39m] : Access token refreshed for user: user0@gmail.com
2025-11-17 15:28:21 [[32minfo[39m] : Access token refreshed for user: user0@gmail.com
2025-11-17 15:28:21 [[32minfo[39m] : Access token refreshed for user: user0@gmail.com
2025-11-17 15:28:21 [[32minfo[39m] : Access token refreshed for user: user0@gmail.com
2025-11-17 15:28:21 [[32minfo[39m] : Access token refreshed for user: user0@gmail.com
2025-11-17 15:28:21 [[32minfo[39m] : Access token refreshed for user: user0@gmail.com
2025-11-17 15:28:21 [[32minfo[39m] : Access token refreshed for user: user0@gmail.com
2025-11-17 15:28:21 [[32minfo[39m] : Access token refreshed for user: user0@gmail.com
2025-11-17 15:28:21 [[32minfo[39m] : Access token refreshed for user: user0@gmail.com
2025-11-17 15:28:21 [[32minfo[39m] : Access token refreshed for user: user0@gmail.com
2025-11-17 15:28:21 [[32minfo[39m] : Access token refreshed for user: user0@gmail.com
2025-11-17 15:28:21 [[32minfo[39m] : Access token refreshed for user: user0@gmail.com
2025-11-17 15:28:21 [[32minfo[39m] : Access token refreshed for user: user0@gmail.com
2025-11-17 15:28:21 [[32minfo[39m] : Access token refreshed for user: user0@gmail.com
2025-11-17 15:28:21 [[32minfo[39m] : Access token refreshed for user: user0@gmail.com
2025-11-17 15:28:21 [[32minfo[39m] : Access token refreshed for user: user0@gmail.com
2025-11-17 15:28:21 [[32minfo[39m] : Access token refreshed for user: user0@gmail.com
2025-11-17 15:28:21 [[32minfo[39m] : Access token refreshed for user: user0@gmail.com
2025-11-17 15:28:21 [[32minfo[39m] : Access token refreshed for user: user0@gmail.com
2025-11-17 15:28:21 [[32minfo[39m] : Access token refreshed for user: user0@gmail.com
2025-11-17 15:28:21 [[32minfo[39m] : Access token refreshed for user: user0@gmail.com
2025-11-17 15:28:21 [[32minfo[39m] : Access token refreshed for user: user0@gmail.com
2025-11-17 15:28:21 [[32minfo[39m] : Access token refreshed for user: user0@gmail.com
2025-11-17 15:28:21 [[32minfo[39m] : Access token refreshed for user: user0@gmail.com
2025-11-17 15:28:21 [[32minfo[39m] : Access token refreshed for user: user0@gmail.com
2025-11-17 15:28:21 [[32minfo[39m] : Access token refreshed for user: user0@gmail.com
2025-11-17 15:28:21 [[32minfo[39m] : Access token refreshed for user: user0@gmail.com
2025-11-17 15:28:21 [[32minfo[39m] : Access token refreshed for user: user0@gmail.com
2025-11-17 15:28:21 [[32minfo[39m] : Access token refreshed for user: user0@gmail.com
2025-11-17 15:28:21 [[32minfo[39m] : Access token refreshed for user: user0@gmail.com
2025-11-17 15:28:21 [[32minfo[39m] : Access token refreshed for user: user0@gmail.com
2025-11-17 15:28:22 [[32minfo[39m] : Access token refreshed for user: user0@gmail.com
2025-11-17 15:28:22 [[32minfo[39m] : Access token refreshed for user: user0@gmail.com
2025-11-17 15:28:22 [[32minfo[39m] : Access token refreshed for user: user0@gmail.com
2025-11-17 15:28:22 [[32minfo[39m] : Access token refreshed for user: user0@gmail.com
2025-11-17 15:28:22 [[32minfo[39m] : Access token refreshed for user: user0@gmail.com
2025-11-17 15:28:22 [[32minfo[39m] : Access token refreshed for user: user0@gmail.com
2025-11-17 15:28:22 [[32minfo[39m] : Access token refreshed for user: user0@gmail.com
2025-11-17 15:28:22 [[32minfo[39m] : Access token refreshed for user: user0@gmail.com
2025-11-17 15:28:22 [[32minfo[39m] : Access token refreshed for user: user0@gmail.com
2025-11-17 15:28:22 [[32minfo[39m] : Access token refreshed for user: user0@gmail.com
2025-11-17 15:28:22 [[32minfo[39m] : Access token refreshed for user: user0@gmail.com
2025-11-17 15:28:22 [[32minfo[39m] : Access token refreshed for user: user0@gmail.com
2025-11-17 15:28:22 [[32minfo[39m] : Access token refreshed for user: user0@gmail.com
2025-11-17 15:28:22 [[32minfo[39m] : Access token refreshed for user: user0@gmail.com
2025-11-17 15:28:22 [[32minfo[39m] : Access token refreshed for user: user0@gmail.com
2025-11-17 15:28:22 [[32minfo[39m] : Access token refreshed for user: user0@gmail.com
2025-11-17 15:28:22 [[32minfo[39m] : Access token refreshed for user: user0@gmail.com
2025-11-17 15:28:22 [[32minfo[39m] : Access token refreshed for user: user0@gmail.com
2025-11-17 15:28:22 [[32minfo[39m] : Access token refreshed for user: user0@gmail.com
2025-11-17 15:28:22 [[32minfo[39m] : Access token refreshed for user: user0@gmail.com
2025-11-17 15:28:22 [[32minfo[39m] : Access token refreshed for user: user0@gmail.com
2025-11-17 15:28:22 [[32minfo[39m] : Access token refreshed for user: user0@gmail.com
2025-11-17 15:28:22 [[32minfo[39m] : Access token refreshed for user: user0@gmail.com
2025-11-17 15:28:22 [[32minfo[39m] : Access token refreshed for user: user0@gmail.com
2025-11-17 15:28:22 [[32minfo[39m] : Access token refreshed for user: user0@gmail.com
2025-11-17 15:28:22 [[32minfo[39m] : Access token refreshed for user: user0@gmail.com
2025-11-17 15:28:22 [[32minfo[39m] : Access token refreshed for user: user0@gmail.com
2025-11-17 15:28:22 [[32minfo[39m] : Access token refreshed for user: user0@gmail.com
2025-11-17 15:28:22 [[32minfo[39m] : Access token refreshed for user: user0@gmail.com
2025-11-17 15:28:22 [[32minfo[39m] : Access token refreshed for user: user0@gmail.com
2025-11-17 15:28:22 [[32minfo[39m] : Access token refreshed for user: user0@gmail.com
2025-11-17 15:28:22 [[32minfo[39m] : Access token refreshed for user: user0@gmail.com
2025-11-17 15:28:22 [[32minfo[39m] : Access token refreshed for user: user0@gmail.com
2025-11-17 15:28:22 [[32minfo[39m] : Access token refreshed for user: user0@gmail.com
2025-11-17 15:28:22 [[32minfo[39m] : Access token refreshed for user: user0@gmail.com
2025-11-17 15:28:22 [[32minfo[39m] : Access token refreshed for user: user0@gmail.com
2025-11-17 15:28:22 [[32minfo[39m] : Access token refreshed for user: user0@gmail.com
2025-11-17 15:28:22 [[32minfo[39m] : Access token refreshed for user: user0@gmail.com
2025-11-17 15:28:22 [[32minfo[39m] : Access token refreshed for user: user0@gmail.com
2025-11-17 15:28:22 [[32minfo[39m] : Access token refreshed for user: user0@gmail.com
2025-11-17 15:28:22 [[32minfo[39m] : Access token refreshed for user: user0@gmail.com
2025-11-17 15:28:22 [[32minfo[39m] : Access token refreshed for user: user0@gmail.com
2025-11-17 15:28:22 [[32minfo[39m] : Access token refreshed for user: user0@gmail.com
2025-11-17 15:28:22 [[32minfo[39m] : Access token refreshed for user: user0@gmail.com
2025-11-17 15:28:22 [[32minfo[39m] : Access token refreshed for user: user0@gmail.com
2025-11-17 15:28:22 [[32minfo[39m] : Access token refreshed for user: user0@gmail.com
2025-11-17 15:28:22 [[32minfo[39m] : Access token refreshed for user: user0@gmail.com
2025-11-17 15:28:22 [[32minfo[39m] : Access token refreshed for user: user0@gmail.com
2025-11-17 15:28:22 [[32minfo[39m] : Access token refreshed for user: user0@gmail.com
2025-11-17 15:28:22 [[32minfo[39m] : Access token refreshed for user: user0@gmail.com
2025-11-17 15:28:22 [[32minfo[39m] : Access token refreshed for user: user0@gmail.com
2025-11-17 15:28:22 [[32minfo[39m] : Access token refreshed for user: user0@gmail.com
2025-11-17 15:28:22 [[32minfo[39m] : Access token refreshed for user: user0@gmail.com
2025-11-17 15:28:22 [[32minfo[39m] : Access token refreshed for user: user0@gmail.com
2025-11-17 15:28:22 [[32minfo[39m] : Access token refreshed for user: user0@gmail.com
2025-11-17 15:28:22 [[32minfo[39m] : Access token refreshed for user: user0@gmail.com
2025-11-17 15:28:22 [[32minfo[39m] : Access token refreshed for user: user0@gmail.com
2025-11-17 15:28:22 [[32minfo[39m] : Access token refreshed for user: user0@gmail.com
2025-11-17 15:28:22 [[32minfo[39m] : Access token refreshed for user: user0@gmail.com
2025-11-17 15:28:22 [[32minfo[39m] : Access token refreshed for user: user0@gmail.com
2025-11-17 15:28:22 [[32minfo[39m] : Access token refreshed for user: user0@gmail.com
2025-11-17 15:28:22 [[32minfo[39m] : Access token refreshed for user: user0@gmail.com
2025-11-17 15:28:22 [[32minfo[39m] : Access token refreshed for user: user0@gmail.com
2025-11-17 15:28:22 [[32minfo[39m] : Access token refreshed for user: user0@gmail.com
2025-11-17 15:28:22 [[32minfo[39m] : Access token refreshed for user: user0@gmail.com
2025-11-17 15:28:23 [[32minfo[39m] : Access token refreshed for user: user0@gmail.com
2025-11-17 15:28:23 [[32minfo[39m] : Access token refreshed for user: user0@gmail.com
2025-11-17 15:28:23 [[32minfo[39m] : Access token refreshed for user: user0@gmail.com
2025-11-17 15:28:23 [[32minfo[39m] : Access token refreshed for user: user0@gmail.com
2025-11-17 15:28:23 [[32minfo[39m] : Access token refreshed for user: user0@gmail.com
2025-11-17 15:28:23 [[32minfo[39m] : Access token refreshed for user: user0@gmail.com
2025-11-17 15:28:23 [[32minfo[39m] : Access token refreshed for user: user0@gmail.com
2025-11-17 15:28:23 [[32minfo[39m] : Access token refreshed for user: user0@gmail.com
2025-11-17 15:28:23 [[32minfo[39m] : Access token refreshed for user: user0@gmail.com
2025-11-17 15:28:23 [[32minfo[39m] : Access token refreshed for user: user0@gmail.com
2025-11-17 15:28:23 [[32minfo[39m] : Access token refreshed for user: user0@gmail.com
2025-11-17 15:28:23 [[32minfo[39m] : Access token refreshed for user: user0@gmail.com
2025-11-17 15:28:23 [[32minfo[39m] : Access token refreshed for user: user0@gmail.com
2025-11-17 15:28:23 [[32minfo[39m] : Access token refreshed for user: user0@gmail.com
2025-11-17 15:28:23 [[32minfo[39m] : Access token refreshed for user: user0@gmail.com
2025-11-17 15:28:23 [[32minfo[39m] : Access token refreshed for user: user0@gmail.com
2025-11-17 15:28:23 [[32minfo[39m] : Access token refreshed for user: user0@gmail.com
2025-11-17 15:28:23 [[32minfo[39m] : Access token refreshed for user: user0@gmail.com
2025-11-17 15:28:23 [[32minfo[39m] : Access token refreshed for user: user0@gmail.com
2025-11-17 15:28:23 [[32minfo[39m] : Access token refreshed for user: user0@gmail.com
2025-11-17 15:28:23 [[32minfo[39m] : Access token refreshed for user: user0@gmail.com
2025-11-17 15:28:23 [[32minfo[39m] : Access token refreshed for user: user0@gmail.com
2025-11-17 15:28:23 [[32minfo[39m] : Access token refreshed for user: user0@gmail.com
2025-11-17 15:28:23 [[32minfo[39m] : Access token refreshed for user: user0@gmail.com
2025-11-17 15:28:23 [[32minfo[39m] : Access token refreshed for user: user0@gmail.com
2025-11-17 15:28:23 [[32minfo[39m] : Access token refreshed for user: user0@gmail.com
2025-11-17 15:28:23 [[32minfo[39m] : Access token refreshed for user: user0@gmail.com
2025-11-17 15:28:23 [[32minfo[39m] : Access token refreshed for user: user0@gmail.com
2025-11-17 15:28:23 [[32minfo[39m] : Access token refreshed for user: user0@gmail.com
2025-11-17 15:28:23 [[32minfo[39m] : Access token refreshed for user: user0@gmail.com
2025-11-17 15:28:23 [[32minfo[39m] : Access token refreshed for user: user0@gmail.com
2025-11-17 15:28:23 [[32minfo[39m] : Access token refreshed for user: user0@gmail.com
2025-11-17 15:28:23 [[32minfo[39m] : Access token refreshed for user: user0@gmail.com
2025-11-17 15:28:23 [[32minfo[39m] : Access token refreshed for user: user0@gmail.com
2025-11-17 15:28:23 [[32minfo[39m] : Access token refreshed for user: user0@gmail.com
2025-11-17 15:28:23 [[32minfo[39m] : Access token refreshed for user: user0@gmail.com
2025-11-17 15:28:23 [[32minfo[39m] : Access token refreshed for user: user0@gmail.com
2025-11-17 15:28:23 [[32minfo[39m] : Access token refreshed for user: user0@gmail.com
2025-11-17 15:28:23 [[32minfo[39m] : Access token refreshed for user: user0@gmail.com
2025-11-17 15:28:23 [[32minfo[39m] : Access token refreshed for user: user0@gmail.com
2025-11-17 15:28:23 [[32minfo[39m] : Access token refreshed for user: user0@gmail.com
2025-11-17 15:28:23 [[32minfo[39m] : Access token refreshed for user: user0@gmail.com
2025-11-17 15:28:23 [[32minfo[39m] : Access token refreshed for user: user0@gmail.com
2025-11-17 15:28:23 [[32minfo[39m] : Access token refreshed for user: user0@gmail.com
2025-11-17 15:28:23 [[32minfo[39m] : Access token refreshed for user: user0@gmail.com
2025-11-17 15:28:23 [[32minfo[39m] : Access token refreshed for user: user0@gmail.com
2025-11-17 15:28:23 [[32minfo[39m] : Access token refreshed for user: user0@gmail.com
2025-11-17 15:28:23 [[32minfo[39m] : Access token refreshed for user: user0@gmail.com
2025-11-17 15:28:23 [[32minfo[39m] : Access token refreshed for user: user0@gmail.com
2025-11-17 15:28:23 [[32minfo[39m] : Access token refreshed for user: user0@gmail.com
2025-11-17 15:28:23 [[32minfo[39m] : Access token refreshed for user: user0@gmail.com
2025-11-17 15:28:23 [[32minfo[39m] : Access token refreshed for user: user0@gmail.com
2025-11-17 15:28:23 [[32minfo[39m] : Access token refreshed for user: user0@gmail.com
2025-11-17 15:28:23 [[32minfo[39m] : Access token refreshed for user: user0@gmail.com
2025-11-17 15:28:23 [[32minfo[39m] : Access token refreshed for user: user0@gmail.com
2025-11-17 15:28:23 [[32minfo[39m] : Access token refreshed for user: user0@gmail.com
2025-11-17 15:28:23 [[32minfo[39m] : Access token refreshed for user: user0@gmail.com
2025-11-17 15:28:23 [[32minfo[39m] : Access token refreshed for user: user0@gmail.com
2025-11-17 15:28:23 [[32minfo[39m] : Access token refreshed for user: user0@gmail.com
2025-11-17 15:28:23 [[32minfo[39m] : Access token refreshed for user: user0@gmail.com
2025-11-17 15:28:23 [[32minfo[39m] : Access token refreshed for user: user0@gmail.com
2025-11-17 15:28:23 [[32minfo[39m] : Access token refreshed for user: user0@gmail.com
2025-11-17 15:28:23 [[32minfo[39m] : Access token refreshed for user: user0@gmail.com
2025-11-17 15:28:23 [[32minfo[39m] : Access token refreshed for user: user0@gmail.com
2025-11-17 15:28:23 [[32minfo[39m] : Access token refreshed for user: user0@gmail.com
2025-11-17 15:28:23 [[32minfo[39m] : Access token refreshed for user: user0@gmail.com
2025-11-17 15:28:23 [[32minfo[39m] : Access token refreshed for user: user0@gmail.com
2025-11-17 15:28:23 [[32minfo[39m] : Access token refreshed for user: user0@gmail.com
2025-11-17 15:28:23 [[32minfo[39m] : Access token refreshed for user: user0@gmail.com
2025-11-17 15:28:24 [[32minfo[39m] : Access token refreshed for user: user0@gmail.com
2025-11-17 15:28:24 [[32minfo[39m] : Access token refreshed for user: user0@gmail.com
2025-11-17 15:28:24 [[32minfo[39m] : Access token refreshed for user: user0@gmail.com
2025-11-17 15:28:24 [[32minfo[39m] : Access token refreshed for user: user0@gmail.com
2025-11-17 15:28:24 [[32minfo[39m] : Access token refreshed for user: user0@gmail.com
2025-11-17 15:28:24 [[32minfo[39m] : Access token refreshed for user: user0@gmail.com
2025-11-17 15:28:24 [[32minfo[39m] : Access token refreshed for user: user0@gmail.com
2025-11-17 15:28:24 [[32minfo[39m] : Access token refreshed for user: user0@gmail.com
2025-11-17 15:28:24 [[32minfo[39m] : Access token refreshed for user: user0@gmail.com
2025-11-17 15:28:24 [[32minfo[39m] : Access token refreshed for user: user0@gmail.com
2025-11-17 15:28:24 [[32minfo[39m] : Access token refreshed for user: user0@gmail.com
2025-11-17 15:28:24 [[32minfo[39m] : Access token refreshed for user: user0@gmail.com
2025-11-17 15:28:24 [[32minfo[39m] : Access token refreshed for user: user0@gmail.com
2025-11-17 15:28:24 [[32minfo[39m] : Access token refreshed for user: user0@gmail.com
2025-11-17 15:28:24 [[32minfo[39m] : Access token refreshed for user: user0@gmail.com
2025-11-17 15:28:24 [[32minfo[39m] : Access token refreshed for user: user0@gmail.com
2025-11-17 15:28:24 [[32minfo[39m] : Access token refreshed for user: user0@gmail.com
2025-11-17 15:28:24 [[32minfo[39m] : Access token refreshed for user: user0@gmail.com
2025-11-17 15:28:24 [[32minfo[39m] : Access token refreshed for user: user0@gmail.com
2025-11-17 15:28:24 [[32minfo[39m] : Access token refreshed for user: user0@gmail.com
2025-11-17 15:28:24 [[32minfo[39m] : Access token refreshed for user: user0@gmail.com
2025-11-17 15:28:24 [[32minfo[39m] : Access token refreshed for user: user0@gmail.com
2025-11-17 15:28:24 [[32minfo[39m] : Access token refreshed for user: user0@gmail.com
2025-11-17 15:28:24 [[32minfo[39m] : Access token refreshed for user: user0@gmail.com
2025-11-17 15:28:24 [[32minfo[39m] : Access token refreshed for user: user0@gmail.com
2025-11-17 15:28:24 [[32minfo[39m] : Access token refreshed for user: user0@gmail.com
2025-11-17 15:28:24 [[32minfo[39m] : Access token refreshed for user: user0@gmail.com
2025-11-17 15:28:24 [[32minfo[39m] : Access token refreshed for user: user0@gmail.com
2025-11-17 15:28:24 [[32minfo[39m] : Access token refreshed for user: user0@gmail.com
2025-11-17 15:28:24 [[32minfo[39m] : Access token refreshed for user: user0@gmail.com
2025-11-17 15:28:24 [[32minfo[39m] : Access token refreshed for user: user0@gmail.com
2025-11-17 15:28:24 [[32minfo[39m] : Access token refreshed for user: user0@gmail.com
2025-11-17 15:28:24 [[32minfo[39m] : Access token refreshed for user: user0@gmail.com
2025-11-17 15:28:24 [[32minfo[39m] : Access token refreshed for user: user0@gmail.com
2025-11-17 15:28:24 [[32minfo[39m] : Access token refreshed for user: user0@gmail.com
2025-11-17 15:28:24 [[32minfo[39m] : Access token refreshed for user: user0@gmail.com
2025-11-17 15:28:24 [[32minfo[39m] : Access token refreshed for user: user0@gmail.com
2025-11-17 15:28:24 [[32minfo[39m] : Access token refreshed for user: user0@gmail.com
2025-11-17 15:28:24 [[32minfo[39m] : Access token refreshed for user: user0@gmail.com
2025-11-17 15:28:24 [[32minfo[39m] : Access token refreshed for user: user0@gmail.com
2025-11-17 15:28:24 [[32minfo[39m] : Access token refreshed for user: user0@gmail.com
2025-11-17 15:28:24 [[32minfo[39m] : Access token refreshed for user: user0@gmail.com
2025-11-17 15:28:24 [[32minfo[39m] : Access token refreshed for user: user0@gmail.com
2025-11-17 15:28:24 [[32minfo[39m] : Access token refreshed for user: user0@gmail.com
2025-11-17 15:28:24 [[32minfo[39m] : Access token refreshed for user: user0@gmail.com
2025-11-17 15:28:24 [[32minfo[39m] : Access token refreshed for user: user0@gmail.com
2025-11-17 15:28:24 [[32minfo[39m] : Access token refreshed for user: user0@gmail.com
2025-11-17 15:28:24 [[32minfo[39m] : Access token refreshed for user: user0@gmail.com
2025-11-17 15:28:24 [[32minfo[39m] : Access token refreshed for user: user0@gmail.com
2025-11-17 15:28:24 [[32minfo[39m] : Access token refreshed for user: user0@gmail.com
2025-11-17 15:28:24 [[32minfo[39m] : Access token refreshed for user: user0@gmail.com
2025-11-17 15:28:24 [[32minfo[39m] : Access token refreshed for user: user0@gmail.com
2025-11-17 15:28:24 [[32minfo[39m] : Access token refreshed for user: user0@gmail.com
2025-11-17 15:28:24 [[32minfo[39m] : Access token refreshed for user: user0@gmail.com
2025-11-17 15:28:24 [[32minfo[39m] : Access token refreshed for user: user0@gmail.com
2025-11-17 15:28:24 [[32minfo[39m] : Access token refreshed for user: user0@gmail.com
2025-11-17 15:28:24 [[32minfo[39m] : Access token refreshed for user: user0@gmail.com
2025-11-17 15:28:24 [[32minfo[39m] : Access token refreshed for user: user0@gmail.com
2025-11-17 15:28:24 [[32minfo[39m] : Access token refreshed for user: user0@gmail.com
2025-11-17 15:28:24 [[32minfo[39m] : Access token refreshed for user: user0@gmail.com
2025-11-17 15:28:24 [[32minfo[39m] : Access token refreshed for user: user0@gmail.com
2025-11-17 15:28:24 [[32minfo[39m] : Access token refreshed for user: user0@gmail.com
2025-11-17 15:28:24 [[32minfo[39m] : Access token refreshed for user: user0@gmail.com
2025-11-17 15:28:24 [[32minfo[39m] : Access token refreshed for user: user0@gmail.com
2025-11-17 15:28:24 [[32minfo[39m] : Access token refreshed for user: user0@gmail.com
2025-11-17 15:28:24 [[32minfo[39m] : Access token refreshed for user: user0@gmail.com
2025-11-17 15:28:24 [[32minfo[39m] : Access token refreshed for user: user0@gmail.com
2025-11-17 15:28:24 [[32minfo[39m] : Access token refreshed for user: user0@gmail.com
2025-11-17 15:28:24 [[32minfo[39m] : Access token refreshed for user: user0@gmail.com
2025-11-17 15:28:24 [[32minfo[39m] : Access token refreshed for user: user0@gmail.com
2025-11-17 15:28:24 [[32minfo[39m] : Access token refreshed for user: user0@gmail.com
2025-11-17 15:28:24 [[32minfo[39m] : Access token refreshed for user: user0@gmail.com
2025-11-17 15:28:24 [[32minfo[39m] : Access token refreshed for user: user0@gmail.com
2025-11-17 15:28:24 [[32minfo[39m] : Access token refreshed for user: user0@gmail.com
2025-11-17 15:28:24 [[32minfo[39m] : Access token refreshed for user: user0@gmail.com
2025-11-17 15:28:24 [[32minfo[39m] : Access token refreshed for user: user0@gmail.com
2025-11-17 15:28:25 [[32minfo[39m] : Access token refreshed for user: user0@gmail.com
2025-11-17 15:28:25 [[32minfo[39m] : Access token refreshed for user: user0@gmail.com
2025-11-17 15:28:25 [[32minfo[39m] : Access token refreshed for user: user0@gmail.com
2025-11-17 15:28:25 [[32minfo[39m] : Access token refreshed for user: user0@gmail.com
2025-11-17 15:28:25 [[32minfo[39m] : Access token refreshed for user: user0@gmail.com
2025-11-17 15:28:25 [[32minfo[39m] : Access token refreshed for user: user0@gmail.com
2025-11-17 15:28:25 [[32minfo[39m] : Access token refreshed for user: user0@gmail.com
2025-11-17 15:28:25 [[32minfo[39m] : Access token refreshed for user: user0@gmail.com
2025-11-17 15:28:25 [[32minfo[39m] : Access token refreshed for user: user0@gmail.com
2025-11-17 15:28:25 [[32minfo[39m] : Access token refreshed for user: user0@gmail.com
2025-11-17 15:28:25 [[32minfo[39m] : Access token refreshed for user: user0@gmail.com
2025-11-17 15:28:25 [[32minfo[39m] : Access token refreshed for user: user0@gmail.com
2025-11-17 15:28:25 [[32minfo[39m] : Access token refreshed for user: user0@gmail.com
2025-11-17 15:28:25 [[32minfo[39m] : Access token refreshed for user: user0@gmail.com
2025-11-17 15:28:25 [[32minfo[39m] : Access token refreshed for user: user0@gmail.com
2025-11-17 15:28:25 [[32minfo[39m] : Access token refreshed for user: user0@gmail.com
2025-11-17 15:28:25 [[32minfo[39m] : Access token refreshed for user: user0@gmail.com
2025-11-17 15:28:25 [[32minfo[39m] : Access token refreshed for user: user0@gmail.com
2025-11-17 15:28:25 [[32minfo[39m] : Access token refreshed for user: user0@gmail.com
2025-11-17 15:28:25 [[32minfo[39m] : Access token refreshed for user: user0@gmail.com
2025-11-17 15:28:25 [[32minfo[39m] : Access token refreshed for user: user0@gmail.com
2025-11-17 15:28:25 [[32minfo[39m] : Access token refreshed for user: user0@gmail.com
2025-11-17 15:28:25 [[32minfo[39m] : Access token refreshed for user: user0@gmail.com
2025-11-17 15:28:25 [[32minfo[39m] : Access token refreshed for user: user0@gmail.com
2025-11-17 15:28:25 [[32minfo[39m] : Access token refreshed for user: user0@gmail.com
2025-11-17 15:28:25 [[32minfo[39m] : Access token refreshed for user: user0@gmail.com
2025-11-17 15:28:25 [[32minfo[39m] : Access token refreshed for user: user0@gmail.com
2025-11-17 15:28:25 [[32minfo[39m] : Access token refreshed for user: user0@gmail.com
2025-11-17 15:28:25 [[32minfo[39m] : Access token refreshed for user: user0@gmail.com
2025-11-17 15:28:25 [[32minfo[39m] : Access token refreshed for user: user0@gmail.com
2025-11-17 15:28:25 [[32minfo[39m] : Access token refreshed for user: user0@gmail.com
2025-11-17 15:28:25 [[32minfo[39m] : Access token refreshed for user: user0@gmail.com
2025-11-17 15:28:25 [[32minfo[39m] : Access token refreshed for user: user0@gmail.com
2025-11-17 15:28:25 [[32minfo[39m] : Access token refreshed for user: user0@gmail.com
2025-11-17 15:28:25 [[32minfo[39m] : Access token refreshed for user: user0@gmail.com
2025-11-17 15:28:25 [[32minfo[39m] : Access token refreshed for user: user0@gmail.com
2025-11-17 15:28:25 [[32minfo[39m] : Access token refreshed for user: user0@gmail.com
2025-11-17 15:28:25 [[32minfo[39m] : Access token refreshed for user: user0@gmail.com
2025-11-17 15:28:25 [[32minfo[39m] : Access token refreshed for user: user0@gmail.com
2025-11-17 15:28:25 [[32minfo[39m] : Access token refreshed for user: user0@gmail.com
2025-11-17 15:28:25 [[32minfo[39m] : Access token refreshed for user: user0@gmail.com
2025-11-17 15:28:25 [[32minfo[39m] : Access token refreshed for user: user0@gmail.com
2025-11-17 15:28:25 [[32minfo[39m] : Access token refreshed for user: user0@gmail.com
2025-11-17 15:28:25 [[32minfo[39m] : Access token refreshed for user: user0@gmail.com
2025-11-17 15:28:25 [[32minfo[39m] : Access token refreshed for user: user0@gmail.com
2025-11-17 15:28:25 [[32minfo[39m] : Access token refreshed for user: user0@gmail.com
2025-11-17 15:28:25 [[32minfo[39m] : Access token refreshed for user: user0@gmail.com
2025-11-17 15:28:25 [[32minfo[39m] : Access token refreshed for user: user0@gmail.com
2025-11-17 15:28:25 [[32minfo[39m] : Access token refreshed for user: user0@gmail.com
2025-11-17 15:28:25 [[32minfo[39m] : Access token refreshed for user: user0@gmail.com
2025-11-17 15:28:25 [[32minfo[39m] : Access token refreshed for user: user0@gmail.com
2025-11-17 15:28:25 [[32minfo[39m] : Access token refreshed for user: user0@gmail.com
2025-11-17 15:28:25 [[32minfo[39m] : Access token refreshed for user: user0@gmail.com
2025-11-17 15:28:25 [[32minfo[39m] : Access token refreshed for user: user0@gmail.com
2025-11-17 15:28:25 [[32minfo[39m] : Access token refreshed for user: user0@gmail.com
2025-11-17 15:28:25 [[32minfo[39m] : Access token refreshed for user: user0@gmail.com
2025-11-17 15:28:25 [[32minfo[39m] : Access token refreshed for user: user0@gmail.com
2025-11-17 15:28:25 [[32minfo[39m] : Access token refreshed for user: user0@gmail.com
2025-11-17 15:28:25 [[32minfo[39m] : Access token refreshed for user: user0@gmail.com
2025-11-17 15:28:25 [[32minfo[39m] : Access token refreshed for user: user0@gmail.com
2025-11-17 15:28:25 [[32minfo[39m] : Access token refreshed for user: user0@gmail.com
2025-11-17 15:28:25 [[32minfo[39m] : Access token refreshed for user: user0@gmail.com
2025-11-17 15:28:25 [[32minfo[39m] : Access token refreshed for user: user0@gmail.com
2025-11-17 15:28:25 [[32minfo[39m] : Access token refreshed for user: user0@gmail.com
2025-11-17 15:28:25 [[32minfo[39m] : Access token refreshed for user: user0@gmail.com
2025-11-17 15:28:26 [[32minfo[39m] : Access token refreshed for user: user0@gmail.com
2025-11-17 15:28:26 [[32minfo[39m] : Access token refreshed for user: user0@gmail.com
2025-11-17 15:28:26 [[32minfo[39m] : Access token refreshed for user: user0@gmail.com
2025-11-17 15:28:26 [[32minfo[39m] : Access token refreshed for user: user0@gmail.com
2025-11-17 15:28:26 [[32minfo[39m] : Access token refreshed for user: user0@gmail.com
2025-11-17 15:28:26 [[32minfo[39m] : Access token refreshed for user: user0@gmail.com
2025-11-17 15:28:26 [[32minfo[39m] : Access token refreshed for user: user0@gmail.com
2025-11-17 15:28:26 [[32minfo[39m] : Access token refreshed for user: user0@gmail.com
2025-11-17 15:28:26 [[32minfo[39m] : Access token refreshed for user: user0@gmail.com
2025-11-17 15:28:26 [[32minfo[39m] : Access token refreshed for user: user0@gmail.com
2025-11-17 15:28:26 [[32minfo[39m] : Access token refreshed for user: user0@gmail.com
2025-11-17 15:28:26 [[32minfo[39m] : Access token refreshed for user: user0@gmail.com
2025-11-17 15:28:26 [[32minfo[39m] : Access token refreshed for user: user0@gmail.com
2025-11-17 15:28:26 [[32minfo[39m] : Access token refreshed for user: user0@gmail.com
2025-11-17 15:28:26 [[32minfo[39m] : Access token refreshed for user: user0@gmail.com
2025-11-17 15:28:26 [[32minfo[39m] : Access token refreshed for user: user0@gmail.com
2025-11-17 15:28:26 [[32minfo[39m] : Access token refreshed for user: user0@gmail.com
2025-11-17 15:28:26 [[32minfo[39m] : Access token refreshed for user: user0@gmail.com
2025-11-17 15:28:26 [[32minfo[39m] : Access token refreshed for user: user0@gmail.com
2025-11-17 15:28:26 [[32minfo[39m] : Access token refreshed for user: user0@gmail.com
2025-11-17 15:28:26 [[32minfo[39m] : Access token refreshed for user: user0@gmail.com
2025-11-17 15:28:26 [[32minfo[39m] : Access token refreshed for user: user0@gmail.com
2025-11-17 15:28:26 [[32minfo[39m] : Access token refreshed for user: user0@gmail.com
2025-11-17 15:28:26 [[32minfo[39m] : Access token refreshed for user: user0@gmail.com
2025-11-17 15:28:26 [[32minfo[39m] : Access token refreshed for user: user0@gmail.com
2025-11-17 15:28:26 [[32minfo[39m] : Access token refreshed for user: user0@gmail.com
2025-11-17 15:28:26 [[32minfo[39m] : Access token refreshed for user: user0@gmail.com
2025-11-17 15:28:26 [[32minfo[39m] : Access token refreshed for user: user0@gmail.com
2025-11-17 15:28:26 [[32minfo[39m] : Access token refreshed for user: user0@gmail.com
2025-11-17 15:28:26 [[32minfo[39m] : Access token refreshed for user: user0@gmail.com
2025-11-17 15:28:26 [[32minfo[39m] : Access token refreshed for user: user0@gmail.com
2025-11-17 15:28:26 [[32minfo[39m] : Access token refreshed for user: user0@gmail.com
2025-11-17 15:28:26 [[32minfo[39m] : Access token refreshed for user: user0@gmail.com
2025-11-17 15:28:26 [[32minfo[39m] : Access token refreshed for user: user0@gmail.com
2025-11-17 15:28:26 [[32minfo[39m] : Access token refreshed for user: user0@gmail.com
2025-11-17 15:28:26 [[32minfo[39m] : Access token refreshed for user: user0@gmail.com
2025-11-17 15:28:26 [[32minfo[39m] : Access token refreshed for user: user0@gmail.com
2025-11-17 15:28:26 [[32minfo[39m] : Access token refreshed for user: user0@gmail.com
2025-11-17 15:28:26 [[32minfo[39m] : Access token refreshed for user: user0@gmail.com
2025-11-17 15:28:26 [[32minfo[39m] : Access token refreshed for user: user0@gmail.com
2025-11-17 15:28:26 [[32minfo[39m] : Access token refreshed for user: user0@gmail.com
2025-11-17 15:28:26 [[32minfo[39m] : Access token refreshed for user: user0@gmail.com
2025-11-17 15:28:26 [[32minfo[39m] : Access token refreshed for user: user0@gmail.com
2025-11-17 15:28:26 [[32minfo[39m] : Access token refreshed for user: user0@gmail.com
2025-11-17 15:28:26 [[32minfo[39m] : Access token refreshed for user: user0@gmail.com
2025-11-17 15:28:26 [[32minfo[39m] : Access token refreshed for user: user0@gmail.com
2025-11-17 15:28:26 [[32minfo[39m] : Access token refreshed for user: user0@gmail.com
2025-11-17 15:28:26 [[32minfo[39m] : Access token refreshed for user: user0@gmail.com
2025-11-17 15:28:26 [[32minfo[39m] : Access token refreshed for user: user0@gmail.com
2025-11-17 15:28:26 [[32minfo[39m] : Access token refreshed for user: user0@gmail.com
2025-11-17 15:28:26 [[32minfo[39m] : Access token refreshed for user: user0@gmail.com
2025-11-17 15:28:26 [[32minfo[39m] : Access token refreshed for user: user0@gmail.com
2025-11-17 15:28:26 [[32minfo[39m] : Access token refreshed for user: user0@gmail.com
2025-11-17 15:28:26 [[32minfo[39m] : Access token refreshed for user: user0@gmail.com
2025-11-17 15:28:26 [[32minfo[39m] : Access token refreshed for user: user0@gmail.com
2025-11-17 15:28:26 [[32minfo[39m] : Access token refreshed for user: user0@gmail.com
2025-11-17 15:28:26 [[32minfo[39m] : Access token refreshed for user: user0@gmail.com
2025-11-17 15:28:26 [[32minfo[39m] : Access token refreshed for user: user0@gmail.com
2025-11-17 15:28:26 [[32minfo[39m] : Access token refreshed for user: user0@gmail.com
2025-11-17 15:28:26 [[32minfo[39m] : Access token refreshed for user: user0@gmail.com
2025-11-17 15:28:26 [[32minfo[39m] : Access token refreshed for user: user0@gmail.com
2025-11-17 15:28:26 [[32minfo[39m] : Access token refreshed for user: user0@gmail.com
2025-11-17 15:28:26 [[32minfo[39m] : Access token refreshed for user: user0@gmail.com
2025-11-17 15:28:26 [[32minfo[39m] : Access token refreshed for user: user0@gmail.com
2025-11-17 15:28:26 [[32minfo[39m] : Access token refreshed for user: user0@gmail.com
2025-11-17 15:28:27 [[32minfo[39m] : Access token refreshed for user: user0@gmail.com
2025-11-17 15:28:27 [[32minfo[39m] : Access token refreshed for user: user0@gmail.com
2025-11-17 15:28:27 [[32minfo[39m] : Access token refreshed for user: user0@gmail.com
2025-11-17 15:28:27 [[32minfo[39m] : Access token refreshed for user: user0@gmail.com
2025-11-17 15:28:27 [[32minfo[39m] : Access token refreshed for user: user0@gmail.com
2025-11-17 15:28:27 [[32minfo[39m] : Access token refreshed for user: user0@gmail.com
2025-11-17 15:28:27 [[32minfo[39m] : Access token refreshed for user: user0@gmail.com
2025-11-17 15:28:27 [[32minfo[39m] : Access token refreshed for user: user0@gmail.com
2025-11-17 15:28:27 [[32minfo[39m] : Access token refreshed for user: user0@gmail.com
2025-11-17 15:28:27 [[32minfo[39m] : Access token refreshed for user: user0@gmail.com
2025-11-17 15:28:27 [[32minfo[39m] : Access token refreshed for user: user0@gmail.com
2025-11-17 15:28:27 [[32minfo[39m] : Access token refreshed for user: user0@gmail.com
2025-11-17 15:28:27 [[32minfo[39m] : Access token refreshed for user: user0@gmail.com
2025-11-17 15:28:27 [[32minfo[39m] : Access token refreshed for user: user0@gmail.com
2025-11-17 15:28:27 [[32minfo[39m] : Access token refreshed for user: user0@gmail.com
2025-11-17 15:28:27 [[32minfo[39m] : Access token refreshed for user: user0@gmail.com
2025-11-17 15:28:27 [[32minfo[39m] : Access token refreshed for user: user0@gmail.com
2025-11-17 15:28:27 [[32minfo[39m] : Access token refreshed for user: user0@gmail.com
2025-11-17 15:28:27 [[32minfo[39m] : Access token refreshed for user: user0@gmail.com
2025-11-17 15:28:27 [[32minfo[39m] : Access token refreshed for user: user0@gmail.com
2025-11-17 15:28:27 [[32minfo[39m] : Access token refreshed for user: user0@gmail.com
2025-11-17 15:28:27 [[32minfo[39m] : Access token refreshed for user: user0@gmail.com
2025-11-17 15:28:27 [[32minfo[39m] : Access token refreshed for user: user0@gmail.com
2025-11-17 15:28:27 [[32minfo[39m] : Access token refreshed for user: user0@gmail.com
2025-11-17 15:28:27 [[32minfo[39m] : Access token refreshed for user: user0@gmail.com
2025-11-17 15:28:27 [[32minfo[39m] : Access token refreshed for user: user0@gmail.com
2025-11-17 15:28:27 [[32minfo[39m] : Access token refreshed for user: user0@gmail.com
2025-11-17 15:28:27 [[32minfo[39m] : Access token refreshed for user: user0@gmail.com
2025-11-17 15:28:27 [[32minfo[39m] : Access token refreshed for user: user0@gmail.com
2025-11-17 15:28:27 [[32minfo[39m] : Access token refreshed for user: user0@gmail.com
2025-11-17 15:28:27 [[32minfo[39m] : Access token refreshed for user: user0@gmail.com
2025-11-17 15:28:27 [[32minfo[39m] : Access token refreshed for user: user0@gmail.com
2025-11-17 15:28:27 [[32minfo[39m] : Access token refreshed for user: user0@gmail.com
2025-11-17 15:28:27 [[32minfo[39m] : Access token refreshed for user: user0@gmail.com
2025-11-17 15:28:27 [[32minfo[39m] : Access token refreshed for user: user0@gmail.com
2025-11-17 15:28:27 [[32minfo[39m] : Access token refreshed for user: user0@gmail.com
2025-11-17 15:28:27 [[32minfo[39m] : Access token refreshed for user: user0@gmail.com
2025-11-17 15:28:27 [[32minfo[39m] : Access token refreshed for user: user0@gmail.com
2025-11-17 15:28:27 [[32minfo[39m] : Access token refreshed for user: user0@gmail.com
2025-11-17 15:28:27 [[32minfo[39m] : Access token refreshed for user: user0@gmail.com
2025-11-17 15:28:27 [[32minfo[39m] : Access token refreshed for user: user0@gmail.com
2025-11-17 15:28:27 [[32minfo[39m] : Access token refreshed for user: user0@gmail.com
2025-11-17 15:28:27 [[32minfo[39m] : Access token refreshed for user: user0@gmail.com
2025-11-17 15:28:27 [[32minfo[39m] : Access token refreshed for user: user0@gmail.com
2025-11-17 15:28:27 [[32minfo[39m] : Access token refreshed for user: user0@gmail.com
2025-11-17 15:28:27 [[32minfo[39m] : Access token refreshed for user: user0@gmail.com
2025-11-17 15:28:27 [[32minfo[39m] : Access token refreshed for user: user0@gmail.com
2025-11-17 15:28:27 [[32minfo[39m] : Access token refreshed for user: user0@gmail.com
2025-11-17 15:28:27 [[32minfo[39m] : Access token refreshed for user: user0@gmail.com
2025-11-17 15:28:27 [[32minfo[39m] : Access token refreshed for user: user0@gmail.com
2025-11-17 15:28:27 [[32minfo[39m] : Access token refreshed for user: user0@gmail.com
2025-11-17 15:28:27 [[32minfo[39m] : Access token refreshed for user: user0@gmail.com
2025-11-17 15:28:27 [[32minfo[39m] : Access token refreshed for user: user0@gmail.com
2025-11-17 15:28:27 [[32minfo[39m] : Access token refreshed for user: user0@gmail.com
2025-11-17 15:28:27 [[32minfo[39m] : Access token refreshed for user: user0@gmail.com
2025-11-17 15:28:27 [[32minfo[39m] : Access token refreshed for user: user0@gmail.com
2025-11-17 15:28:27 [[32minfo[39m] : Access token refreshed for user: user0@gmail.com
2025-11-17 15:28:27 [[32minfo[39m] : Access token refreshed for user: user0@gmail.com
2025-11-17 15:28:27 [[32minfo[39m] : Access token refreshed for user: user0@gmail.com
2025-11-17 15:28:27 [[32minfo[39m] : Access token refreshed for user: user0@gmail.com
2025-11-17 15:28:27 [[32minfo[39m] : Access token refreshed for user: user0@gmail.com
2025-11-17 15:28:27 [[32minfo[39m] : Access token refreshed for user: user0@gmail.com
2025-11-17 15:28:27 [[32minfo[39m] : Access token refreshed for user: user0@gmail.com
2025-11-17 15:28:27 [[32minfo[39m] : Access token refreshed for user: user0@gmail.com
2025-11-17 15:28:27 [[32minfo[39m] : Access token refreshed for user: user0@gmail.com
2025-11-17 15:28:28 [[32minfo[39m] : Access token refreshed for user: user0@gmail.com
2025-11-17 15:28:28 [[32minfo[39m] : Access token refreshed for user: user0@gmail.com
2025-11-17 15:28:28 [[32minfo[39m] : Access token refreshed for user: user0@gmail.com
2025-11-17 15:28:28 [[32minfo[39m] : Access token refreshed for user: user0@gmail.com
2025-11-17 15:28:28 [[32minfo[39m] : Access token refreshed for user: user0@gmail.com
2025-11-17 15:28:28 [[32minfo[39m] : Access token refreshed for user: user0@gmail.com
2025-11-17 15:28:28 [[32minfo[39m] : Access token refreshed for user: user0@gmail.com
2025-11-17 15:28:28 [[32minfo[39m] : Access token refreshed for user: user0@gmail.com
2025-11-17 15:28:28 [[32minfo[39m] : Access token refreshed for user: user0@gmail.com
2025-11-17 15:28:28 [[32minfo[39m] : Access token refreshed for user: user0@gmail.com
2025-11-17 15:28:28 [[32minfo[39m] : Access token refreshed for user: user0@gmail.com
2025-11-17 15:28:28 [[32minfo[39m] : Access token refreshed for user: user0@gmail.com
2025-11-17 15:28:28 [[32minfo[39m] : Access token refreshed for user: user0@gmail.com
2025-11-17 15:28:28 [[32minfo[39m] : Access token refreshed for user: user0@gmail.com
2025-11-17 15:28:28 [[32minfo[39m] : Access token refreshed for user: user0@gmail.com
2025-11-17 15:28:28 [[32minfo[39m] : Access token refreshed for user: user0@gmail.com
2025-11-17 15:28:28 [[32minfo[39m] : Access token refreshed for user: user0@gmail.com
2025-11-17 15:28:28 [[32minfo[39m] : Access token refreshed for user: user0@gmail.com
2025-11-17 15:28:28 [[32minfo[39m] : Access token refreshed for user: user0@gmail.com
2025-11-17 15:28:28 [[32minfo[39m] : Access token refreshed for user: user0@gmail.com
2025-11-17 15:28:28 [[32minfo[39m] : Access token refreshed for user: user0@gmail.com
2025-11-17 15:28:28 [[32minfo[39m] : Access token refreshed for user: user0@gmail.com
2025-11-17 15:28:28 [[32minfo[39m] : Access token refreshed for user: user0@gmail.com
2025-11-17 15:28:28 [[32minfo[39m] : Access token refreshed for user: user0@gmail.com
2025-11-17 15:28:28 [[32minfo[39m] : Access token refreshed for user: user0@gmail.com
2025-11-17 15:28:28 [[32minfo[39m] : Access token refreshed for user: user0@gmail.com
2025-11-17 15:28:28 [[32minfo[39m] : Access token refreshed for user: user0@gmail.com
2025-11-17 15:28:28 [[32minfo[39m] : Access token refreshed for user: user0@gmail.com
2025-11-17 15:28:28 [[32minfo[39m] : Access token refreshed for user: user0@gmail.com
2025-11-17 15:28:28 [[32minfo[39m] : Access token refreshed for user: user0@gmail.com
2025-11-17 15:28:28 [[32minfo[39m] : Access token refreshed for user: user0@gmail.com
2025-11-17 15:28:28 [[32minfo[39m] : Access token refreshed for user: user0@gmail.com
2025-11-17 15:28:28 [[32minfo[39m] : Access token refreshed for user: user0@gmail.com
2025-11-17 15:28:28 [[32minfo[39m] : Access token refreshed for user: user0@gmail.com
2025-11-17 15:28:28 [[32minfo[39m] : Access token refreshed for user: user0@gmail.com
2025-11-17 15:28:28 [[32minfo[39m] : Access token refreshed for user: user0@gmail.com
2025-11-17 15:28:28 [[32minfo[39m] : Access token refreshed for user: user0@gmail.com
2025-11-17 15:28:28 [[32minfo[39m] : Access token refreshed for user: user0@gmail.com
2025-11-17 15:28:28 [[32minfo[39m] : Access token refreshed for user: user0@gmail.com
2025-11-17 15:28:28 [[32minfo[39m] : Access token refreshed for user: user0@gmail.com
2025-11-17 15:28:28 [[32minfo[39m] : Access token refreshed for user: user0@gmail.com
2025-11-17 15:28:28 [[32minfo[39m] : Access token refreshed for user: user0@gmail.com
2025-11-17 15:28:28 [[32minfo[39m] : Access token refreshed for user: user0@gmail.com
2025-11-17 15:28:28 [[32minfo[39m] : Access token refreshed for user: user0@gmail.com
2025-11-17 15:28:28 [[32minfo[39m] : Access token refreshed for user: user0@gmail.com
2025-11-17 15:28:28 [[32minfo[39m] : Access token refreshed for user: user0@gmail.com
2025-11-17 15:28:28 [[32minfo[39m] : Access token refreshed for user: user0@gmail.com
2025-11-17 15:28:28 [[32minfo[39m] : Access token refreshed for user: user0@gmail.com
2025-11-17 15:28:28 [[32minfo[39m] : Access token refreshed for user: user0@gmail.com
2025-11-17 15:28:28 [[32minfo[39m] : Access token refreshed for user: user0@gmail.com
2025-11-17 15:28:28 [[32minfo[39m] : Access token refreshed for user: user0@gmail.com
2025-11-17 15:28:28 [[32minfo[39m] : Access token refreshed for user: user0@gmail.com
2025-11-17 15:28:28 [[32minfo[39m] : Access token refreshed for user: user0@gmail.com
2025-11-17 15:28:28 [[32minfo[39m] : Access token refreshed for user: user0@gmail.com
2025-11-17 15:28:28 [[32minfo[39m] : Access token refreshed for user: user0@gmail.com
2025-11-17 15:28:28 [[32minfo[39m] : Access token refreshed for user: user0@gmail.com
2025-11-17 15:28:28 [[32minfo[39m] : Access token refreshed for user: user0@gmail.com
2025-11-17 15:28:28 [[32minfo[39m] : Access token refreshed for user: user0@gmail.com
2025-11-17 15:28:28 [[32minfo[39m] : Access token refreshed for user: user0@gmail.com
2025-11-17 15:28:28 [[32minfo[39m] : Access token refreshed for user: user0@gmail.com
2025-11-17 15:28:28 [[32minfo[39m] : Access token refreshed for user: user0@gmail.com
2025-11-17 15:28:28 [[32minfo[39m] : Access token refreshed for user: user0@gmail.com
2025-11-17 15:28:28 [[32minfo[39m] : Access token refreshed for user: user0@gmail.com
2025-11-17 15:28:28 [[32minfo[39m] : Access token refreshed for user: user0@gmail.com
2025-11-17 15:28:28 [[32minfo[39m] : Access token refreshed for user: user0@gmail.com
2025-11-17 15:28:28 [[32minfo[39m] : Access token refreshed for user: user0@gmail.com
2025-11-17 15:28:29 [[32minfo[39m] : Access token refreshed for user: user0@gmail.com
2025-11-17 15:28:29 [[32minfo[39m] : Access token refreshed for user: user0@gmail.com
2025-11-17 15:28:29 [[32minfo[39m] : Access token refreshed for user: user0@gmail.com
2025-11-17 15:28:29 [[32minfo[39m] : Access token refreshed for user: user0@gmail.com
2025-11-17 15:28:29 [[32minfo[39m] : Access token refreshed for user: user0@gmail.com
2025-11-17 15:28:29 [[32minfo[39m] : Access token refreshed for user: user0@gmail.com
2025-11-17 15:28:29 [[32minfo[39m] : Access token refreshed for user: user0@gmail.com
2025-11-17 15:28:29 [[32minfo[39m] : Access token refreshed for user: user0@gmail.com
2025-11-17 15:28:29 [[32minfo[39m] : Access token refreshed for user: user0@gmail.com
2025-11-17 15:28:29 [[32minfo[39m] : Access token refreshed for user: user0@gmail.com
2025-11-17 15:28:29 [[32minfo[39m] : Access token refreshed for user: user0@gmail.com
2025-11-17 15:28:29 [[32minfo[39m] : Access token refreshed for user: user0@gmail.com
2025-11-17 15:28:29 [[32minfo[39m] : Access token refreshed for user: user0@gmail.com
2025-11-17 15:28:29 [[32minfo[39m] : Access token refreshed for user: user0@gmail.com
2025-11-17 15:28:29 [[32minfo[39m] : Access token refreshed for user: user0@gmail.com
2025-11-17 15:28:29 [[32minfo[39m] : Access token refreshed for user: user0@gmail.com
2025-11-17 15:28:29 [[32minfo[39m] : Access token refreshed for user: user0@gmail.com
2025-11-17 15:28:29 [[32minfo[39m] : Access token refreshed for user: user0@gmail.com
2025-11-17 15:28:29 [[32minfo[39m] : Access token refreshed for user: user0@gmail.com
2025-11-17 15:28:29 [[32minfo[39m] : Access token refreshed for user: user0@gmail.com
2025-11-17 15:28:29 [[32minfo[39m] : Access token refreshed for user: user0@gmail.com
2025-11-17 15:28:29 [[32minfo[39m] : Access token refreshed for user: user0@gmail.com
2025-11-17 15:28:29 [[32minfo[39m] : Access token refreshed for user: user0@gmail.com
2025-11-17 15:28:29 [[32minfo[39m] : Access token refreshed for user: user0@gmail.com
2025-11-17 15:28:29 [[32minfo[39m] : Access token refreshed for user: user0@gmail.com
2025-11-17 15:28:29 [[32minfo[39m] : Access token refreshed for user: user0@gmail.com
2025-11-17 15:28:29 [[32minfo[39m] : Access token refreshed for user: user0@gmail.com
2025-11-17 15:28:29 [[32minfo[39m] : Access token refreshed for user: user0@gmail.com
2025-11-17 15:28:29 [[32minfo[39m] : Access token refreshed for user: user0@gmail.com
2025-11-17 15:28:29 [[32minfo[39m] : Access token refreshed for user: user0@gmail.com
2025-11-17 15:28:29 [[32minfo[39m] : Access token refreshed for user: user0@gmail.com
2025-11-17 15:28:29 [[32minfo[39m] : Access token refreshed for user: user0@gmail.com
2025-11-17 15:28:29 [[32minfo[39m] : Access token refreshed for user: user0@gmail.com
2025-11-17 15:28:29 [[32minfo[39m] : Access token refreshed for user: user0@gmail.com
2025-11-17 15:28:29 [[32minfo[39m] : Access token refreshed for user: user0@gmail.com
2025-11-17 15:28:29 [[32minfo[39m] : Access token refreshed for user: user0@gmail.com
2025-11-17 15:28:29 [[32minfo[39m] : Access token refreshed for user: user0@gmail.com
2025-11-17 15:28:29 [[32minfo[39m] : Access token refreshed for user: user0@gmail.com
2025-11-17 15:28:29 [[32minfo[39m] : Access token refreshed for user: user0@gmail.com
2025-11-17 15:28:29 [[32minfo[39m] : Access token refreshed for user: user0@gmail.com
2025-11-17 15:28:29 [[32minfo[39m] : Access token refreshed for user: user0@gmail.com
2025-11-17 15:28:29 [[32minfo[39m] : Access token refreshed for user: user0@gmail.com
2025-11-17 15:28:29 [[32minfo[39m] : Access token refreshed for user: user0@gmail.com
2025-11-17 15:28:29 [[32minfo[39m] : Access token refreshed for user: user0@gmail.com
2025-11-17 15:28:29 [[32minfo[39m] : Access token refreshed for user: user0@gmail.com
2025-11-17 15:28:29 [[32minfo[39m] : Access token refreshed for user: user0@gmail.com
2025-11-17 15:28:29 [[32minfo[39m] : Access token refreshed for user: user0@gmail.com
2025-11-17 15:28:29 [[32minfo[39m] : Access token refreshed for user: user0@gmail.com
2025-11-17 15:28:29 [[32minfo[39m] : Access token refreshed for user: user0@gmail.com
2025-11-17 15:28:29 [[32minfo[39m] : Access token refreshed for user: user0@gmail.com
2025-11-17 15:28:29 [[32minfo[39m] : Access token refreshed for user: user0@gmail.com
2025-11-17 15:28:29 [[32minfo[39m] : Access token refreshed for user: user0@gmail.com
2025-11-17 15:28:29 [[32minfo[39m] : Access token refreshed for user: user0@gmail.com
2025-11-17 15:28:29 [[32minfo[39m] : Access token refreshed for user: user0@gmail.com
2025-11-17 15:28:29 [[32minfo[39m] : Access token refreshed for user: user0@gmail.com
2025-11-17 15:28:29 [[32minfo[39m] : Access token refreshed for user: user0@gmail.com
2025-11-17 15:28:29 [[32minfo[39m] : Access token refreshed for user: user0@gmail.com
2025-11-17 15:28:29 [[32minfo[39m] : Access token refreshed for user: user0@gmail.com
2025-11-17 15:28:29 [[32minfo[39m] : Access token refreshed for user: user0@gmail.com
2025-11-17 15:28:29 [[32minfo[39m] : Access token refreshed for user: user0@gmail.com
2025-11-17 15:28:29 [[32minfo[39m] : Access token refreshed for user: user0@gmail.com
2025-11-17 15:28:29 [[32minfo[39m] : Access token refreshed for user: user0@gmail.com
2025-11-17 15:28:29 [[32minfo[39m] : Access token refreshed for user: user0@gmail.com
2025-11-17 15:28:29 [[32minfo[39m] : Access token refreshed for user: user0@gmail.com
2025-11-17 15:28:29 [[32minfo[39m] : Access token refreshed for user: user0@gmail.com
2025-11-17 15:28:29 [[32minfo[39m] : Access token refreshed for user: user0@gmail.com
2025-11-17 15:28:30 [[32minfo[39m] : Access token refreshed for user: user0@gmail.com
2025-11-17 15:28:30 [[32minfo[39m] : Access token refreshed for user: user0@gmail.com
2025-11-17 15:28:30 [[32minfo[39m] : Access token refreshed for user: user0@gmail.com
2025-11-17 15:28:30 [[32minfo[39m] : Access token refreshed for user: user0@gmail.com
2025-11-17 15:28:30 [[32minfo[39m] : Access token refreshed for user: user0@gmail.com
2025-11-17 15:28:30 [[32minfo[39m] : Access token refreshed for user: user0@gmail.com
2025-11-17 15:28:30 [[32minfo[39m] : Access token refreshed for user: user0@gmail.com
2025-11-17 15:28:30 [[32minfo[39m] : Access token refreshed for user: user0@gmail.com
2025-11-17 15:28:30 [[32minfo[39m] : Access token refreshed for user: user0@gmail.com
2025-11-17 15:28:30 [[32minfo[39m] : Access token refreshed for user: user0@gmail.com
2025-11-17 15:28:30 [[32minfo[39m] : Access token refreshed for user: user0@gmail.com
2025-11-17 15:28:30 [[32minfo[39m] : Access token refreshed for user: user0@gmail.com
2025-11-17 15:28:30 [[32minfo[39m] : Access token refreshed for user: user0@gmail.com
2025-11-17 15:28:30 [[32minfo[39m] : Access token refreshed for user: user0@gmail.com
2025-11-17 15:28:30 [[32minfo[39m] : Access token refreshed for user: user0@gmail.com
2025-11-17 15:28:30 [[32minfo[39m] : Access token refreshed for user: user0@gmail.com
2025-11-17 15:28:30 [[32minfo[39m] : Access token refreshed for user: user0@gmail.com
2025-11-17 15:28:30 [[32minfo[39m] : Access token refreshed for user: user0@gmail.com
2025-11-17 15:28:30 [[32minfo[39m] : Access token refreshed for user: user0@gmail.com
2025-11-17 15:28:30 [[32minfo[39m] : Access token refreshed for user: user0@gmail.com
2025-11-17 15:28:30 [[32minfo[39m] : Access token refreshed for user: user0@gmail.com
2025-11-17 15:28:30 [[32minfo[39m] : Access token refreshed for user: user0@gmail.com
2025-11-17 15:28:30 [[32minfo[39m] : Access token refreshed for user: user0@gmail.com
2025-11-17 15:28:30 [[32minfo[39m] : Access token refreshed for user: user0@gmail.com
2025-11-17 15:28:30 [[32minfo[39m] : Access token refreshed for user: user0@gmail.com
2025-11-17 15:28:30 [[32minfo[39m] : Access token refreshed for user: user0@gmail.com
2025-11-17 15:28:30 [[32minfo[39m] : Access token refreshed for user: user0@gmail.com
2025-11-17 15:28:30 [[32minfo[39m] : Access token refreshed for user: user0@gmail.com
2025-11-17 15:28:30 [[32minfo[39m] : Access token refreshed for user: user0@gmail.com
2025-11-17 15:28:30 [[32minfo[39m] : Access token refreshed for user: user0@gmail.com
2025-11-17 15:28:30 [[32minfo[39m] : Access token refreshed for user: user0@gmail.com
2025-11-17 15:28:30 [[32minfo[39m] : Access token refreshed for user: user0@gmail.com
2025-11-17 15:28:30 [[32minfo[39m] : Access token refreshed for user: user0@gmail.com
2025-11-17 15:28:30 [[32minfo[39m] : Access token refreshed for user: user0@gmail.com
2025-11-17 15:28:30 [[32minfo[39m] : Access token refreshed for user: user0@gmail.com
2025-11-17 15:28:30 [[32minfo[39m] : Access token refreshed for user: user0@gmail.com
2025-11-17 15:28:30 [[32minfo[39m] : Access token refreshed for user: user0@gmail.com
2025-11-17 15:28:30 [[32minfo[39m] : Access token refreshed for user: user0@gmail.com
2025-11-17 15:28:30 [[32minfo[39m] : Access token refreshed for user: user0@gmail.com
2025-11-17 15:28:30 [[32minfo[39m] : Access token refreshed for user: user0@gmail.com
2025-11-17 15:28:30 [[32minfo[39m] : Access token refreshed for user: user0@gmail.com
2025-11-17 15:28:30 [[32minfo[39m] : Access token refreshed for user: user0@gmail.com
2025-11-17 15:28:30 [[32minfo[39m] : Access token refreshed for user: user0@gmail.com
2025-11-17 15:28:30 [[32minfo[39m] : Access token refreshed for user: user0@gmail.com
2025-11-17 15:28:30 [[32minfo[39m] : Access token refreshed for user: user0@gmail.com
2025-11-17 15:28:30 [[32minfo[39m] : Access token refreshed for user: user0@gmail.com
2025-11-17 15:28:30 [[32minfo[39m] : Access token refreshed for user: user0@gmail.com
2025-11-17 15:28:30 [[32minfo[39m] : Access token refreshed for user: user0@gmail.com
2025-11-17 15:28:30 [[32minfo[39m] : Access token refreshed for user: user0@gmail.com
2025-11-17 15:28:30 [[32minfo[39m] : Access token refreshed for user: user0@gmail.com
2025-11-17 15:28:30 [[32minfo[39m] : Access token refreshed for user: user0@gmail.com
2025-11-17 15:28:30 [[32minfo[39m] : Access token refreshed for user: user0@gmail.com
2025-11-17 15:28:30 [[32minfo[39m] : Access token refreshed for user: user0@gmail.com
2025-11-17 15:28:30 [[32minfo[39m] : Access token refreshed for user: user0@gmail.com
2025-11-17 15:28:30 [[32minfo[39m] : Access token refreshed for user: user0@gmail.com
2025-11-17 15:28:30 [[32minfo[39m] : Access token refreshed for user: user0@gmail.com
2025-11-17 15:28:30 [[32minfo[39m] : Access token refreshed for user: user0@gmail.com
2025-11-17 15:28:30 [[32minfo[39m] : Access token refreshed for user: user0@gmail.com
2025-11-17 15:28:30 [[32minfo[39m] : Access token refreshed for user: user0@gmail.com
2025-11-17 15:28:30 [[32minfo[39m] : Access token refreshed for user: user0@gmail.com
2025-11-17 15:28:30 [[32minfo[39m] : Access token refreshed for user: user0@gmail.com
2025-11-17 15:28:30 [[32minfo[39m] : Access token refreshed for user: user0@gmail.com
2025-11-17 15:28:30 [[32minfo[39m] : Access token refreshed for user: user0@gmail.com
2025-11-17 15:28:30 [[32minfo[39m] : Access token refreshed for user: user0@gmail.com
2025-11-17 15:28:31 [[32minfo[39m] : Access token refreshed for user: user0@gmail.com
2025-11-17 15:28:31 [[32minfo[39m] : Access token refreshed for user: user0@gmail.com
2025-11-17 15:28:31 [[32minfo[39m] : Access token refreshed for user: user0@gmail.com
2025-11-17 15:28:31 [[32minfo[39m] : Access token refreshed for user: user0@gmail.com
2025-11-17 15:28:31 [[32minfo[39m] : Access token refreshed for user: user0@gmail.com
2025-11-17 15:28:31 [[32minfo[39m] : Access token refreshed for user: user0@gmail.com
2025-11-17 15:28:31 [[32minfo[39m] : Access token refreshed for user: user0@gmail.com
2025-11-17 15:28:31 [[32minfo[39m] : Access token refreshed for user: user0@gmail.com
2025-11-17 15:28:31 [[32minfo[39m] : Access token refreshed for user: user0@gmail.com
2025-11-17 15:28:31 [[32minfo[39m] : Access token refreshed for user: user0@gmail.com
2025-11-17 15:28:31 [[32minfo[39m] : Access token refreshed for user: user0@gmail.com
2025-11-17 15:28:31 [[32minfo[39m] : Access token refreshed for user: user0@gmail.com
2025-11-17 15:28:31 [[32minfo[39m] : Access token refreshed for user: user0@gmail.com
2025-11-17 15:28:31 [[32minfo[39m] : Access token refreshed for user: user0@gmail.com
2025-11-17 15:28:31 [[32minfo[39m] : Access token refreshed for user: user0@gmail.com
2025-11-17 15:28:31 [[32minfo[39m] : Access token refreshed for user: user0@gmail.com
2025-11-17 15:28:31 [[32minfo[39m] : Access token refreshed for user: user0@gmail.com
2025-11-17 15:28:31 [[32minfo[39m] : Access token refreshed for user: user0@gmail.com
2025-11-17 15:28:31 [[32minfo[39m] : Access token refreshed for user: user0@gmail.com
2025-11-17 15:28:31 [[32minfo[39m] : Access token refreshed for user: user0@gmail.com
2025-11-17 15:28:31 [[32minfo[39m] : Access token refreshed for user: user0@gmail.com
2025-11-17 15:28:31 [[32minfo[39m] : Access token refreshed for user: user0@gmail.com
2025-11-17 15:28:31 [[32minfo[39m] : Access token refreshed for user: user0@gmail.com
2025-11-17 15:28:31 [[32minfo[39m] : Access token refreshed for user: user0@gmail.com
2025-11-17 15:28:31 [[32minfo[39m] : Access token refreshed for user: user0@gmail.com
2025-11-17 15:28:31 [[32minfo[39m] : Access token refreshed for user: user0@gmail.com
2025-11-17 15:28:31 [[32minfo[39m] : Access token refreshed for user: user0@gmail.com
2025-11-17 15:28:31 [[32minfo[39m] : Access token refreshed for user: user0@gmail.com
2025-11-17 15:28:31 [[32minfo[39m] : Access token refreshed for user: user0@gmail.com
2025-11-17 15:28:31 [[32minfo[39m] : Access token refreshed for user: user0@gmail.com
2025-11-17 15:28:31 [[32minfo[39m] : Access token refreshed for user: user0@gmail.com
2025-11-17 15:28:31 [[32minfo[39m] : Access token refreshed for user: user0@gmail.com
2025-11-17 15:28:31 [[32minfo[39m] : Access token refreshed for user: user0@gmail.com
2025-11-17 15:28:31 [[32minfo[39m] : Access token refreshed for user: user0@gmail.com
2025-11-17 15:28:31 [[32minfo[39m] : Access token refreshed for user: user0@gmail.com
2025-11-17 15:28:31 [[32minfo[39m] : Access token refreshed for user: user0@gmail.com
2025-11-17 15:28:31 [[32minfo[39m] : Access token refreshed for user: user0@gmail.com
2025-11-17 15:28:31 [[32minfo[39m] : Access token refreshed for user: user0@gmail.com
2025-11-17 15:28:31 [[32minfo[39m] : Access token refreshed for user: user0@gmail.com
2025-11-17 15:28:31 [[32minfo[39m] : Access token refreshed for user: user0@gmail.com
2025-11-17 15:28:31 [[32minfo[39m] : Access token refreshed for user: user0@gmail.com
2025-11-17 15:28:31 [[32minfo[39m] : Access token refreshed for user: user0@gmail.com
2025-11-17 15:28:31 [[32minfo[39m] : Access token refreshed for user: user0@gmail.com
2025-11-17 15:28:31 [[32minfo[39m] : Access token refreshed for user: user0@gmail.com
2025-11-17 15:28:31 [[32minfo[39m] : Access token refreshed for user: user0@gmail.com
2025-11-17 15:28:31 [[32minfo[39m] : Access token refreshed for user: user0@gmail.com
2025-11-17 15:28:31 [[32minfo[39m] : Access token refreshed for user: user0@gmail.com
2025-11-17 15:28:31 [[32minfo[39m] : Access token refreshed for user: user0@gmail.com
2025-11-17 15:28:31 [[32minfo[39m] : Access token refreshed for user: user0@gmail.com
2025-11-17 15:28:31 [[32minfo[39m] : Access token refreshed for user: user0@gmail.com
2025-11-17 15:28:31 [[32minfo[39m] : Access token refreshed for user: user0@gmail.com
2025-11-17 15:28:31 [[32minfo[39m] : Access token refreshed for user: user0@gmail.com
2025-11-17 15:28:31 [[32minfo[39m] : Access token refreshed for user: user0@gmail.com
2025-11-17 15:28:31 [[32minfo[39m] : Access token refreshed for user: user0@gmail.com
2025-11-17 15:28:32 [[32minfo[39m] : Access token refreshed for user: user0@gmail.com
2025-11-17 15:28:32 [[32minfo[39m] : Access token refreshed for user: user0@gmail.com
2025-11-17 15:28:32 [[32minfo[39m] : Access token refreshed for user: user0@gmail.com
2025-11-17 15:28:32 [[32minfo[39m] : Access token refreshed for user: user0@gmail.com
2025-11-17 15:28:32 [[32minfo[39m] : Access token refreshed for user: user0@gmail.com
2025-11-17 15:28:32 [[32minfo[39m] : Access token refreshed for user: user0@gmail.com
2025-11-17 15:28:32 [[32minfo[39m] : Access token refreshed for user: user0@gmail.com
2025-11-17 15:28:32 [[32minfo[39m] : Access token refreshed for user: user0@gmail.com
2025-11-17 15:28:32 [[32minfo[39m] : Access token refreshed for user: user0@gmail.com
2025-11-17 15:28:32 [[32minfo[39m] : Access token refreshed for user: user0@gmail.com
2025-11-17 15:28:32 [[32minfo[39m] : Access token refreshed for user: user0@gmail.com
2025-11-17 15:28:32 [[32minfo[39m] : Access token refreshed for user: user0@gmail.com
2025-11-17 15:28:32 [[32minfo[39m] : Access token refreshed for user: user0@gmail.com
2025-11-17 15:28:32 [[32minfo[39m] : Access token refreshed for user: user0@gmail.com
2025-11-17 15:28:32 [[32minfo[39m] : Access token refreshed for user: user0@gmail.com
2025-11-17 15:28:32 [[32minfo[39m] : Access token refreshed for user: user0@gmail.com
2025-11-17 15:28:32 [[32minfo[39m] : Access token refreshed for user: user0@gmail.com
2025-11-17 15:28:32 [[32minfo[39m] : Access token refreshed for user: user0@gmail.com
2025-11-17 15:28:32 [[32minfo[39m] : Access token refreshed for user: user0@gmail.com
2025-11-17 15:28:32 [[32minfo[39m] : Access token refreshed for user: user0@gmail.com
2025-11-17 15:28:32 [[32minfo[39m] : Access token refreshed for user: user0@gmail.com
2025-11-17 15:28:32 [[32minfo[39m] : Access token refreshed for user: user0@gmail.com
2025-11-17 15:28:32 [[32minfo[39m] : Access token refreshed for user: user0@gmail.com
2025-11-17 15:28:32 [[32minfo[39m] : Access token refreshed for user: user0@gmail.com
2025-11-17 15:28:32 [[32minfo[39m] : Access token refreshed for user: user0@gmail.com
2025-11-17 15:28:32 [[32minfo[39m] : Access token refreshed for user: user0@gmail.com
2025-11-17 15:28:32 [[32minfo[39m] : Access token refreshed for user: user0@gmail.com
2025-11-17 15:28:32 [[32minfo[39m] : Access token refreshed for user: user0@gmail.com
2025-11-17 15:28:32 [[32minfo[39m] : Access token refreshed for user: user0@gmail.com
2025-11-17 15:28:33 [[32minfo[39m] : Access token refreshed for user: user0@gmail.com
2025-11-17 15:28:33 [[32minfo[39m] : Access token refreshed for user: user0@gmail.com
2025-11-17 15:28:33 [[32minfo[39m] : Access token refreshed for user: user0@gmail.com
2025-11-17 15:28:33 [[32minfo[39m] : Access token refreshed for user: user0@gmail.com
2025-11-17 15:28:33 [[32minfo[39m] : Access token refreshed for user: user0@gmail.com
2025-11-17 15:28:33 [[32minfo[39m] : Access token refreshed for user: user0@gmail.com
2025-11-17 15:28:33 [[32minfo[39m] : Access token refreshed for user: user0@gmail.com
2025-11-17 15:28:33 [[32minfo[39m] : Access token refreshed for user: user0@gmail.com
2025-11-17 15:28:33 [[32minfo[39m] : Access token refreshed for user: user0@gmail.com
2025-11-17 15:28:33 [[32minfo[39m] : Access token refreshed for user: user0@gmail.com
2025-11-17 15:28:33 [[32minfo[39m] : Access token refreshed for user: user0@gmail.com
2025-11-17 15:28:33 [[32minfo[39m] : Access token refreshed for user: user0@gmail.com
2025-11-17 15:28:33 [[32minfo[39m] : Access token refreshed for user: user0@gmail.com
2025-11-17 15:28:33 [[32minfo[39m] : Access token refreshed for user: user0@gmail.com
2025-11-17 15:28:33 [[32minfo[39m] : Access token refreshed for user: user0@gmail.com
2025-11-17 15:28:33 [[32minfo[39m] : Access token refreshed for user: user0@gmail.com
2025-11-17 15:28:33 [[32minfo[39m] : Access token refreshed for user: user0@gmail.com
2025-11-17 15:28:33 [[32minfo[39m] : Access token refreshed for user: user0@gmail.com
2025-11-17 15:28:33 [[32minfo[39m] : Access token refreshed for user: user0@gmail.com
2025-11-17 15:28:33 [[32minfo[39m] : Access token refreshed for user: user0@gmail.com
2025-11-17 15:28:33 [[32minfo[39m] : Access token refreshed for user: user0@gmail.com
2025-11-17 15:28:33 [[32minfo[39m] : Access token refreshed for user: user0@gmail.com
2025-11-17 15:28:33 [[32minfo[39m] : Access token refreshed for user: user0@gmail.com
2025-11-17 15:28:33 [[32minfo[39m] : Access token refreshed for user: user0@gmail.com
2025-11-17 15:28:33 [[32minfo[39m] : Access token refreshed for user: user0@gmail.com
2025-11-17 15:28:34 [[32minfo[39m] : Access token refreshed for user: user0@gmail.com
2025-11-17 15:28:34 [[32minfo[39m] : Access token refreshed for user: user0@gmail.com
2025-11-17 15:28:34 [[32minfo[39m] : Access token refreshed for user: user0@gmail.com
2025-11-17 15:28:34 [[32minfo[39m] : Access token refreshed for user: user0@gmail.com
2025-11-17 15:28:34 [[32minfo[39m] : Access token refreshed for user: user0@gmail.com
2025-11-17 15:28:34 [[32minfo[39m] : Access token refreshed for user: user0@gmail.com
2025-11-17 15:28:34 [[32minfo[39m] : Access token refreshed for user: user0@gmail.com
2025-11-17 15:28:34 [[32minfo[39m] : Access token refreshed for user: user0@gmail.com
2025-11-17 15:28:34 [[32minfo[39m] : Access token refreshed for user: user0@gmail.com
2025-11-17 15:28:34 [[32minfo[39m] : Access token refreshed for user: user0@gmail.com
2025-11-17 15:28:34 [[32minfo[39m] : Access token refreshed for user: user0@gmail.com
2025-11-17 15:28:34 [[32minfo[39m] : Access token refreshed for user: user0@gmail.com
2025-11-17 15:28:34 [[32minfo[39m] : Access token refreshed for user: user0@gmail.com
2025-11-17 15:28:34 [[32minfo[39m] : Access token refreshed for user: user0@gmail.com
2025-11-17 15:28:34 [[32minfo[39m] : Access token refreshed for user: user0@gmail.com
2025-11-17 15:28:34 [[32minfo[39m] : Access token refreshed for user: user0@gmail.com
2025-11-17 15:28:34 [[32minfo[39m] : Access token refreshed for user: user0@gmail.com
2025-11-17 15:28:34 [[32minfo[39m] : Access token refreshed for user: user0@gmail.com
2025-11-17 15:28:34 [[32minfo[39m] : Access token refreshed for user: user0@gmail.com
2025-11-17 15:28:34 [[32minfo[39m] : Access token refreshed for user: user0@gmail.com
2025-11-17 15:28:34 [[32minfo[39m] : Access token refreshed for user: user0@gmail.com
2025-11-17 15:28:34 [[32minfo[39m] : Access token refreshed for user: user0@gmail.com
2025-11-17 15:28:34 [[32minfo[39m] : Access token refreshed for user: user0@gmail.com
2025-11-17 15:28:34 [[32minfo[39m] : Access token refreshed for user: user0@gmail.com
2025-11-17 15:28:34 [[32minfo[39m] : Access token refreshed for user: user0@gmail.com
2025-11-17 15:28:34 [[32minfo[39m] : Access token refreshed for user: user0@gmail.com
2025-11-17 15:28:34 [[32minfo[39m] : Access token refreshed for user: user0@gmail.com
2025-11-17 15:28:34 [[32minfo[39m] : Access token refreshed for user: user0@gmail.com
2025-11-17 15:28:34 [[32minfo[39m] : Access token refreshed for user: user0@gmail.com
2025-11-17 15:28:34 [[32minfo[39m] : Access token refreshed for user: user0@gmail.com
2025-11-17 15:28:34 [[32minfo[39m] : Access token refreshed for user: user0@gmail.com
2025-11-17 15:28:34 [[32minfo[39m] : Access token refreshed for user: user0@gmail.com
2025-11-17 15:28:34 [[32minfo[39m] : Access token refreshed for user: user0@gmail.com
2025-11-17 15:28:34 [[32minfo[39m] : Access token refreshed for user: user0@gmail.com
2025-11-17 15:28:34 [[32minfo[39m] : Access token refreshed for user: user0@gmail.com
2025-11-17 15:28:34 [[32minfo[39m] : Access token refreshed for user: user0@gmail.com
2025-11-17 15:28:34 [[32minfo[39m] : Access token refreshed for user: user0@gmail.com
2025-11-17 15:28:34 [[32minfo[39m] : Access token refreshed for user: user0@gmail.com
2025-11-17 15:28:34 [[32minfo[39m] : Access token refreshed for user: user0@gmail.com
2025-11-17 15:28:34 [[32minfo[39m] : Access token refreshed for user: user0@gmail.com
2025-11-17 15:28:34 [[32minfo[39m] : Access token refreshed for user: user0@gmail.com
2025-11-17 15:28:34 [[32minfo[39m] : Access token refreshed for user: user0@gmail.com
2025-11-17 15:28:34 [[32minfo[39m] : Access token refreshed for user: user0@gmail.com
2025-11-17 15:28:34 [[32minfo[39m] : Access token refreshed for user: user0@gmail.com
2025-11-17 15:28:34 [[32minfo[39m] : Access token refreshed for user: user0@gmail.com
2025-11-17 15:28:34 [[32minfo[39m] : Access token refreshed for user: user0@gmail.com
2025-11-17 15:28:34 [[32minfo[39m] : Access token refreshed for user: user0@gmail.com
2025-11-17 15:28:34 [[32minfo[39m] : Access token refreshed for user: user0@gmail.com
2025-11-17 15:28:34 [[32minfo[39m] : Access token refreshed for user: user0@gmail.com
2025-11-17 15:28:34 [[32minfo[39m] : Access token refreshed for user: user0@gmail.com
2025-11-17 15:28:34 [[32minfo[39m] : Access token refreshed for user: user0@gmail.com
2025-11-17 15:28:34 [[32minfo[39m] : Access token refreshed for user: user0@gmail.com
2025-11-17 15:28:34 [[32minfo[39m] : Access token refreshed for user: user0@gmail.com
2025-11-17 15:28:34 [[32minfo[39m] : Access token refreshed for user: user0@gmail.com
2025-11-17 15:28:34 [[32minfo[39m] : Access token refreshed for user: user0@gmail.com
2025-11-17 15:28:34 [[32minfo[39m] : Access token refreshed for user: user0@gmail.com
2025-11-17 15:28:34 [[32minfo[39m] : Access token refreshed for user: user0@gmail.com
2025-11-17 15:28:34 [[32minfo[39m] : Access token refreshed for user: user0@gmail.com
2025-11-17 15:28:34 [[32minfo[39m] : Access token refreshed for user: user0@gmail.com
2025-11-17 15:28:34 [[32minfo[39m] : Access token refreshed for user: user0@gmail.com
2025-11-17 15:28:34 [[32minfo[39m] : Access token refreshed for user: user0@gmail.com
2025-11-17 15:28:34 [[32minfo[39m] : Access token refreshed for user: user0@gmail.com
2025-11-17 15:28:34 [[32minfo[39m] : Access token refreshed for user: user0@gmail.com
2025-11-17 15:28:34 [[32minfo[39m] : Access token refreshed for user: user0@gmail.com
2025-11-17 15:28:34 [[32minfo[39m] : Access token refreshed for user: user0@gmail.com
2025-11-17 15:28:34 [[32minfo[39m] : Access token refreshed for user: user0@gmail.com
2025-11-17 15:28:34 [[32minfo[39m] : Access token refreshed for user: user0@gmail.com
2025-11-17 15:28:34 [[32minfo[39m] : Access token refreshed for user: user0@gmail.com
2025-11-17 15:28:34 [[32minfo[39m] : Access token refreshed for user: user0@gmail.com
2025-11-17 15:28:35 [[32minfo[39m] : Access token refreshed for user: user0@gmail.com
2025-11-17 15:28:35 [[32minfo[39m] : Access token refreshed for user: user0@gmail.com
2025-11-17 15:28:35 [[32minfo[39m] : Access token refreshed for user: user0@gmail.com
2025-11-17 15:28:35 [[32minfo[39m] : Access token refreshed for user: user0@gmail.com
2025-11-17 15:28:35 [[32minfo[39m] : Access token refreshed for user: user0@gmail.com
2025-11-17 15:28:35 [[32minfo[39m] : Access token refreshed for user: user0@gmail.com
2025-11-17 15:28:35 [[32minfo[39m] : Access token refreshed for user: user0@gmail.com
2025-11-17 15:28:35 [[32minfo[39m] : Access token refreshed for user: user0@gmail.com
2025-11-17 15:28:35 [[32minfo[39m] : Access token refreshed for user: user0@gmail.com
2025-11-17 15:28:35 [[32minfo[39m] : Access token refreshed for user: user0@gmail.com
2025-11-17 15:28:35 [[32minfo[39m] : Access token refreshed for user: user0@gmail.com
2025-11-17 15:28:35 [[32minfo[39m] : Access token refreshed for user: user0@gmail.com
2025-11-17 15:28:35 [[32minfo[39m] : Access token refreshed for user: user0@gmail.com
2025-11-17 15:28:35 [[32minfo[39m] : Access token refreshed for user: user0@gmail.com
2025-11-17 15:28:35 [[32minfo[39m] : Access token refreshed for user: user0@gmail.com
2025-11-17 15:28:35 [[32minfo[39m] : Access token refreshed for user: user0@gmail.com
2025-11-17 15:28:35 [[32minfo[39m] : Access token refreshed for user: user0@gmail.com
2025-11-17 15:28:35 [[32minfo[39m] : Access token refreshed for user: user0@gmail.com
2025-11-17 15:28:35 [[32minfo[39m] : Access token refreshed for user: user0@gmail.com
2025-11-17 15:28:35 [[32minfo[39m] : Access token refreshed for user: user0@gmail.com
2025-11-17 15:28:35 [[32minfo[39m] : Access token refreshed for user: user0@gmail.com
2025-11-17 15:28:35 [[32minfo[39m] : Access token refreshed for user: user0@gmail.com
2025-11-17 15:28:35 [[32minfo[39m] : Access token refreshed for user: user0@gmail.com
2025-11-17 15:28:35 [[32minfo[39m] : Access token refreshed for user: user0@gmail.com
2025-11-17 15:28:35 [[32minfo[39m] : Access token refreshed for user: user0@gmail.com
2025-11-17 15:28:35 [[32minfo[39m] : Access token refreshed for user: user0@gmail.com
2025-11-17 15:28:35 [[32minfo[39m] : Access token refreshed for user: user0@gmail.com
2025-11-17 15:28:35 [[32minfo[39m] : Access token refreshed for user: user0@gmail.com
2025-11-17 15:28:35 [[32minfo[39m] : Access token refreshed for user: user0@gmail.com
2025-11-17 15:28:35 [[32minfo[39m] : Access token refreshed for user: user0@gmail.com
2025-11-17 15:28:35 [[32minfo[39m] : Access token refreshed for user: user0@gmail.com
2025-11-17 15:28:35 [[32minfo[39m] : Access token refreshed for user: user0@gmail.com
2025-11-17 15:28:35 [[32minfo[39m] : Access token refreshed for user: user0@gmail.com
2025-11-17 15:28:35 [[32minfo[39m] : Access token refreshed for user: user0@gmail.com
2025-11-17 15:28:35 [[32minfo[39m] : Access token refreshed for user: user0@gmail.com
2025-11-17 15:28:35 [[32minfo[39m] : Access token refreshed for user: user0@gmail.com
2025-11-17 15:28:35 [[32minfo[39m] : Access token refreshed for user: user0@gmail.com
2025-11-17 15:28:35 [[32minfo[39m] : Access token refreshed for user: user0@gmail.com
2025-11-17 15:28:35 [[32minfo[39m] : Access token refreshed for user: user0@gmail.com
2025-11-17 15:28:35 [[32minfo[39m] : Access token refreshed for user: user0@gmail.com
2025-11-17 15:28:35 [[32minfo[39m] : Access token refreshed for user: user0@gmail.com
2025-11-17 15:28:35 [[32minfo[39m] : Access token refreshed for user: user0@gmail.com
2025-11-17 15:28:35 [[32minfo[39m] : Access token refreshed for user: user0@gmail.com
2025-11-17 15:28:35 [[32minfo[39m] : Access token refreshed for user: user0@gmail.com
2025-11-17 15:28:35 [[32minfo[39m] : Access token refreshed for user: user0@gmail.com
2025-11-17 15:28:35 [[32minfo[39m] : Access token refreshed for user: user0@gmail.com
2025-11-17 15:28:35 [[32minfo[39m] : Access token refreshed for user: user0@gmail.com
2025-11-17 15:28:35 [[32minfo[39m] : Access token refreshed for user: user0@gmail.com
2025-11-17 15:28:35 [[32minfo[39m] : Access token refreshed for user: user0@gmail.com
2025-11-17 15:28:35 [[32minfo[39m] : Access token refreshed for user: user0@gmail.com
2025-11-17 15:28:35 [[32minfo[39m] : Access token refreshed for user: user0@gmail.com
2025-11-17 15:28:35 [[32minfo[39m] : Access token refreshed for user: user0@gmail.com
2025-11-17 15:28:35 [[32minfo[39m] : Access token refreshed for user: user0@gmail.com
2025-11-17 15:28:35 [[32minfo[39m] : Access token refreshed for user: user0@gmail.com
2025-11-17 15:28:35 [[32minfo[39m] : Access token refreshed for user: user0@gmail.com
2025-11-17 15:28:35 [[32minfo[39m] : Access token refreshed for user: user0@gmail.com
2025-11-17 15:28:35 [[32minfo[39m] : Access token refreshed for user: user0@gmail.com
2025-11-17 15:28:35 [[32minfo[39m] : Access token refreshed for user: user0@gmail.com
2025-11-17 15:28:36 [[32minfo[39m] : Access token refreshed for user: user0@gmail.com
2025-11-17 15:28:36 [[32minfo[39m] : Access token refreshed for user: user0@gmail.com
2025-11-17 15:28:36 [[32minfo[39m] : Access token refreshed for user: user0@gmail.com
2025-11-17 15:28:36 [[32minfo[39m] : Access token refreshed for user: user0@gmail.com
2025-11-17 15:28:36 [[32minfo[39m] : Access token refreshed for user: user0@gmail.com
2025-11-17 15:28:36 [[32minfo[39m] : Access token refreshed for user: user0@gmail.com
2025-11-17 15:28:36 [[32minfo[39m] : Access token refreshed for user: user0@gmail.com
2025-11-17 15:28:36 [[32minfo[39m] : Access token refreshed for user: user0@gmail.com
2025-11-17 15:28:36 [[32minfo[39m] : Access token refreshed for user: user0@gmail.com
2025-11-17 15:28:36 [[32minfo[39m] : Access token refreshed for user: user0@gmail.com
2025-11-17 15:28:36 [[32minfo[39m] : Access token refreshed for user: user0@gmail.com
2025-11-17 15:28:36 [[32minfo[39m] : Access token refreshed for user: user0@gmail.com
2025-11-17 15:28:36 [[32minfo[39m] : Access token refreshed for user: user0@gmail.com
2025-11-17 15:28:36 [[32minfo[39m] : Access token refreshed for user: user0@gmail.com
2025-11-17 15:28:36 [[32minfo[39m] : Access token refreshed for user: user0@gmail.com
2025-11-17 15:28:36 [[32minfo[39m] : Access token refreshed for user: user0@gmail.com
2025-11-17 15:28:36 [[32minfo[39m] : Access token refreshed for user: user0@gmail.com
2025-11-17 15:28:36 [[32minfo[39m] : Access token refreshed for user: user0@gmail.com
2025-11-17 15:28:36 [[32minfo[39m] : Access token refreshed for user: user0@gmail.com
2025-11-17 15:28:36 [[32minfo[39m] : Access token refreshed for user: user0@gmail.com
2025-11-17 15:28:36 [[32minfo[39m] : Access token refreshed for user: user0@gmail.com
2025-11-17 15:28:36 [[32minfo[39m] : Access token refreshed for user: user0@gmail.com
2025-11-17 15:28:36 [[32minfo[39m] : Access token refreshed for user: user0@gmail.com
2025-11-17 15:28:36 [[32minfo[39m] : Access token refreshed for user: user0@gmail.com
2025-11-17 15:28:36 [[32minfo[39m] : Access token refreshed for user: user0@gmail.com
2025-11-17 15:28:36 [[32minfo[39m] : Access token refreshed for user: user0@gmail.com
2025-11-17 15:28:36 [[32minfo[39m] : Access token refreshed for user: user0@gmail.com
2025-11-17 15:28:36 [[32minfo[39m] : Access token refreshed for user: user0@gmail.com
2025-11-17 15:28:36 [[32minfo[39m] : Access token refreshed for user: user0@gmail.com
2025-11-17 15:28:36 [[32minfo[39m] : Access token refreshed for user: user0@gmail.com
2025-11-17 15:28:36 [[32minfo[39m] : Access token refreshed for user: user0@gmail.com
2025-11-17 15:28:36 [[32minfo[39m] : Access token refreshed for user: user0@gmail.com
2025-11-17 15:28:36 [[32minfo[39m] : Access token refreshed for user: user0@gmail.com
2025-11-17 15:28:36 [[32minfo[39m] : Access token refreshed for user: user0@gmail.com
2025-11-17 15:28:36 [[32minfo[39m] : Access token refreshed for user: user0@gmail.com
2025-11-17 15:28:36 [[32minfo[39m] : Access token refreshed for user: user0@gmail.com
2025-11-17 15:28:36 [[32minfo[39m] : Access token refreshed for user: user0@gmail.com
2025-11-17 15:28:36 [[32minfo[39m] : Access token refreshed for user: user0@gmail.com
2025-11-17 15:28:36 [[32minfo[39m] : Access token refreshed for user: user0@gmail.com
2025-11-17 15:28:36 [[32minfo[39m] : Access token refreshed for user: user0@gmail.com
2025-11-17 15:28:36 [[32minfo[39m] : Access token refreshed for user: user0@gmail.com
2025-11-17 15:28:36 [[32minfo[39m] : Access token refreshed for user: user0@gmail.com
2025-11-17 15:28:36 [[32minfo[39m] : Access token refreshed for user: user0@gmail.com
2025-11-17 15:28:36 [[32minfo[39m] : Access token refreshed for user: user0@gmail.com
2025-11-17 15:28:36 [[32minfo[39m] : Access token refreshed for user: user0@gmail.com
2025-11-17 15:28:36 [[32minfo[39m] : Access token refreshed for user: user0@gmail.com
2025-11-17 15:28:36 [[32minfo[39m] : Access token refreshed for user: user0@gmail.com
2025-11-17 15:28:36 [[32minfo[39m] : Access token refreshed for user: user0@gmail.com
2025-11-17 15:28:36 [[32minfo[39m] : Access token refreshed for user: user0@gmail.com
2025-11-17 15:28:36 [[32minfo[39m] : Access token refreshed for user: user0@gmail.com
2025-11-17 15:28:36 [[32minfo[39m] : Access token refreshed for user: user0@gmail.com
2025-11-17 15:28:36 [[32minfo[39m] : Access token refreshed for user: user0@gmail.com
2025-11-17 15:28:36 [[32minfo[39m] : Access token refreshed for user: user0@gmail.com
2025-11-17 15:28:36 [[32minfo[39m] : Access token refreshed for user: user0@gmail.com
2025-11-17 15:28:36 [[32minfo[39m] : Access token refreshed for user: user0@gmail.com
2025-11-17 15:28:36 [[32minfo[39m] : Access token refreshed for user: user0@gmail.com
2025-11-17 15:28:36 [[32minfo[39m] : Access token refreshed for user: user0@gmail.com
2025-11-17 15:28:36 [[32minfo[39m] : Access token refreshed for user: user0@gmail.com
2025-11-17 15:28:36 [[32minfo[39m] : Access token refreshed for user: user0@gmail.com
2025-11-17 15:28:37 [[32minfo[39m] : Access token refreshed for user: user0@gmail.com
2025-11-17 15:28:37 [[32minfo[39m] : Access token refreshed for user: user0@gmail.com
2025-11-17 15:28:37 [[32minfo[39m] : Access token refreshed for user: user0@gmail.com
2025-11-17 15:28:37 [[32minfo[39m] : Access token refreshed for user: user0@gmail.com
2025-11-17 15:28:37 [[32minfo[39m] : Access token refreshed for user: user0@gmail.com
2025-11-17 15:28:37 [[32minfo[39m] : Access token refreshed for user: user0@gmail.com
2025-11-17 15:28:37 [[32minfo[39m] : Access token refreshed for user: user0@gmail.com
2025-11-17 15:28:37 [[32minfo[39m] : Access token refreshed for user: user0@gmail.com
2025-11-17 15:28:37 [[32minfo[39m] : Access token refreshed for user: user0@gmail.com
2025-11-17 15:28:37 [[32minfo[39m] : Access token refreshed for user: user0@gmail.com
2025-11-17 15:28:37 [[32minfo[39m] : Access token refreshed for user: user0@gmail.com
2025-11-17 15:28:37 [[32minfo[39m] : Access token refreshed for user: user0@gmail.com
2025-11-17 15:28:37 [[32minfo[39m] : Access token refreshed for user: user0@gmail.com
2025-11-17 15:28:37 [[32minfo[39m] : Access token refreshed for user: user0@gmail.com
2025-11-17 15:28:37 [[32minfo[39m] : Access token refreshed for user: user0@gmail.com
2025-11-17 15:28:37 [[32minfo[39m] : Access token refreshed for user: user0@gmail.com
2025-11-17 15:28:37 [[32minfo[39m] : Access token refreshed for user: user0@gmail.com
2025-11-17 15:28:37 [[32minfo[39m] : Access token refreshed for user: user0@gmail.com
2025-11-17 15:28:37 [[32minfo[39m] : Access token refreshed for user: user0@gmail.com
2025-11-17 15:28:37 [[32minfo[39m] : Access token refreshed for user: user0@gmail.com
2025-11-17 15:28:37 [[32minfo[39m] : Access token refreshed for user: user0@gmail.com
2025-11-17 15:28:37 [[32minfo[39m] : Access token refreshed for user: user0@gmail.com
2025-11-17 15:28:37 [[32minfo[39m] : Access token refreshed for user: user0@gmail.com
2025-11-17 15:28:37 [[32minfo[39m] : Access token refreshed for user: user0@gmail.com
2025-11-17 15:28:37 [[32minfo[39m] : Access token refreshed for user: user0@gmail.com
2025-11-17 15:28:37 [[32minfo[39m] : Access token refreshed for user: user0@gmail.com
2025-11-17 15:28:37 [[32minfo[39m] : Access token refreshed for user: user0@gmail.com
2025-11-17 15:28:37 [[32minfo[39m] : Access token refreshed for user: user0@gmail.com
2025-11-17 15:28:37 [[32minfo[39m] : Access token refreshed for user: user0@gmail.com
2025-11-17 15:28:37 [[32minfo[39m] : Access token refreshed for user: user0@gmail.com
2025-11-17 15:28:37 [[32minfo[39m] : Access token refreshed for user: user0@gmail.com
2025-11-17 15:28:37 [[32minfo[39m] : Access token refreshed for user: user0@gmail.com
2025-11-17 15:28:37 [[32minfo[39m] : Access token refreshed for user: user0@gmail.com
2025-11-17 15:28:37 [[32minfo[39m] : Access token refreshed for user: user0@gmail.com
2025-11-17 15:28:37 [[32minfo[39m] : Access token refreshed for user: user0@gmail.com
2025-11-17 15:28:37 [[32minfo[39m] : Access token refreshed for user: user0@gmail.com
2025-11-17 15:28:37 [[32minfo[39m] : Access token refreshed for user: user0@gmail.com
2025-11-17 15:28:37 [[32minfo[39m] : Access token refreshed for user: user0@gmail.com
2025-11-17 15:28:37 [[32minfo[39m] : Access token refreshed for user: user0@gmail.com
2025-11-17 15:28:37 [[32minfo[39m] : Access token refreshed for user: user0@gmail.com
2025-11-17 15:28:37 [[32minfo[39m] : Access token refreshed for user: user0@gmail.com
2025-11-17 15:28:37 [[32minfo[39m] : Access token refreshed for user: user0@gmail.com
2025-11-17 15:28:37 [[32minfo[39m] : Access token refreshed for user: user0@gmail.com
2025-11-17 15:28:37 [[32minfo[39m] : Access token refreshed for user: user0@gmail.com
2025-11-17 15:28:37 [[32minfo[39m] : Access token refreshed for user: user0@gmail.com
2025-11-17 15:28:37 [[32minfo[39m] : Access token refreshed for user: user0@gmail.com
2025-11-17 15:28:37 [[32minfo[39m] : Access token refreshed for user: user0@gmail.com
2025-11-17 15:28:37 [[32minfo[39m] : Access token refreshed for user: user0@gmail.com
2025-11-17 15:28:37 [[32minfo[39m] : Access token refreshed for user: user0@gmail.com
2025-11-17 15:28:37 [[32minfo[39m] : Access token refreshed for user: user0@gmail.com
2025-11-17 15:28:37 [[32minfo[39m] : Access token refreshed for user: user0@gmail.com
2025-11-17 15:28:37 [[32minfo[39m] : Access token refreshed for user: user0@gmail.com
2025-11-17 15:28:37 [[32minfo[39m] : Access token refreshed for user: user0@gmail.com
2025-11-17 15:28:37 [[32minfo[39m] : Access token refreshed for user: user0@gmail.com
2025-11-17 15:28:37 [[32minfo[39m] : Access token refreshed for user: user0@gmail.com
2025-11-17 15:28:37 [[32minfo[39m] : Access token refreshed for user: user0@gmail.com
2025-11-17 15:28:37 [[32minfo[39m] : Access token refreshed for user: user0@gmail.com
2025-11-17 15:28:37 [[32minfo[39m] : Access token refreshed for user: user0@gmail.com
2025-11-17 15:28:37 [[32minfo[39m] : Access token refreshed for user: user0@gmail.com
2025-11-17 15:28:37 [[32minfo[39m] : Access token refreshed for user: user0@gmail.com
2025-11-17 15:28:37 [[32minfo[39m] : Access token refreshed for user: user0@gmail.com
2025-11-17 15:28:37 [[32minfo[39m] : Access token refreshed for user: user0@gmail.com
2025-11-17 15:28:37 [[32minfo[39m] : Access token refreshed for user: user0@gmail.com
2025-11-17 15:28:38 [[32minfo[39m] : Access token refreshed for user: user0@gmail.com
2025-11-17 15:28:38 [[32minfo[39m] : Access token refreshed for user: user0@gmail.com
2025-11-17 15:28:38 [[32minfo[39m] : Access token refreshed for user: user0@gmail.com
2025-11-17 15:28:38 [[32minfo[39m] : Access token refreshed for user: user0@gmail.com
2025-11-17 15:28:38 [[32minfo[39m] : Access token refreshed for user: user0@gmail.com
2025-11-17 15:28:38 [[32minfo[39m] : Access token refreshed for user: user0@gmail.com
2025-11-17 15:28:38 [[32minfo[39m] : Access token refreshed for user: user0@gmail.com
2025-11-17 15:28:38 [[32minfo[39m] : Access token refreshed for user: user0@gmail.com
2025-11-17 15:28:38 [[32minfo[39m] : Access token refreshed for user: user0@gmail.com
2025-11-17 15:28:38 [[32minfo[39m] : Access token refreshed for user: user0@gmail.com
2025-11-17 15:28:38 [[32minfo[39m] : Access token refreshed for user: user0@gmail.com
2025-11-17 15:28:38 [[32minfo[39m] : Access token refreshed for user: user0@gmail.com
2025-11-17 15:28:38 [[32minfo[39m] : Access token refreshed for user: user0@gmail.com
2025-11-17 15:28:38 [[32minfo[39m] : Access token refreshed for user: user0@gmail.com
2025-11-17 15:28:38 [[32minfo[39m] : Access token refreshed for user: user0@gmail.com
2025-11-17 15:28:38 [[32minfo[39m] : Access token refreshed for user: user0@gmail.com
2025-11-17 15:28:38 [[32minfo[39m] : Access token refreshed for user: user0@gmail.com
2025-11-17 15:28:38 [[32minfo[39m] : Access token refreshed for user: user0@gmail.com
2025-11-17 15:28:38 [[32minfo[39m] : Access token refreshed for user: user0@gmail.com
2025-11-17 15:28:38 [[32minfo[39m] : Access token refreshed for user: user0@gmail.com
2025-11-17 15:28:38 [[32minfo[39m] : Access token refreshed for user: user0@gmail.com
2025-11-17 15:28:38 [[32minfo[39m] : Access token refreshed for user: user0@gmail.com
2025-11-17 15:28:38 [[32minfo[39m] : Access token refreshed for user: user0@gmail.com
2025-11-17 15:28:38 [[32minfo[39m] : Access token refreshed for user: user0@gmail.com
2025-11-17 15:28:38 [[32minfo[39m] : Access token refreshed for user: user0@gmail.com
2025-11-17 15:28:38 [[32minfo[39m] : Access token refreshed for user: user0@gmail.com
2025-11-17 15:28:38 [[32minfo[39m] : Access token refreshed for user: user0@gmail.com
2025-11-17 15:28:38 [[32minfo[39m] : Access token refreshed for user: user0@gmail.com
2025-11-17 15:28:38 [[32minfo[39m] : Access token refreshed for user: user0@gmail.com
2025-11-17 15:28:38 [[32minfo[39m] : Access token refreshed for user: user0@gmail.com
2025-11-17 15:28:38 [[32minfo[39m] : Access token refreshed for user: user0@gmail.com
2025-11-17 15:28:38 [[32minfo[39m] : Access token refreshed for user: user0@gmail.com
2025-11-17 15:28:38 [[32minfo[39m] : Access token refreshed for user: user0@gmail.com
2025-11-17 15:28:38 [[32minfo[39m] : Access token refreshed for user: user0@gmail.com
2025-11-17 15:28:38 [[32minfo[39m] : Access token refreshed for user: user0@gmail.com
2025-11-17 15:28:38 [[32minfo[39m] : Access token refreshed for user: user0@gmail.com
2025-11-17 15:28:38 [[32minfo[39m] : Access token refreshed for user: user0@gmail.com
2025-11-17 15:28:38 [[32minfo[39m] : Access token refreshed for user: user0@gmail.com
2025-11-17 15:28:38 [[32minfo[39m] : Access token refreshed for user: user0@gmail.com
2025-11-17 15:28:38 [[32minfo[39m] : Access token refreshed for user: user0@gmail.com
2025-11-17 15:28:38 [[32minfo[39m] : Access token refreshed for user: user0@gmail.com
2025-11-17 15:28:38 [[32minfo[39m] : Access token refreshed for user: user0@gmail.com
2025-11-17 15:28:38 [[32minfo[39m] : Access token refreshed for user: user0@gmail.com
2025-11-17 15:28:38 [[32minfo[39m] : Access token refreshed for user: user0@gmail.com
2025-11-17 15:28:38 [[32minfo[39m] : Access token refreshed for user: user0@gmail.com
2025-11-17 15:28:38 [[32minfo[39m] : Access token refreshed for user: user0@gmail.com
2025-11-17 15:28:38 [[32minfo[39m] : Access token refreshed for user: user0@gmail.com
2025-11-17 15:28:38 [[32minfo[39m] : Access token refreshed for user: user0@gmail.com
2025-11-17 15:28:38 [[32minfo[39m] : Access token refreshed for user: user0@gmail.com
2025-11-17 15:28:38 [[32minfo[39m] : Access token refreshed for user: user0@gmail.com
2025-11-17 15:28:38 [[32minfo[39m] : Access token refreshed for user: user0@gmail.com
2025-11-17 15:28:38 [[32minfo[39m] : Access token refreshed for user: user0@gmail.com
2025-11-17 15:28:38 [[32minfo[39m] : Access token refreshed for user: user0@gmail.com
2025-11-17 15:28:38 [[32minfo[39m] : Access token refreshed for user: user0@gmail.com
2025-11-17 15:28:38 [[32minfo[39m] : Access token refreshed for user: user0@gmail.com
2025-11-17 15:28:38 [[32minfo[39m] : Access token refreshed for user: user0@gmail.com
2025-11-17 15:28:38 [[32minfo[39m] : Access token refreshed for user: user0@gmail.com
2025-11-17 15:28:39 [[32minfo[39m] : Access token refreshed for user: user0@gmail.com
2025-11-17 15:28:39 [[32minfo[39m] : Access token refreshed for user: user0@gmail.com
2025-11-17 15:28:39 [[32minfo[39m] : Access token refreshed for user: user0@gmail.com
2025-11-17 15:28:39 [[32minfo[39m] : Access token refreshed for user: user0@gmail.com
2025-11-17 15:28:39 [[32minfo[39m] : Access token refreshed for user: user0@gmail.com
2025-11-17 15:28:39 [[32minfo[39m] : Access token refreshed for user: user0@gmail.com
2025-11-17 15:28:39 [[32minfo[39m] : Access token refreshed for user: user0@gmail.com
2025-11-17 15:28:39 [[32minfo[39m] : Access token refreshed for user: user0@gmail.com
2025-11-17 15:28:39 [[32minfo[39m] : Access token refreshed for user: user0@gmail.com
2025-11-17 15:28:39 [[32minfo[39m] : Access token refreshed for user: user0@gmail.com
2025-11-17 15:28:39 [[32minfo[39m] : Access token refreshed for user: user0@gmail.com
2025-11-17 15:28:39 [[32minfo[39m] : Access token refreshed for user: user0@gmail.com
2025-11-17 15:28:39 [[32minfo[39m] : Access token refreshed for user: user0@gmail.com
2025-11-17 15:28:39 [[32minfo[39m] : Access token refreshed for user: user0@gmail.com
2025-11-17 15:28:39 [[32minfo[39m] : Access token refreshed for user: user0@gmail.com
2025-11-17 15:28:39 [[32minfo[39m] : Access token refreshed for user: user0@gmail.com
2025-11-17 15:28:39 [[32minfo[39m] : Access token refreshed for user: user0@gmail.com
2025-11-17 15:28:39 [[32minfo[39m] : Access token refreshed for user: user0@gmail.com
2025-11-17 15:28:39 [[32minfo[39m] : Access token refreshed for user: user0@gmail.com
2025-11-17 15:28:39 [[32minfo[39m] : Access token refreshed for user: user0@gmail.com
2025-11-17 15:28:39 [[32minfo[39m] : Access token refreshed for user: user0@gmail.com
2025-11-17 15:28:39 [[32minfo[39m] : Access token refreshed for user: user0@gmail.com
2025-11-17 15:28:39 [[32minfo[39m] : Access token refreshed for user: user0@gmail.com
2025-11-17 15:28:39 [[32minfo[39m] : Access token refreshed for user: user0@gmail.com
2025-11-17 15:28:39 [[32minfo[39m] : Access token refreshed for user: user0@gmail.com
2025-11-17 15:28:39 [[32minfo[39m] : Access token refreshed for user: user0@gmail.com
2025-11-17 15:28:39 [[32minfo[39m] : Access token refreshed for user: user0@gmail.com
2025-11-17 15:28:39 [[32minfo[39m] : Access token refreshed for user: user0@gmail.com
2025-11-17 15:28:39 [[32minfo[39m] : Access token refreshed for user: user0@gmail.com
2025-11-17 15:28:39 [[32minfo[39m] : Access token refreshed for user: user0@gmail.com
2025-11-17 15:28:39 [[32minfo[39m] : Access token refreshed for user: user0@gmail.com
2025-11-17 15:28:39 [[32minfo[39m] : Access token refreshed for user: user0@gmail.com
2025-11-17 15:28:39 [[32minfo[39m] : Access token refreshed for user: user0@gmail.com
2025-11-17 15:28:39 [[32minfo[39m] : Access token refreshed for user: user0@gmail.com
2025-11-17 15:28:39 [[32minfo[39m] : Access token refreshed for user: user0@gmail.com
2025-11-17 15:28:39 [[32minfo[39m] : Access token refreshed for user: user0@gmail.com
2025-11-17 15:28:39 [[32minfo[39m] : Access token refreshed for user: user0@gmail.com
2025-11-17 15:28:39 [[32minfo[39m] : Access token refreshed for user: user0@gmail.com
2025-11-17 15:28:39 [[32minfo[39m] : Access token refreshed for user: user0@gmail.com
2025-11-17 15:28:39 [[32minfo[39m] : Access token refreshed for user: user0@gmail.com
2025-11-17 15:28:39 [[32minfo[39m] : Access token refreshed for user: user0@gmail.com
2025-11-17 15:28:39 [[32minfo[39m] : Access token refreshed for user: user0@gmail.com
2025-11-17 15:28:39 [[32minfo[39m] : Access token refreshed for user: user0@gmail.com
2025-11-17 15:28:39 [[32minfo[39m] : Access token refreshed for user: user0@gmail.com
2025-11-17 15:28:39 [[32minfo[39m] : Access token refreshed for user: user0@gmail.com
2025-11-17 15:28:39 [[32minfo[39m] : Access token refreshed for user: user0@gmail.com
2025-11-17 15:28:39 [[32minfo[39m] : Access token refreshed for user: user0@gmail.com
2025-11-17 15:28:39 [[32minfo[39m] : Access token refreshed for user: user0@gmail.com
2025-11-17 15:28:39 [[32minfo[39m] : Access token refreshed for user: user0@gmail.com
2025-11-17 15:28:39 [[32minfo[39m] : Access token refreshed for user: user0@gmail.com
2025-11-17 15:28:39 [[32minfo[39m] : Access token refreshed for user: user0@gmail.com
2025-11-17 15:28:39 [[32minfo[39m] : Access token refreshed for user: user0@gmail.com
2025-11-17 15:28:39 [[32minfo[39m] : Access token refreshed for user: user0@gmail.com
2025-11-17 15:28:39 [[32minfo[39m] : Access token refreshed for user: user0@gmail.com
2025-11-17 15:28:39 [[32minfo[39m] : Access token refreshed for user: user0@gmail.com
2025-11-17 15:28:39 [[32minfo[39m] : Access token refreshed for user: user0@gmail.com
2025-11-17 15:28:39 [[32minfo[39m] : Access token refreshed for user: user0@gmail.com
2025-11-17 15:28:39 [[32minfo[39m] : Access token refreshed for user: user0@gmail.com
2025-11-17 15:28:39 [[32minfo[39m] : Access token refreshed for user: user0@gmail.com
2025-11-17 15:28:39 [[32minfo[39m] : Access token refreshed for user: user0@gmail.com
2025-11-17 15:28:39 [[32minfo[39m] : Access token refreshed for user: user0@gmail.com
2025-11-17 15:28:39 [[32minfo[39m] : Access token refreshed for user: user0@gmail.com
2025-11-17 15:28:39 [[32minfo[39m] : Access token refreshed for user: user0@gmail.com
2025-11-17 15:28:40 [[32minfo[39m] : Access token refreshed for user: user0@gmail.com
2025-11-17 15:28:40 [[32minfo[39m] : Access token refreshed for user: user0@gmail.com
2025-11-17 15:28:40 [[32minfo[39m] : Access token refreshed for user: user0@gmail.com
2025-11-17 15:28:40 [[32minfo[39m] : Access token refreshed for user: user0@gmail.com
2025-11-17 15:28:40 [[32minfo[39m] : Access token refreshed for user: user0@gmail.com
2025-11-17 15:28:40 [[32minfo[39m] : Access token refreshed for user: user0@gmail.com
2025-11-17 15:28:40 [[32minfo[39m] : Access token refreshed for user: user0@gmail.com
2025-11-17 15:28:40 [[32minfo[39m] : Access token refreshed for user: user0@gmail.com
2025-11-17 15:28:40 [[32minfo[39m] : Access token refreshed for user: user0@gmail.com
2025-11-17 15:28:40 [[32minfo[39m] : Access token refreshed for user: user0@gmail.com
2025-11-17 15:28:40 [[32minfo[39m] : Access token refreshed for user: user0@gmail.com
2025-11-17 15:28:40 [[32minfo[39m] : Access token refreshed for user: user0@gmail.com
2025-11-17 15:28:40 [[32minfo[39m] : Access token refreshed for user: user0@gmail.com
2025-11-17 15:28:40 [[32minfo[39m] : Access token refreshed for user: user0@gmail.com
2025-11-17 15:28:40 [[32minfo[39m] : Access token refreshed for user: user0@gmail.com
2025-11-17 15:28:40 [[32minfo[39m] : Access token refreshed for user: user0@gmail.com
2025-11-17 15:28:40 [[32minfo[39m] : Access token refreshed for user: user0@gmail.com
2025-11-17 15:28:40 [[32minfo[39m] : Access token refreshed for user: user0@gmail.com
2025-11-17 15:28:40 [[32minfo[39m] : Access token refreshed for user: user0@gmail.com
2025-11-17 15:28:40 [[32minfo[39m] : Access token refreshed for user: user0@gmail.com
2025-11-17 15:28:40 [[32minfo[39m] : Access token refreshed for user: user0@gmail.com
2025-11-17 15:28:40 [[32minfo[39m] : Access token refreshed for user: user0@gmail.com
2025-11-17 15:28:40 [[32minfo[39m] : Access token refreshed for user: user0@gmail.com
2025-11-17 15:28:40 [[32minfo[39m] : Access token refreshed for user: user0@gmail.com
2025-11-17 15:28:40 [[32minfo[39m] : Access token refreshed for user: user0@gmail.com
2025-11-17 15:28:40 [[32minfo[39m] : Access token refreshed for user: user0@gmail.com
2025-11-17 15:28:40 [[32minfo[39m] : Access token refreshed for user: user0@gmail.com
2025-11-17 15:28:40 [[32minfo[39m] : Access token refreshed for user: user0@gmail.com
2025-11-17 15:28:40 [[32minfo[39m] : Access token refreshed for user: user0@gmail.com
2025-11-17 15:28:40 [[32minfo[39m] : Access token refreshed for user: user0@gmail.com
2025-11-17 15:28:40 [[32minfo[39m] : Access token refreshed for user: user0@gmail.com
2025-11-17 15:28:40 [[32minfo[39m] : Access token refreshed for user: user0@gmail.com
2025-11-17 15:28:40 [[32minfo[39m] : Access token refreshed for user: user0@gmail.com
2025-11-17 15:28:40 [[32minfo[39m] : Access token refreshed for user: user0@gmail.com
2025-11-17 15:28:40 [[32minfo[39m] : Access token refreshed for user: user0@gmail.com
2025-11-17 15:28:40 [[32minfo[39m] : Access token refreshed for user: user0@gmail.com
2025-11-17 15:28:40 [[32minfo[39m] : Access token refreshed for user: user0@gmail.com
2025-11-17 15:28:40 [[32minfo[39m] : Access token refreshed for user: user0@gmail.com
2025-11-17 15:28:40 [[32minfo[39m] : Access token refreshed for user: user0@gmail.com
2025-11-17 15:28:40 [[32minfo[39m] : Access token refreshed for user: user0@gmail.com
2025-11-17 15:28:40 [[32minfo[39m] : Access token refreshed for user: user0@gmail.com
2025-11-17 15:28:40 [[32minfo[39m] : Access token refreshed for user: user0@gmail.com
2025-11-17 15:28:40 [[32minfo[39m] : Access token refreshed for user: user0@gmail.com
2025-11-17 15:28:40 [[32minfo[39m] : Access token refreshed for user: user0@gmail.com
2025-11-17 15:28:40 [[32minfo[39m] : Access token refreshed for user: user0@gmail.com
2025-11-17 15:28:40 [[32minfo[39m] : Access token refreshed for user: user0@gmail.com
2025-11-17 15:28:40 [[32minfo[39m] : Access token refreshed for user: user0@gmail.com
2025-11-17 15:28:40 [[32minfo[39m] : Access token refreshed for user: user0@gmail.com
2025-11-17 15:28:40 [[32minfo[39m] : Access token refreshed for user: user0@gmail.com
2025-11-17 15:28:40 [[32minfo[39m] : Access token refreshed for user: user0@gmail.com
2025-11-17 15:28:40 [[32minfo[39m] : Access token refreshed for user: user0@gmail.com
2025-11-17 15:28:40 [[32minfo[39m] : Access token refreshed for user: user0@gmail.com
2025-11-17 15:28:40 [[32minfo[39m] : Access token refreshed for user: user0@gmail.com
2025-11-17 15:28:40 [[32minfo[39m] : Access token refreshed for user: user0@gmail.com
2025-11-17 15:28:40 [[32minfo[39m] : Access token refreshed for user: user0@gmail.com
2025-11-17 15:28:40 [[32minfo[39m] : Access token refreshed for user: user0@gmail.com
2025-11-17 15:28:40 [[32minfo[39m] : Access token refreshed for user: user0@gmail.com
2025-11-17 15:28:40 [[32minfo[39m] : Access token refreshed for user: user0@gmail.com
2025-11-17 15:28:40 [[32minfo[39m] : Access token refreshed for user: user0@gmail.com
2025-11-17 15:28:40 [[32minfo[39m] : Access token refreshed for user: user0@gmail.com
2025-11-17 15:28:40 [[32minfo[39m] : Access token refreshed for user: user0@gmail.com
2025-11-17 15:28:40 [[32minfo[39m] : Access token refreshed for user: user0@gmail.com
2025-11-17 15:28:40 [[32minfo[39m] : Access token refreshed for user: user0@gmail.com
2025-11-17 15:28:40 [[32minfo[39m] : Access token refreshed for user: user0@gmail.com
2025-11-17 15:28:40 [[32minfo[39m] : Access token refreshed for user: user0@gmail.com
2025-11-17 15:28:40 [[32minfo[39m] : Access token refreshed for user: user0@gmail.com
2025-11-17 15:28:40 [[32minfo[39m] : Access token refreshed for user: user0@gmail.com
2025-11-17 15:28:40 [[32minfo[39m] : Access token refreshed for user: user0@gmail.com
2025-11-17 15:28:40 [[32minfo[39m] : Access token refreshed for user: user0@gmail.com
2025-11-17 15:28:40 [[32minfo[39m] : Access token refreshed for user: user0@gmail.com
2025-11-17 15:28:40 [[32minfo[39m] : Access token refreshed for user: user0@gmail.com
2025-11-17 15:28:41 [[32minfo[39m] : Access token refreshed for user: user0@gmail.com
2025-11-17 15:28:41 [[32minfo[39m] : Access token refreshed for user: user0@gmail.com
2025-11-17 15:28:41 [[32minfo[39m] : Access token refreshed for user: user0@gmail.com
2025-11-17 15:28:41 [[32minfo[39m] : Access token refreshed for user: user0@gmail.com
2025-11-17 15:28:41 [[32minfo[39m] : Access token refreshed for user: user0@gmail.com
2025-11-17 15:28:41 [[32minfo[39m] : Access token refreshed for user: user0@gmail.com
2025-11-17 15:28:41 [[32minfo[39m] : Access token refreshed for user: user0@gmail.com
2025-11-17 15:28:41 [[32minfo[39m] : Access token refreshed for user: user0@gmail.com
2025-11-17 15:28:41 [[32minfo[39m] : Access token refreshed for user: user0@gmail.com
2025-11-17 15:28:41 [[32minfo[39m] : Access token refreshed for user: user0@gmail.com
2025-11-17 15:28:41 [[32minfo[39m] : Access token refreshed for user: user0@gmail.com
2025-11-17 15:28:41 [[32minfo[39m] : Access token refreshed for user: user0@gmail.com
2025-11-17 15:28:41 [[32minfo[39m] : Access token refreshed for user: user0@gmail.com
2025-11-17 15:28:41 [[32minfo[39m] : Access token refreshed for user: user0@gmail.com
2025-11-17 15:28:41 [[32minfo[39m] : Access token refreshed for user: user0@gmail.com
2025-11-17 15:28:41 [[32minfo[39m] : Access token refreshed for user: user0@gmail.com
2025-11-17 15:28:41 [[32minfo[39m] : Access token refreshed for user: user0@gmail.com
2025-11-17 15:28:41 [[32minfo[39m] : Access token refreshed for user: user0@gmail.com
2025-11-17 15:28:41 [[32minfo[39m] : Access token refreshed for user: user0@gmail.com
2025-11-17 15:28:41 [[32minfo[39m] : Access token refreshed for user: user0@gmail.com
2025-11-17 15:28:41 [[32minfo[39m] : Access token refreshed for user: user0@gmail.com
2025-11-17 15:28:41 [[32minfo[39m] : Access token refreshed for user: user0@gmail.com
2025-11-17 15:28:41 [[32minfo[39m] : Access token refreshed for user: user0@gmail.com
2025-11-17 15:28:41 [[32minfo[39m] : Access token refreshed for user: user0@gmail.com
2025-11-17 15:28:41 [[32minfo[39m] : Access token refreshed for user: user0@gmail.com
2025-11-17 15:28:41 [[32minfo[39m] : Access token refreshed for user: user0@gmail.com
2025-11-17 15:28:41 [[32minfo[39m] : Access token refreshed for user: user0@gmail.com
2025-11-17 15:28:41 [[31merror[39m] : Error: Wrong password
    at AuthService.<anonymous> (C:\Users\Lenovo\OneDrive\Desktop\Mentora\server\src\services\authService.ts:37:23)
    at Generator.next (<anonymous>)
    at fulfilled (C:\Users\Lenovo\OneDrive\Desktop\Mentora\server\src\services\authService.ts:5:58)
2025-11-17 15:35:56 [[32minfo[39m] :  Server running on http://localhost:5000
2025-11-17 15:38:12 [[32minfo[39m] :  Server running on http://localhost:5000
2025-11-17 15:44:36 [[33mwarn[39m] : Access token expired
2025-11-17 15:44:36 [[33mwarn[39m] : Access token expired
2025-11-17 15:44:42 [[33mwarn[39m] : Access token expired
2025-11-17 15:44:42 [[33mwarn[39m] : Access token expired
2025-11-17 15:44:46 [[33mwarn[39m] : Access token expired
2025-11-17 15:44:46 [[33mwarn[39m] : Access token expired
2025-11-17 15:44:47 [[33mwarn[39m] : Access token expired
2025-11-17 15:44:47 [[33mwarn[39m] : Access token expired
2025-11-17 15:44:50 [[33mwarn[39m] : Access token expired
2025-11-17 15:44:50 [[33mwarn[39m] : Access token expired
2025-11-17 15:44:56 [[32minfo[39m] : User logged out successfully
2025-11-17 15:45:08 [[32minfo[39m] : User logged in: user0@gmail.com
2025-11-17 16:46:42 [[33mwarn[39m] : Access token expired
2025-11-17 16:46:42 [[33mwarn[39m] : Access token expired
2025-11-17 16:46:45 [[32minfo[39m] : User logged out successfully
2025-11-17 16:46:59 [[32minfo[39m] : User logged in: user0@gmail.com
2025-11-17 16:53:11 [[32minfo[39m] :  Server running on http://localhost:5000
2025-11-17 16:57:04 [[32minfo[39m] :  Server running on http://localhost:5000
2025-11-17 16:57:18 [[32minfo[39m] :  Server running on http://localhost:5000
2025-11-17 16:57:32 [[32minfo[39m] :  Server running on http://localhost:5000
2025-11-17 16:58:23 [[32minfo[39m] :  Server running on http://localhost:5000
2025-11-17 16:58:41 [[32minfo[39m] :  Server running on http://localhost:5000
2025-11-17 17:04:04 [[32minfo[39m] :  Server running on http://localhost:5000
2025-11-17 17:04:13 [[33mwarn[39m] : Access token expired
2025-11-17 17:04:13 [[33mwarn[39m] : Access token expired
2025-11-17 17:04:27 [[32minfo[39m] : User logged out successfully
2025-11-17 17:04:38 [[32minfo[39m] : User logged in: user0@gmail.com
2025-11-17 17:05:08 [[32minfo[39m] :  Server running on http://localhost:5000
2025-11-17 17:09:13 [[32minfo[39m] :  Server running on http://localhost:5000
2025-11-17 17:09:31 [[32minfo[39m] :  Server running on http://localhost:5000
2025-11-17 17:26:02 [[32minfo[39m] :  Server running on http://localhost:5000
2025-11-17 17:26:09 [[32minfo[39m] :  Server running on http://localhost:5000
2025-11-17 17:26:16 [[32minfo[39m] :  Server running on http://localhost:5000
2025-11-17 17:28:30 [[32minfo[39m] :  Server running on http://localhost:5000
2025-11-17 17:35:10 [[32minfo[39m] :  Server running on http://localhost:5000
2025-11-17 17:35:28 [[32minfo[39m] :  Server running on http://localhost:5000
2025-11-17 17:37:12 [[32minfo[39m] :  Server running on http://localhost:5000
2025-11-17 17:37:30 [[32minfo[39m] :  Server running on http://localhost:5000
2025-11-17 17:39:41 [[32minfo[39m] :  Server running on http://localhost:5000
2025-11-17 17:41:56 [[32minfo[39m] :  Server running on http://localhost:5000
2025-11-17 17:42:02 [[32minfo[39m] :  Server running on http://localhost:5000
2025-11-17 17:42:23 [[32minfo[39m] :  Server running on http://localhost:5000
2025-11-17 17:42:45 [[32minfo[39m] :  Server running on http://localhost:5000
2025-11-17 17:42:57 [[32minfo[39m] :  Server running on http://localhost:5000
2025-11-17 17:43:37 [[32minfo[39m] :  Server running on http://localhost:5000
2025-11-17 17:43:45 [[32minfo[39m] :  Server running on http://localhost:5000
2025-11-17 17:44:38 [[32minfo[39m] :  Server running on http://localhost:5000
2025-11-17 17:44:53 [[32minfo[39m] :  Server running on http://localhost:5000
2025-11-17 17:48:25 [[32minfo[39m] :  Server running on http://localhost:5000
2025-11-17 17:49:24 [[32minfo[39m] :  Server running on http://localhost:5000
2025-11-17 17:49:45 [[32minfo[39m] :  Server running on http://localhost:5000
2025-11-17 17:52:40 [[32minfo[39m] :  Server running on http://localhost:5000
2025-11-17 17:52:51 [[32minfo[39m] :  Server running on http://localhost:5000
2025-11-17 17:53:00 [[32minfo[39m] :  Server running on http://localhost:5000
2025-11-17 17:53:45 [[33mwarn[39m] : Access token expired
2025-11-17 17:53:45 [[33mwarn[39m] : Access token expired
2025-11-17 17:53:51 [[32minfo[39m] : User logged out successfully
2025-11-17 17:54:06 [[32minfo[39m] : User logged in: user0@gmail.com
2025-11-17 18:09:43 [[32minfo[39m] :  Server running on http://localhost:5000
2025-11-17 18:09:55 [[31merror[39m] : Error: User not found
    at AuthService.<anonymous> (C:\Users\Lenovo\OneDrive\Desktop\Mentora\server\src\services\authService.ts:32:22)
    at Generator.next (<anonymous>)
    at fulfilled (C:\Users\Lenovo\OneDrive\Desktop\Mentora\server\src\services\authService.ts:5:58)
    at processTicksAndRejections (node:internal/process/task_queues:95:5)
2025-11-17 18:09:55 [[32minfo[39m] : Access token refreshed for user: user0@gmail.com
2025-11-17 18:09:55 [[31merror[39m] : Error: User not found
    at AuthService.<anonymous> (C:\Users\Lenovo\OneDrive\Desktop\Mentora\server\src\services\authService.ts:32:22)
    at Generator.next (<anonymous>)
    at fulfilled (C:\Users\Lenovo\OneDrive\Desktop\Mentora\server\src\services\authService.ts:5:58)
    at processTicksAndRejections (node:internal/process/task_queues:95:5)
2025-11-17 18:10:03 [[31merror[39m] : Error: User not found
    at AuthService.<anonymous> (C:\Users\Lenovo\OneDrive\Desktop\Mentora\server\src\services\authService.ts:32:22)
    at Generator.next (<anonymous>)
    at fulfilled (C:\Users\Lenovo\OneDrive\Desktop\Mentora\server\src\services\authService.ts:5:58)
    at processTicksAndRejections (node:internal/process/task_queues:95:5)
2025-11-17 18:10:03 [[32minfo[39m] : Access token refreshed for user: user0@gmail.com
2025-11-17 18:10:03 [[31merror[39m] : Error: User not found
    at AuthService.<anonymous> (C:\Users\Lenovo\OneDrive\Desktop\Mentora\server\src\services\authService.ts:32:22)
    at Generator.next (<anonymous>)
    at fulfilled (C:\Users\Lenovo\OneDrive\Desktop\Mentora\server\src\services\authService.ts:5:58)
    at processTicksAndRejections (node:internal/process/task_queues:95:5)
2025-11-17 18:26:24 [[32minfo[39m] : User logged out successfully
2025-11-17 18:26:37 [[31merror[39m] : Error: Wrong password
    at AuthService.<anonymous> (C:\Users\Lenovo\OneDrive\Desktop\Mentora\server\src\services\authService.ts:37:23)
    at Generator.next (<anonymous>)
    at fulfilled (C:\Users\Lenovo\OneDrive\Desktop\Mentora\server\src\services\authService.ts:5:58)
2025-11-17 18:26:42 [[31merror[39m] : Error: Wrong password
    at AuthService.<anonymous> (C:\Users\Lenovo\OneDrive\Desktop\Mentora\server\src\services\authService.ts:37:23)
    at Generator.next (<anonymous>)
    at fulfilled (C:\Users\Lenovo\OneDrive\Desktop\Mentora\server\src\services\authService.ts:5:58)
2025-11-17 18:26:43 [[31merror[39m] : Error: Wrong password
    at AuthService.<anonymous> (C:\Users\Lenovo\OneDrive\Desktop\Mentora\server\src\services\authService.ts:37:23)
    at Generator.next (<anonymous>)
    at fulfilled (C:\Users\Lenovo\OneDrive\Desktop\Mentora\server\src\services\authService.ts:5:58)
2025-11-17 18:26:43 [[31merror[39m] : Error: Wrong password
    at AuthService.<anonymous> (C:\Users\Lenovo\OneDrive\Desktop\Mentora\server\src\services\authService.ts:37:23)
    at Generator.next (<anonymous>)
    at fulfilled (C:\Users\Lenovo\OneDrive\Desktop\Mentora\server\src\services\authService.ts:5:58)
2025-11-17 18:26:43 [[31merror[39m] : Error: Wrong password
    at AuthService.<anonymous> (C:\Users\Lenovo\OneDrive\Desktop\Mentora\server\src\services\authService.ts:37:23)
    at Generator.next (<anonymous>)
    at fulfilled (C:\Users\Lenovo\OneDrive\Desktop\Mentora\server\src\services\authService.ts:5:58)
2025-11-17 18:26:50 [[32minfo[39m] : User logged in: user0@gmail.com
2025-11-17 18:26:50 [[32minfo[39m] : Access token refreshed for user: user0@gmail.com
2025-11-17 18:26:50 [[32minfo[39m] : Access token refreshed for user: user0@gmail.com
2025-11-17 18:26:50 [[32minfo[39m] : Access token refreshed for user: user0@gmail.com
2025-11-17 18:26:50 [[32minfo[39m] : Access token refreshed for user: user0@gmail.com
2025-11-17 18:26:50 [[32minfo[39m] : Access token refreshed for user: user0@gmail.com
2025-11-17 18:26:51 [[32minfo[39m] : Access token refreshed for user: user0@gmail.com
2025-11-17 18:26:51 [[32minfo[39m] : Access token refreshed for user: user0@gmail.com
2025-11-17 18:26:51 [[32minfo[39m] : Access token refreshed for user: user0@gmail.com
2025-11-17 18:26:51 [[32minfo[39m] : Access token refreshed for user: user0@gmail.com
2025-11-17 18:26:51 [[32minfo[39m] : Access token refreshed for user: user0@gmail.com
2025-11-17 18:26:51 [[32minfo[39m] : Access token refreshed for user: user0@gmail.com
2025-11-17 18:26:51 [[32minfo[39m] : Access token refreshed for user: user0@gmail.com
2025-11-17 18:26:52 [[32minfo[39m] : Access token refreshed for user: user0@gmail.com
2025-11-17 18:26:52 [[32minfo[39m] : Access token refreshed for user: user0@gmail.com
2025-11-17 18:26:52 [[32minfo[39m] : Access token refreshed for user: user0@gmail.com
2025-11-17 18:26:53 [[32minfo[39m] : Access token refreshed for user: user0@gmail.com
2025-11-17 18:26:53 [[32minfo[39m] : Access token refreshed for user: user0@gmail.com
2025-11-17 18:26:53 [[32minfo[39m] : Access token refreshed for user: user0@gmail.com
2025-11-17 18:26:53 [[32minfo[39m] : Access token refreshed for user: user0@gmail.com
2025-11-17 18:26:53 [[32minfo[39m] : Access token refreshed for user: user0@gmail.com
2025-11-17 18:26:53 [[32minfo[39m] : Access token refreshed for user: user0@gmail.com
2025-11-17 18:26:53 [[32minfo[39m] : Access token refreshed for user: user0@gmail.com
2025-11-17 18:26:53 [[32minfo[39m] : Access token refreshed for user: user0@gmail.com
2025-11-17 18:26:53 [[32minfo[39m] : Access token refreshed for user: user0@gmail.com
2025-11-17 18:26:53 [[32minfo[39m] : Access token refreshed for user: user0@gmail.com
2025-11-17 18:26:53 [[32minfo[39m] : Access token refreshed for user: user0@gmail.com
2025-11-17 18:26:53 [[32minfo[39m] : Access token refreshed for user: user0@gmail.com
2025-11-17 18:26:54 [[32minfo[39m] : Access token refreshed for user: user0@gmail.com
2025-11-17 18:26:54 [[32minfo[39m] : Access token refreshed for user: user0@gmail.com
2025-11-17 18:26:54 [[32minfo[39m] : Access token refreshed for user: user0@gmail.com
2025-11-17 18:26:54 [[32minfo[39m] : Access token refreshed for user: user0@gmail.com
2025-11-17 18:26:54 [[32minfo[39m] : Access token refreshed for user: user0@gmail.com
2025-11-17 18:26:54 [[32minfo[39m] : Access token refreshed for user: user0@gmail.com
2025-11-17 18:26:54 [[32minfo[39m] : Access token refreshed for user: user0@gmail.com
2025-11-17 18:26:54 [[32minfo[39m] : Access token refreshed for user: user0@gmail.com
2025-11-17 18:26:54 [[32minfo[39m] : Access token refreshed for user: user0@gmail.com
2025-11-17 18:26:54 [[32minfo[39m] : Access token refreshed for user: user0@gmail.com
2025-11-17 18:26:54 [[32minfo[39m] : Access token refreshed for user: user0@gmail.com
2025-11-17 18:26:54 [[32minfo[39m] : Access token refreshed for user: user0@gmail.com
2025-11-17 18:26:54 [[32minfo[39m] : Access token refreshed for user: user0@gmail.com
2025-11-17 18:26:54 [[32minfo[39m] : Access token refreshed for user: user0@gmail.com
2025-11-17 18:26:54 [[32minfo[39m] : Access token refreshed for user: user0@gmail.com
2025-11-17 18:26:54 [[32minfo[39m] : Access token refreshed for user: user0@gmail.com
2025-11-17 18:26:54 [[32minfo[39m] : Access token refreshed for user: user0@gmail.com
2025-11-17 18:26:54 [[32minfo[39m] : Access token refreshed for user: user0@gmail.com
2025-11-17 18:26:54 [[32minfo[39m] : Access token refreshed for user: user0@gmail.com
2025-11-17 18:26:54 [[32minfo[39m] : Access token refreshed for user: user0@gmail.com
2025-11-17 18:26:54 [[32minfo[39m] : Access token refreshed for user: user0@gmail.com
2025-11-17 18:26:54 [[32minfo[39m] : Access token refreshed for user: user0@gmail.com
2025-11-17 18:26:54 [[32minfo[39m] : Access token refreshed for user: user0@gmail.com
2025-11-17 18:26:54 [[32minfo[39m] : Access token refreshed for user: user0@gmail.com
2025-11-17 18:26:54 [[32minfo[39m] : Access token refreshed for user: user0@gmail.com
2025-11-17 18:26:54 [[32minfo[39m] : Access token refreshed for user: user0@gmail.com
2025-11-17 18:26:54 [[32minfo[39m] : Access token refreshed for user: user0@gmail.com
2025-11-17 18:26:54 [[32minfo[39m] : Access token refreshed for user: user0@gmail.com
2025-11-17 18:26:54 [[32minfo[39m] : Access token refreshed for user: user0@gmail.com
2025-11-17 18:26:54 [[32minfo[39m] : Access token refreshed for user: user0@gmail.com
2025-11-17 18:26:54 [[32minfo[39m] : Access token refreshed for user: user0@gmail.com
2025-11-17 18:26:54 [[32minfo[39m] : Access token refreshed for user: user0@gmail.com
2025-11-17 18:26:54 [[32minfo[39m] : Access token refreshed for user: user0@gmail.com
2025-11-17 18:26:54 [[32minfo[39m] : Access token refreshed for user: user0@gmail.com
2025-11-17 18:26:54 [[32minfo[39m] : Access token refreshed for user: user0@gmail.com
2025-11-17 18:26:54 [[32minfo[39m] : Access token refreshed for user: user0@gmail.com
2025-11-17 18:26:54 [[32minfo[39m] : Access token refreshed for user: user0@gmail.com
2025-11-17 18:26:54 [[32minfo[39m] : Access token refreshed for user: user0@gmail.com
2025-11-17 18:26:54 [[32minfo[39m] : Access token refreshed for user: user0@gmail.com
2025-11-17 18:26:54 [[32minfo[39m] : Access token refreshed for user: user0@gmail.com
2025-11-17 18:26:54 [[32minfo[39m] : Access token refreshed for user: user0@gmail.com
2025-11-17 18:26:54 [[32minfo[39m] : Access token refreshed for user: user0@gmail.com
2025-11-17 18:26:54 [[32minfo[39m] : Access token refreshed for user: user0@gmail.com
2025-11-17 18:26:54 [[32minfo[39m] : Access token refreshed for user: user0@gmail.com
2025-11-17 18:26:54 [[32minfo[39m] : Access token refreshed for user: user0@gmail.com
2025-11-17 18:26:54 [[32minfo[39m] : Access token refreshed for user: user0@gmail.com
2025-11-17 18:26:54 [[32minfo[39m] : Access token refreshed for user: user0@gmail.com
2025-11-17 18:26:54 [[32minfo[39m] : Access token refreshed for user: user0@gmail.com
2025-11-17 18:26:55 [[32minfo[39m] : Access token refreshed for user: user0@gmail.com
2025-11-17 18:26:55 [[32minfo[39m] : Access token refreshed for user: user0@gmail.com
2025-11-17 18:26:55 [[32minfo[39m] : Access token refreshed for user: user0@gmail.com
2025-11-17 18:26:55 [[32minfo[39m] : Access token refreshed for user: user0@gmail.com
2025-11-17 18:26:55 [[32minfo[39m] : Access token refreshed for user: user0@gmail.com
2025-11-17 18:26:55 [[32minfo[39m] : Access token refreshed for user: user0@gmail.com
2025-11-17 18:26:55 [[32minfo[39m] : Access token refreshed for user: user0@gmail.com
2025-11-17 18:26:55 [[32minfo[39m] : Access token refreshed for user: user0@gmail.com
2025-11-17 18:26:55 [[32minfo[39m] : Access token refreshed for user: user0@gmail.com
2025-11-17 18:26:55 [[32minfo[39m] : Access token refreshed for user: user0@gmail.com
2025-11-17 18:26:55 [[32minfo[39m] : Access token refreshed for user: user0@gmail.com
2025-11-17 18:26:55 [[32minfo[39m] : Access token refreshed for user: user0@gmail.com
2025-11-17 18:26:55 [[32minfo[39m] : Access token refreshed for user: user0@gmail.com
2025-11-17 18:26:55 [[32minfo[39m] : Access token refreshed for user: user0@gmail.com
2025-11-17 18:26:55 [[32minfo[39m] : Access token refreshed for user: user0@gmail.com
2025-11-17 18:26:55 [[32minfo[39m] : Access token refreshed for user: user0@gmail.com
2025-11-17 18:26:55 [[32minfo[39m] : Access token refreshed for user: user0@gmail.com
2025-11-17 18:26:55 [[32minfo[39m] : Access token refreshed for user: user0@gmail.com
2025-11-17 18:26:55 [[32minfo[39m] : Access token refreshed for user: user0@gmail.com
2025-11-17 18:26:55 [[32minfo[39m] : Access token refreshed for user: user0@gmail.com
2025-11-17 18:26:55 [[32minfo[39m] : Access token refreshed for user: user0@gmail.com
2025-11-17 18:26:55 [[32minfo[39m] : Access token refreshed for user: user0@gmail.com
2025-11-17 18:26:55 [[32minfo[39m] : Access token refreshed for user: user0@gmail.com
2025-11-17 18:26:55 [[32minfo[39m] : Access token refreshed for user: user0@gmail.com
2025-11-17 18:26:55 [[32minfo[39m] : Access token refreshed for user: user0@gmail.com
2025-11-17 18:26:55 [[32minfo[39m] : Access token refreshed for user: user0@gmail.com
2025-11-17 18:26:55 [[32minfo[39m] : Access token refreshed for user: user0@gmail.com
2025-11-17 18:26:55 [[32minfo[39m] : Access token refreshed for user: user0@gmail.com
2025-11-17 18:26:55 [[32minfo[39m] : Access token refreshed for user: user0@gmail.com
2025-11-17 18:26:55 [[32minfo[39m] : Access token refreshed for user: user0@gmail.com
2025-11-17 18:26:55 [[32minfo[39m] : Access token refreshed for user: user0@gmail.com
2025-11-17 18:26:55 [[32minfo[39m] : Access token refreshed for user: user0@gmail.com
2025-11-17 18:26:55 [[32minfo[39m] : Access token refreshed for user: user0@gmail.com
2025-11-17 18:26:55 [[32minfo[39m] : Access token refreshed for user: user0@gmail.com
2025-11-17 18:26:55 [[32minfo[39m] : Access token refreshed for user: user0@gmail.com
2025-11-17 18:26:55 [[32minfo[39m] : Access token refreshed for user: user0@gmail.com
2025-11-17 18:26:55 [[32minfo[39m] : Access token refreshed for user: user0@gmail.com
2025-11-17 18:26:55 [[32minfo[39m] : Access token refreshed for user: user0@gmail.com
2025-11-17 18:26:55 [[32minfo[39m] : Access token refreshed for user: user0@gmail.com
2025-11-17 18:26:55 [[32minfo[39m] : Access token refreshed for user: user0@gmail.com
2025-11-17 18:26:55 [[32minfo[39m] : Access token refreshed for user: user0@gmail.com
2025-11-17 18:26:55 [[32minfo[39m] : Access token refreshed for user: user0@gmail.com
2025-11-17 18:26:55 [[32minfo[39m] : Access token refreshed for user: user0@gmail.com
2025-11-17 18:26:55 [[32minfo[39m] : Access token refreshed for user: user0@gmail.com
2025-11-17 18:26:55 [[32minfo[39m] : Access token refreshed for user: user0@gmail.com
2025-11-17 18:26:55 [[32minfo[39m] : Access token refreshed for user: user0@gmail.com
2025-11-17 18:26:55 [[32minfo[39m] : Access token refreshed for user: user0@gmail.com
2025-11-17 18:26:55 [[32minfo[39m] : Access token refreshed for user: user0@gmail.com
2025-11-17 18:26:55 [[32minfo[39m] : Access token refreshed for user: user0@gmail.com
2025-11-17 18:26:55 [[32minfo[39m] : Access token refreshed for user: user0@gmail.com
2025-11-17 18:26:55 [[32minfo[39m] : Access token refreshed for user: user0@gmail.com
2025-11-17 18:26:55 [[32minfo[39m] : Access token refreshed for user: user0@gmail.com
2025-11-17 18:26:55 [[32minfo[39m] : Access token refreshed for user: user0@gmail.com
2025-11-17 18:26:55 [[32minfo[39m] : Access token refreshed for user: user0@gmail.com
2025-11-17 18:26:55 [[32minfo[39m] : Access token refreshed for user: user0@gmail.com
2025-11-17 18:26:55 [[32minfo[39m] : Access token refreshed for user: user0@gmail.com
2025-11-17 18:26:55 [[32minfo[39m] : Access token refreshed for user: user0@gmail.com
2025-11-17 18:26:55 [[32minfo[39m] : Access token refreshed for user: user0@gmail.com
2025-11-17 18:26:55 [[32minfo[39m] : Access token refreshed for user: user0@gmail.com
2025-11-17 18:26:55 [[32minfo[39m] : Access token refreshed for user: user0@gmail.com
2025-11-17 18:26:55 [[32minfo[39m] : Access token refreshed for user: user0@gmail.com
2025-11-17 18:26:56 [[32minfo[39m] : Access token refreshed for user: user0@gmail.com
2025-11-17 18:26:56 [[32minfo[39m] : Access token refreshed for user: user0@gmail.com
2025-11-17 18:26:56 [[32minfo[39m] : Access token refreshed for user: user0@gmail.com
2025-11-17 18:26:56 [[32minfo[39m] : Access token refreshed for user: user0@gmail.com
2025-11-17 18:26:56 [[32minfo[39m] : Access token refreshed for user: user0@gmail.com
2025-11-17 18:26:56 [[32minfo[39m] : Access token refreshed for user: user0@gmail.com
2025-11-17 18:26:56 [[32minfo[39m] : Access token refreshed for user: user0@gmail.com
2025-11-17 18:26:56 [[32minfo[39m] : Access token refreshed for user: user0@gmail.com
2025-11-17 18:26:56 [[32minfo[39m] : Access token refreshed for user: user0@gmail.com
2025-11-17 18:26:56 [[32minfo[39m] : Access token refreshed for user: user0@gmail.com
2025-11-17 18:26:56 [[32minfo[39m] : Access token refreshed for user: user0@gmail.com
2025-11-17 18:26:56 [[32minfo[39m] : Access token refreshed for user: user0@gmail.com
2025-11-17 18:26:56 [[32minfo[39m] : Access token refreshed for user: user0@gmail.com
2025-11-17 18:26:56 [[32minfo[39m] : Access token refreshed for user: user0@gmail.com
2025-11-17 18:26:56 [[32minfo[39m] : Access token refreshed for user: user0@gmail.com
2025-11-17 18:26:56 [[32minfo[39m] : Access token refreshed for user: user0@gmail.com
2025-11-17 18:26:56 [[32minfo[39m] : Access token refreshed for user: user0@gmail.com
2025-11-17 18:26:56 [[32minfo[39m] : Access token refreshed for user: user0@gmail.com
2025-11-17 18:26:56 [[32minfo[39m] : Access token refreshed for user: user0@gmail.com
2025-11-17 18:26:56 [[32minfo[39m] : Access token refreshed for user: user0@gmail.com
2025-11-17 18:26:56 [[32minfo[39m] : Access token refreshed for user: user0@gmail.com
2025-11-17 18:26:56 [[32minfo[39m] : Access token refreshed for user: user0@gmail.com
2025-11-17 18:26:56 [[32minfo[39m] : Access token refreshed for user: user0@gmail.com
2025-11-17 18:26:56 [[32minfo[39m] : Access token refreshed for user: user0@gmail.com
2025-11-17 18:26:56 [[32minfo[39m] : Access token refreshed for user: user0@gmail.com
2025-11-17 18:26:56 [[32minfo[39m] : Access token refreshed for user: user0@gmail.com
2025-11-17 18:26:56 [[32minfo[39m] : Access token refreshed for user: user0@gmail.com
2025-11-17 18:26:56 [[32minfo[39m] : Access token refreshed for user: user0@gmail.com
2025-11-17 18:26:56 [[32minfo[39m] : Access token refreshed for user: user0@gmail.com
2025-11-17 18:26:56 [[32minfo[39m] : Access token refreshed for user: user0@gmail.com
2025-11-17 18:26:56 [[32minfo[39m] : Access token refreshed for user: user0@gmail.com
2025-11-17 18:26:56 [[32minfo[39m] : Access token refreshed for user: user0@gmail.com
2025-11-17 18:26:56 [[32minfo[39m] : Access token refreshed for user: user0@gmail.com
2025-11-17 18:26:56 [[32minfo[39m] : Access token refreshed for user: user0@gmail.com
2025-11-17 18:26:56 [[32minfo[39m] : Access token refreshed for user: user0@gmail.com
2025-11-17 18:26:56 [[32minfo[39m] : Access token refreshed for user: user0@gmail.com
2025-11-17 18:26:56 [[32minfo[39m] : Access token refreshed for user: user0@gmail.com
2025-11-17 18:26:56 [[32minfo[39m] : Access token refreshed for user: user0@gmail.com
2025-11-17 18:26:56 [[32minfo[39m] : Access token refreshed for user: user0@gmail.com
2025-11-17 18:26:56 [[32minfo[39m] : Access token refreshed for user: user0@gmail.com
2025-11-17 18:26:56 [[32minfo[39m] : Access token refreshed for user: user0@gmail.com
2025-11-17 18:26:56 [[32minfo[39m] : Access token refreshed for user: user0@gmail.com
2025-11-17 18:26:56 [[32minfo[39m] : Access token refreshed for user: user0@gmail.com
2025-11-17 18:26:56 [[32minfo[39m] : Access token refreshed for user: user0@gmail.com
2025-11-17 18:26:56 [[32minfo[39m] : Access token refreshed for user: user0@gmail.com
2025-11-17 18:26:56 [[32minfo[39m] : Access token refreshed for user: user0@gmail.com
2025-11-17 18:26:56 [[32minfo[39m] : Access token refreshed for user: user0@gmail.com
2025-11-17 18:26:56 [[32minfo[39m] : Access token refreshed for user: user0@gmail.com
2025-11-17 18:26:56 [[32minfo[39m] : Access token refreshed for user: user0@gmail.com
2025-11-17 18:26:56 [[32minfo[39m] : Access token refreshed for user: user0@gmail.com
2025-11-17 18:26:56 [[32minfo[39m] : Access token refreshed for user: user0@gmail.com
2025-11-17 18:26:56 [[32minfo[39m] : Access token refreshed for user: user0@gmail.com
2025-11-17 18:26:56 [[32minfo[39m] : Access token refreshed for user: user0@gmail.com
2025-11-17 18:26:56 [[32minfo[39m] : Access token refreshed for user: user0@gmail.com
2025-11-17 18:26:56 [[32minfo[39m] : Access token refreshed for user: user0@gmail.com
2025-11-17 18:26:56 [[32minfo[39m] : Access token refreshed for user: user0@gmail.com
2025-11-17 18:26:56 [[32minfo[39m] : Access token refreshed for user: user0@gmail.com
2025-11-17 18:26:56 [[32minfo[39m] : Access token refreshed for user: user0@gmail.com
2025-11-17 18:26:56 [[32minfo[39m] : Access token refreshed for user: user0@gmail.com
2025-11-17 18:26:56 [[32minfo[39m] : Access token refreshed for user: user0@gmail.com
2025-11-17 18:26:56 [[32minfo[39m] : Access token refreshed for user: user0@gmail.com
2025-11-17 18:26:56 [[32minfo[39m] : Access token refreshed for user: user0@gmail.com
2025-11-17 18:26:56 [[32minfo[39m] : Access token refreshed for user: user0@gmail.com
2025-11-17 18:26:57 [[32minfo[39m] : Access token refreshed for user: user0@gmail.com
2025-11-17 18:26:57 [[32minfo[39m] : Access token refreshed for user: user0@gmail.com
2025-11-17 18:26:57 [[32minfo[39m] : Access token refreshed for user: user0@gmail.com
2025-11-17 18:26:57 [[32minfo[39m] : Access token refreshed for user: user0@gmail.com
2025-11-17 18:26:57 [[32minfo[39m] : Access token refreshed for user: user0@gmail.com
2025-11-17 18:26:57 [[32minfo[39m] : Access token refreshed for user: user0@gmail.com
2025-11-17 18:26:57 [[32minfo[39m] : Access token refreshed for user: user0@gmail.com
2025-11-17 18:26:57 [[32minfo[39m] : Access token refreshed for user: user0@gmail.com
2025-11-17 18:26:57 [[32minfo[39m] : Access token refreshed for user: user0@gmail.com
2025-11-17 18:26:57 [[32minfo[39m] : Access token refreshed for user: user0@gmail.com
2025-11-17 18:26:57 [[32minfo[39m] : Access token refreshed for user: user0@gmail.com
2025-11-17 18:26:57 [[32minfo[39m] : Access token refreshed for user: user0@gmail.com
2025-11-17 18:26:57 [[32minfo[39m] : Access token refreshed for user: user0@gmail.com
2025-11-17 18:26:57 [[32minfo[39m] : Access token refreshed for user: user0@gmail.com
2025-11-17 18:26:57 [[32minfo[39m] : Access token refreshed for user: user0@gmail.com
2025-11-17 18:26:57 [[32minfo[39m] : Access token refreshed for user: user0@gmail.com
2025-11-17 18:26:57 [[32minfo[39m] : Access token refreshed for user: user0@gmail.com
2025-11-17 18:26:57 [[32minfo[39m] : Access token refreshed for user: user0@gmail.com
2025-11-17 18:26:57 [[32minfo[39m] : Access token refreshed for user: user0@gmail.com
2025-11-17 18:26:57 [[32minfo[39m] : Access token refreshed for user: user0@gmail.com
2025-11-17 18:26:57 [[32minfo[39m] : Access token refreshed for user: user0@gmail.com
2025-11-17 18:26:57 [[32minfo[39m] : Access token refreshed for user: user0@gmail.com
2025-11-17 18:26:57 [[32minfo[39m] : Access token refreshed for user: user0@gmail.com
2025-11-17 18:26:57 [[32minfo[39m] : Access token refreshed for user: user0@gmail.com
2025-11-17 18:26:57 [[32minfo[39m] : Access token refreshed for user: user0@gmail.com
2025-11-17 18:26:57 [[32minfo[39m] : Access token refreshed for user: user0@gmail.com
2025-11-17 18:26:57 [[32minfo[39m] : Access token refreshed for user: user0@gmail.com
2025-11-17 18:26:57 [[32minfo[39m] : Access token refreshed for user: user0@gmail.com
2025-11-17 18:26:57 [[32minfo[39m] : Access token refreshed for user: user0@gmail.com
2025-11-17 18:26:57 [[32minfo[39m] : Access token refreshed for user: user0@gmail.com
2025-11-17 18:26:57 [[32minfo[39m] : Access token refreshed for user: user0@gmail.com
2025-11-17 18:26:57 [[32minfo[39m] : Access token refreshed for user: user0@gmail.com
2025-11-17 18:26:57 [[32minfo[39m] : Access token refreshed for user: user0@gmail.com
2025-11-17 18:26:57 [[32minfo[39m] : Access token refreshed for user: user0@gmail.com
2025-11-17 18:26:57 [[32minfo[39m] : Access token refreshed for user: user0@gmail.com
2025-11-17 18:26:57 [[32minfo[39m] : Access token refreshed for user: user0@gmail.com
2025-11-17 18:26:57 [[32minfo[39m] : Access token refreshed for user: user0@gmail.com
2025-11-17 18:26:57 [[32minfo[39m] : Access token refreshed for user: user0@gmail.com
2025-11-17 18:26:57 [[32minfo[39m] : Access token refreshed for user: user0@gmail.com
2025-11-17 18:26:57 [[32minfo[39m] : Access token refreshed for user: user0@gmail.com
2025-11-17 18:26:57 [[32minfo[39m] : Access token refreshed for user: user0@gmail.com
2025-11-17 18:26:57 [[32minfo[39m] : Access token refreshed for user: user0@gmail.com
2025-11-17 18:26:57 [[32minfo[39m] : Access token refreshed for user: user0@gmail.com
2025-11-17 18:26:57 [[32minfo[39m] : Access token refreshed for user: user0@gmail.com
2025-11-17 18:26:57 [[32minfo[39m] : Access token refreshed for user: user0@gmail.com
2025-11-17 18:26:57 [[32minfo[39m] : Access token refreshed for user: user0@gmail.com
2025-11-17 18:26:57 [[32minfo[39m] : Access token refreshed for user: user0@gmail.com
2025-11-17 18:26:57 [[32minfo[39m] : Access token refreshed for user: user0@gmail.com
2025-11-17 18:26:57 [[32minfo[39m] : Access token refreshed for user: user0@gmail.com
2025-11-17 18:26:57 [[32minfo[39m] : Access token refreshed for user: user0@gmail.com
2025-11-17 18:26:57 [[32minfo[39m] : Access token refreshed for user: user0@gmail.com
2025-11-17 18:26:57 [[32minfo[39m] : Access token refreshed for user: user0@gmail.com
2025-11-17 18:26:57 [[32minfo[39m] : Access token refreshed for user: user0@gmail.com
2025-11-17 18:26:57 [[32minfo[39m] : Access token refreshed for user: user0@gmail.com
2025-11-17 18:26:57 [[32minfo[39m] : Access token refreshed for user: user0@gmail.com
2025-11-17 18:26:57 [[32minfo[39m] : Access token refreshed for user: user0@gmail.com
2025-11-17 18:26:57 [[32minfo[39m] : Access token refreshed for user: user0@gmail.com
2025-11-17 18:26:58 [[32minfo[39m] : Access token refreshed for user: user0@gmail.com
2025-11-17 18:26:58 [[32minfo[39m] : Access token refreshed for user: user0@gmail.com
2025-11-17 18:26:58 [[32minfo[39m] : Access token refreshed for user: user0@gmail.com
2025-11-17 18:26:58 [[32minfo[39m] : Access token refreshed for user: user0@gmail.com
2025-11-17 18:26:58 [[32minfo[39m] : Access token refreshed for user: user0@gmail.com
2025-11-17 18:26:58 [[32minfo[39m] : Access token refreshed for user: user0@gmail.com
2025-11-17 18:26:58 [[32minfo[39m] : Access token refreshed for user: user0@gmail.com
2025-11-17 18:26:58 [[32minfo[39m] : Access token refreshed for user: user0@gmail.com
2025-11-17 18:26:58 [[32minfo[39m] : Access token refreshed for user: user0@gmail.com
2025-11-17 18:26:58 [[32minfo[39m] : Access token refreshed for user: user0@gmail.com
2025-11-17 18:26:58 [[32minfo[39m] : Access token refreshed for user: user0@gmail.com
2025-11-17 18:26:58 [[32minfo[39m] : Access token refreshed for user: user0@gmail.com
2025-11-17 18:26:58 [[32minfo[39m] : Access token refreshed for user: user0@gmail.com
2025-11-17 18:26:58 [[32minfo[39m] : Access token refreshed for user: user0@gmail.com
2025-11-17 18:26:58 [[32minfo[39m] : Access token refreshed for user: user0@gmail.com
2025-11-17 18:26:58 [[32minfo[39m] : Access token refreshed for user: user0@gmail.com
2025-11-17 18:26:58 [[32minfo[39m] : Access token refreshed for user: user0@gmail.com
2025-11-17 18:26:58 [[32minfo[39m] : Access token refreshed for user: user0@gmail.com
2025-11-17 18:26:58 [[32minfo[39m] : Access token refreshed for user: user0@gmail.com
2025-11-17 18:26:58 [[32minfo[39m] : Access token refreshed for user: user0@gmail.com
2025-11-17 18:26:58 [[32minfo[39m] : Access token refreshed for user: user0@gmail.com
2025-11-17 18:26:58 [[32minfo[39m] : Access token refreshed for user: user0@gmail.com
2025-11-17 18:26:58 [[32minfo[39m] : Access token refreshed for user: user0@gmail.com
2025-11-17 18:26:58 [[32minfo[39m] : Access token refreshed for user: user0@gmail.com
2025-11-17 18:26:58 [[32minfo[39m] : Access token refreshed for user: user0@gmail.com
2025-11-17 18:26:58 [[32minfo[39m] : Access token refreshed for user: user0@gmail.com
2025-11-17 18:26:58 [[32minfo[39m] : Access token refreshed for user: user0@gmail.com
2025-11-17 18:26:58 [[32minfo[39m] : Access token refreshed for user: user0@gmail.com
2025-11-17 18:26:58 [[32minfo[39m] : Access token refreshed for user: user0@gmail.com
2025-11-17 18:26:58 [[32minfo[39m] : Access token refreshed for user: user0@gmail.com
2025-11-17 18:26:58 [[32minfo[39m] : Access token refreshed for user: user0@gmail.com
2025-11-17 18:26:58 [[32minfo[39m] : Access token refreshed for user: user0@gmail.com
2025-11-17 18:26:58 [[32minfo[39m] : Access token refreshed for user: user0@gmail.com
2025-11-17 18:26:58 [[32minfo[39m] : Access token refreshed for user: user0@gmail.com
2025-11-17 18:26:58 [[32minfo[39m] : Access token refreshed for user: user0@gmail.com
2025-11-17 18:26:58 [[32minfo[39m] : Access token refreshed for user: user0@gmail.com
2025-11-17 18:26:58 [[32minfo[39m] : Access token refreshed for user: user0@gmail.com
2025-11-17 18:26:58 [[32minfo[39m] : Access token refreshed for user: user0@gmail.com
2025-11-17 18:26:58 [[32minfo[39m] : Access token refreshed for user: user0@gmail.com
2025-11-17 18:26:58 [[32minfo[39m] : Access token refreshed for user: user0@gmail.com
2025-11-17 18:26:58 [[32minfo[39m] : Access token refreshed for user: user0@gmail.com
2025-11-17 18:26:58 [[32minfo[39m] : Access token refreshed for user: user0@gmail.com
2025-11-17 18:26:58 [[32minfo[39m] : Access token refreshed for user: user0@gmail.com
2025-11-17 18:26:58 [[32minfo[39m] : Access token refreshed for user: user0@gmail.com
2025-11-17 18:26:58 [[32minfo[39m] : Access token refreshed for user: user0@gmail.com
2025-11-17 18:26:58 [[32minfo[39m] : Access token refreshed for user: user0@gmail.com
2025-11-17 18:26:58 [[32minfo[39m] : Access token refreshed for user: user0@gmail.com
2025-11-17 18:26:58 [[32minfo[39m] : Access token refreshed for user: user0@gmail.com
2025-11-17 18:26:58 [[32minfo[39m] : Access token refreshed for user: user0@gmail.com
2025-11-17 18:26:58 [[32minfo[39m] : Access token refreshed for user: user0@gmail.com
2025-11-17 18:26:58 [[32minfo[39m] : Access token refreshed for user: user0@gmail.com
2025-11-17 18:26:58 [[32minfo[39m] : Access token refreshed for user: user0@gmail.com
2025-11-17 18:26:58 [[32minfo[39m] : Access token refreshed for user: user0@gmail.com
2025-11-17 18:26:58 [[32minfo[39m] : Access token refreshed for user: user0@gmail.com
2025-11-17 18:26:58 [[32minfo[39m] : Access token refreshed for user: user0@gmail.com
2025-11-17 18:26:58 [[32minfo[39m] : Access token refreshed for user: user0@gmail.com
2025-11-17 18:26:58 [[32minfo[39m] : Access token refreshed for user: user0@gmail.com
2025-11-17 18:26:58 [[32minfo[39m] : Access token refreshed for user: user0@gmail.com
2025-11-17 18:26:58 [[32minfo[39m] : Access token refreshed for user: user0@gmail.com
2025-11-17 18:26:58 [[32minfo[39m] : Access token refreshed for user: user0@gmail.com
2025-11-17 18:26:58 [[32minfo[39m] : Access token refreshed for user: user0@gmail.com
2025-11-17 18:26:58 [[32minfo[39m] : Access token refreshed for user: user0@gmail.com
2025-11-17 18:26:58 [[32minfo[39m] : Access token refreshed for user: user0@gmail.com
2025-11-17 18:26:59 [[32minfo[39m] : Access token refreshed for user: user0@gmail.com
2025-11-17 18:26:59 [[32minfo[39m] : Access token refreshed for user: user0@gmail.com
2025-11-17 18:26:59 [[32minfo[39m] : Access token refreshed for user: user0@gmail.com
2025-11-17 18:26:59 [[32minfo[39m] : Access token refreshed for user: user0@gmail.com
2025-11-17 18:26:59 [[32minfo[39m] : Access token refreshed for user: user0@gmail.com
2025-11-17 18:26:59 [[32minfo[39m] : Access token refreshed for user: user0@gmail.com
2025-11-17 18:26:59 [[32minfo[39m] : Access token refreshed for user: user0@gmail.com
2025-11-17 18:26:59 [[32minfo[39m] : Access token refreshed for user: user0@gmail.com
2025-11-17 18:26:59 [[32minfo[39m] : Access token refreshed for user: user0@gmail.com
2025-11-17 18:26:59 [[32minfo[39m] : Access token refreshed for user: user0@gmail.com
2025-11-17 18:26:59 [[32minfo[39m] : Access token refreshed for user: user0@gmail.com
2025-11-17 18:26:59 [[32minfo[39m] : Access token refreshed for user: user0@gmail.com
2025-11-17 18:26:59 [[32minfo[39m] : Access token refreshed for user: user0@gmail.com
2025-11-17 18:26:59 [[32minfo[39m] : Access token refreshed for user: user0@gmail.com
2025-11-17 18:26:59 [[32minfo[39m] : Access token refreshed for user: user0@gmail.com
2025-11-17 18:26:59 [[32minfo[39m] : Access token refreshed for user: user0@gmail.com
2025-11-17 18:26:59 [[32minfo[39m] : Access token refreshed for user: user0@gmail.com
2025-11-17 18:26:59 [[32minfo[39m] : Access token refreshed for user: user0@gmail.com
2025-11-17 18:26:59 [[32minfo[39m] : Access token refreshed for user: user0@gmail.com
2025-11-17 18:26:59 [[32minfo[39m] : Access token refreshed for user: user0@gmail.com
2025-11-17 18:26:59 [[32minfo[39m] : Access token refreshed for user: user0@gmail.com
2025-11-17 18:26:59 [[32minfo[39m] : Access token refreshed for user: user0@gmail.com
2025-11-17 18:26:59 [[32minfo[39m] : Access token refreshed for user: user0@gmail.com
2025-11-17 18:26:59 [[32minfo[39m] : Access token refreshed for user: user0@gmail.com
2025-11-17 18:26:59 [[32minfo[39m] : Access token refreshed for user: user0@gmail.com
2025-11-17 18:26:59 [[32minfo[39m] : Access token refreshed for user: user0@gmail.com
2025-11-17 18:26:59 [[32minfo[39m] : Access token refreshed for user: user0@gmail.com
2025-11-17 18:26:59 [[32minfo[39m] : Access token refreshed for user: user0@gmail.com
2025-11-17 18:26:59 [[32minfo[39m] : Access token refreshed for user: user0@gmail.com
2025-11-17 18:26:59 [[32minfo[39m] : Access token refreshed for user: user0@gmail.com
2025-11-17 18:26:59 [[32minfo[39m] : Access token refreshed for user: user0@gmail.com
2025-11-17 18:26:59 [[32minfo[39m] : Access token refreshed for user: user0@gmail.com
2025-11-17 18:26:59 [[32minfo[39m] : Access token refreshed for user: user0@gmail.com
2025-11-17 18:26:59 [[32minfo[39m] : Access token refreshed for user: user0@gmail.com
2025-11-17 18:26:59 [[32minfo[39m] : Access token refreshed for user: user0@gmail.com
2025-11-17 18:26:59 [[32minfo[39m] : Access token refreshed for user: user0@gmail.com
2025-11-17 18:26:59 [[32minfo[39m] : Access token refreshed for user: user0@gmail.com
2025-11-17 18:26:59 [[32minfo[39m] : Access token refreshed for user: user0@gmail.com
2025-11-17 18:26:59 [[32minfo[39m] : Access token refreshed for user: user0@gmail.com
2025-11-17 18:26:59 [[32minfo[39m] : Access token refreshed for user: user0@gmail.com
2025-11-17 18:26:59 [[32minfo[39m] : Access token refreshed for user: user0@gmail.com
2025-11-17 18:26:59 [[32minfo[39m] : Access token refreshed for user: user0@gmail.com
2025-11-17 18:26:59 [[32minfo[39m] : Access token refreshed for user: user0@gmail.com
2025-11-17 18:26:59 [[32minfo[39m] : Access token refreshed for user: user0@gmail.com
2025-11-17 18:26:59 [[32minfo[39m] : Access token refreshed for user: user0@gmail.com
2025-11-17 18:26:59 [[32minfo[39m] : Access token refreshed for user: user0@gmail.com
2025-11-17 18:26:59 [[32minfo[39m] : Access token refreshed for user: user0@gmail.com
2025-11-17 18:26:59 [[32minfo[39m] : Access token refreshed for user: user0@gmail.com
2025-11-17 18:26:59 [[32minfo[39m] : Access token refreshed for user: user0@gmail.com
2025-11-17 18:26:59 [[32minfo[39m] : Access token refreshed for user: user0@gmail.com
2025-11-17 18:26:59 [[32minfo[39m] : Access token refreshed for user: user0@gmail.com
2025-11-17 18:26:59 [[32minfo[39m] : Access token refreshed for user: user0@gmail.com
2025-11-17 18:26:59 [[32minfo[39m] : Access token refreshed for user: user0@gmail.com
2025-11-17 18:26:59 [[32minfo[39m] : Access token refreshed for user: user0@gmail.com
2025-11-17 18:26:59 [[32minfo[39m] : Access token refreshed for user: user0@gmail.com
2025-11-17 18:26:59 [[32minfo[39m] : Access token refreshed for user: user0@gmail.com
2025-11-17 18:26:59 [[32minfo[39m] : Access token refreshed for user: user0@gmail.com
2025-11-17 18:26:59 [[32minfo[39m] : Access token refreshed for user: user0@gmail.com
2025-11-17 18:26:59 [[32minfo[39m] : Access token refreshed for user: user0@gmail.com
2025-11-17 18:26:59 [[32minfo[39m] : Access token refreshed for user: user0@gmail.com
2025-11-17 18:26:59 [[32minfo[39m] : Access token refreshed for user: user0@gmail.com
2025-11-17 18:26:59 [[32minfo[39m] : Access token refreshed for user: user0@gmail.com
2025-11-17 18:26:59 [[32minfo[39m] : Access token refreshed for user: user0@gmail.com
2025-11-17 18:26:59 [[32minfo[39m] : Access token refreshed for user: user0@gmail.com
2025-11-17 18:26:59 [[32minfo[39m] : Access token refreshed for user: user0@gmail.com
2025-11-17 18:26:59 [[32minfo[39m] : Access token refreshed for user: user0@gmail.com
2025-11-17 18:26:59 [[32minfo[39m] : Access token refreshed for user: user0@gmail.com
2025-11-17 18:26:59 [[32minfo[39m] : Access token refreshed for user: user0@gmail.com
2025-11-17 18:26:59 [[32minfo[39m] : Access token refreshed for user: user0@gmail.com
2025-11-17 18:26:59 [[32minfo[39m] : Access token refreshed for user: user0@gmail.com
2025-11-17 18:26:59 [[32minfo[39m] : Access token refreshed for user: user0@gmail.com
2025-11-17 18:26:59 [[32minfo[39m] : Access token refreshed for user: user0@gmail.com
2025-11-17 18:26:59 [[32minfo[39m] : Access token refreshed for user: user0@gmail.com
2025-11-17 18:26:59 [[32minfo[39m] : Access token refreshed for user: user0@gmail.com
2025-11-17 18:26:59 [[32minfo[39m] : Access token refreshed for user: user0@gmail.com
2025-11-17 18:26:59 [[32minfo[39m] : Access token refreshed for user: user0@gmail.com
2025-11-17 18:26:59 [[32minfo[39m] : Access token refreshed for user: user0@gmail.com
2025-11-17 18:26:59 [[32minfo[39m] : Access token refreshed for user: user0@gmail.com
2025-11-17 18:26:59 [[32minfo[39m] : Access token refreshed for user: user0@gmail.com
2025-11-17 18:26:59 [[32minfo[39m] : Access token refreshed for user: user0@gmail.com
2025-11-17 18:27:00 [[32minfo[39m] : Access token refreshed for user: user0@gmail.com
2025-11-17 18:27:00 [[32minfo[39m] : Access token refreshed for user: user0@gmail.com
2025-11-17 18:27:00 [[32minfo[39m] : Access token refreshed for user: user0@gmail.com
2025-11-17 18:27:23 [[32minfo[39m] :  Server running on http://localhost:5000
2025-11-17 18:27:53 [[32minfo[39m] : User logged in: user0@gmail.com
2025-11-17 18:29:39 [[32minfo[39m] :  Server running on http://localhost:5000
2025-11-18 09:58:36 [[32minfo[39m] :  Server running on http://localhost:5000
2025-11-18 10:00:15 [[32minfo[39m] :  Server running on http://localhost:5000
2025-11-18 10:00:31 [[32minfo[39m] :  Server running on http://localhost:5000
2025-11-18 10:01:51 [[33mwarn[39m] : Access token expired
2025-11-18 10:01:51 [[33mwarn[39m] : Access token expired
2025-11-18 10:01:51 [[33mwarn[39m] : Access token expired
2025-11-18 10:01:51 [[33mwarn[39m] : Access token expired
2025-11-18 10:02:00 [[32minfo[39m] : User logged out successfully
2025-11-18 10:02:13 [[32minfo[39m] : User logged in: user0@gmail.com
2025-11-18 10:52:15 [[33mwarn[39m] : Access token expired
2025-11-18 10:52:15 [[33mwarn[39m] : Access token expired
2025-11-18 11:38:48 [[32minfo[39m] :  Server running on http://localhost:5000
2025-11-18 11:40:00 [[32minfo[39m] :  Server running on http://localhost:5000
2025-11-18 11:40:19 [[32minfo[39m] : User logged out successfully
2025-11-18 11:40:33 [[32minfo[39m] : User logged in: user0@gmail.com
2025-11-18 11:48:24 [[32minfo[39m] : User logged out successfully
2025-11-18 11:49:59 [[32minfo[39m] :  Server running on http://localhost:5000
2025-11-18 11:55:43 [[32minfo[39m] :  Server running on http://localhost:5000
2025-11-18 12:02:59 [[31merror[39m] : Error: User not found
    at AuthService.<anonymous> (C:\Users\Lenovo\OneDrive\Desktop\Mentora\server\src\services\authService.ts:32:22)
    at Generator.next (<anonymous>)
    at fulfilled (C:\Users\Lenovo\OneDrive\Desktop\Mentora\server\src\services\authService.ts:5:58)
    at processTicksAndRejections (node:internal/process/task_queues:95:5)
2025-11-18 12:03:57 [[32minfo[39m] : User logged in: user0@gmail.com
2025-11-18 13:04:25 [[32minfo[39m] :  Server running on http://localhost:5000
2025-11-18 14:35:09 [[33mwarn[39m] : Access token expired
2025-11-18 14:35:09 [[33mwarn[39m] : Access token expired
2025-11-18 14:35:29 [[32minfo[39m] :  Server running on http://localhost:5000
2025-11-18 14:46:43 [[32minfo[39m] :  Server running on http://localhost:5000
2025-11-18 14:47:01 [[32minfo[39m] :  Server running on http://localhost:5000
2025-11-18 14:47:13 [[32minfo[39m] :  Server running on http://localhost:5000
2025-11-18 15:06:18 [[32minfo[39m] : User logged out successfully
2025-11-18 15:06:31 [[32minfo[39m] : User logged in: user0@gmail.com
2025-11-18 15:15:45 [[32minfo[39m] :  Server running on http://localhost:5000
2025-11-18 15:40:40 [[33mwarn[39m] : Access token expired
2025-11-18 15:40:40 [[33mwarn[39m] : Access token expired
2025-11-18 15:49:44 [[32minfo[39m] :  Server running on http://localhost:5000
2025-11-18 15:49:52 [[32minfo[39m] :  Server running on http://localhost:5000
2025-11-18 15:50:22 [[32minfo[39m] :  Server running on http://localhost:5000
2025-11-18 15:50:29 [[32minfo[39m] :  Server running on http://localhost:5000
2025-11-18 15:50:38 [[32minfo[39m] :  Server running on http://localhost:5000
2025-11-18 15:52:30 [[32minfo[39m] :  Server running on http://localhost:5000
2025-11-18 15:52:40 [[32minfo[39m] :  Server running on http://localhost:5000
2025-11-18 15:52:47 [[32minfo[39m] :  Server running on http://localhost:5000
2025-11-18 15:52:56 [[32minfo[39m] :  Server running on http://localhost:5000
2025-11-18 15:53:03 [[32minfo[39m] :  Server running on http://localhost:5000
2025-11-18 15:53:10 [[32minfo[39m] :  Server running on http://localhost:5000
2025-11-18 15:56:52 [[33mwarn[39m] : Access token expired
2025-11-18 15:56:52 [[33mwarn[39m] : Access token expired
2025-11-18 15:56:52 [[33mwarn[39m] : Access token expired
2025-11-18 15:56:52 [[33mwarn[39m] : Access token expired
2025-11-18 15:57:00 [[33mwarn[39m] : Access token expired
2025-11-18 15:57:00 [[33mwarn[39m] : Access token expired
2025-11-18 15:57:03 [[32minfo[39m] : User logged out successfully
2025-11-18 15:57:24 [[32minfo[39m] :  Server running on http://localhost:5000
2025-11-18 15:57:50 [[32minfo[39m] : User logged in: user0@gmail.com
2025-11-18 15:59:24 [[32minfo[39m] :  Server running on http://localhost:5000
2025-11-18 15:59:48 [[32minfo[39m] :  Server running on http://localhost:5000
2025-11-18 16:00:05 [[32minfo[39m] :  Server running on http://localhost:5000
2025-11-18 16:00:26 [[32minfo[39m] :  Server running on http://localhost:5000
2025-11-18 16:20:35 [[33mwarn[39m] : Access token expired
2025-11-18 16:20:35 [[33mwarn[39m] : Access token expired
2025-11-18 16:20:45 [[33mwarn[39m] : Access token expired
2025-11-18 16:20:45 [[33mwarn[39m] : Access token expired
2025-11-18 16:20:47 [[33mwarn[39m] : Access token expired
2025-11-18 16:20:47 [[33mwarn[39m] : Access token expired
2025-11-18 16:20:47 [[33mwarn[39m] : Access token expired
2025-11-18 16:20:47 [[33mwarn[39m] : Access token expired
2025-11-18 16:52:50 [[32minfo[39m] :  Server running on http://localhost:5000
2025-11-18 16:53:09 [[32minfo[39m] :  Server running on http://localhost:5000
2025-11-18 16:53:18 [[33mwarn[39m] : Access token expired
2025-11-18 16:53:18 [[33mwarn[39m] : Access token expired
2025-11-18 16:53:25 [[32minfo[39m] : User logged out successfully
2025-11-18 16:53:37 [[31merror[39m] : Error: User not found
    at AuthService.<anonymous> (C:\Users\Lenovo\OneDrive\Desktop\Mentora\server\src\services\authService.ts:32:22)
    at Generator.next (<anonymous>)
    at fulfilled (C:\Users\Lenovo\OneDrive\Desktop\Mentora\server\src\services\authService.ts:5:58)
    at processTicksAndRejections (node:internal/process/task_queues:95:5)
2025-11-18 16:53:51 [[31merror[39m] : Error: User not found
    at AuthService.<anonymous> (C:\Users\Lenovo\OneDrive\Desktop\Mentora\server\src\services\authService.ts:32:22)
    at Generator.next (<anonymous>)
    at fulfilled (C:\Users\Lenovo\OneDrive\Desktop\Mentora\server\src\services\authService.ts:5:58)
    at processTicksAndRejections (node:internal/process/task_queues:95:5)
2025-11-18 16:54:11 [[32minfo[39m] : User logged in: user0@gmail.com
2025-11-18 16:54:24 [[32minfo[39m] : User logged out successfully
2025-11-18 16:54:38 [[32minfo[39m] : User logged in: user0@gmail.com
2025-11-18 17:19:05 [[33mwarn[39m] : Access token expired
2025-11-18 17:19:05 [[33mwarn[39m] : Access token expired
2025-11-18 17:19:05 [[33mwarn[39m] : Access token expired
2025-11-18 17:19:05 [[33mwarn[39m] : Access token expired
2025-11-18 17:20:16 [[32minfo[39m] :  Server running on http://localhost:5000
2025-11-18 17:20:24 [[32minfo[39m] :  Server running on http://localhost:5000
2025-11-18 17:22:08 [[32minfo[39m] : User logged out successfully
2025-11-18 17:23:08 [[32minfo[39m] :  Server running on http://localhost:5000
2025-11-18 17:23:26 [[32minfo[39m] :  Server running on http://localhost:5000
2025-11-18 17:23:41 [[31merror[39m] : Error: Wrong password
    at AuthService.<anonymous> (C:\Users\Lenovo\OneDrive\Desktop\Mentora\server\src\services\authService.ts:37:23)
    at Generator.next (<anonymous>)
    at fulfilled (C:\Users\Lenovo\OneDrive\Desktop\Mentora\server\src\services\authService.ts:5:58)
2025-11-18 17:23:54 [[32minfo[39m] : User logged in: user0@gmail.com
2025-11-18 17:48:16 [[33mwarn[39m] : Access token expired
2025-11-18 17:48:16 [[33mwarn[39m] : Access token expired
2025-11-18 17:48:33 [[32minfo[39m] :  Server running on http://localhost:5000
2025-11-19 10:43:28 [[32minfo[39m] :  Server running on http://localhost:5000
2025-11-19 10:43:32 [[33mwarn[39m] : Access token expired - client should refresh
2025-11-19 10:43:32 [[33mwarn[39m] : Access token expired - client should refresh
2025-11-19 10:43:56 [[33mwarn[39m] : Access token expired - client should refresh
2025-11-19 10:43:56 [[33mwarn[39m] : Access token expired - client should refresh
2025-11-19 10:45:20 [[32minfo[39m] :  Server running on http://localhost:5000
2025-11-19 10:45:38 [[32minfo[39m] : User logged out successfully
2025-11-19 10:45:53 [[32minfo[39m] : User logged in: user0@gmail.com
2025-11-19 11:08:58 [[33mwarn[39m] : Access token expired - client should refresh
2025-11-19 11:08:58 [[33mwarn[39m] : Access token expired - client should refresh
2025-11-19 11:08:58 [[33mwarn[39m] : Access token expired - client should refresh
2025-11-19 11:08:58 [[33mwarn[39m] : Access token expired - client should refresh
2025-11-19 11:09:08 [[33mwarn[39m] : Access token expired - client should refresh
2025-11-19 11:09:08 [[33mwarn[39m] : Access token expired - client should refresh
2025-11-19 12:19:53 [[32minfo[39m] :  Server running on http://localhost:5000
2025-11-19 12:20:23 [[32minfo[39m] :  Server running on http://localhost:5000
2025-11-19 12:20:42 [[32minfo[39m] : User logged out successfully
2025-11-19 12:21:22 [[32minfo[39m] : OTP for REGISTER: 946280 sent to avaniev123@gmail.com
2025-11-19 12:21:28 [[32minfo[39m] : OTP verified successfully for avaniev123@gmail.com
2025-11-19 12:21:41 [[32minfo[39m] : User logged out successfully
2025-11-19 12:21:55 [[32minfo[39m] : User logged in: avaniev123@gmail.com
2025-11-19 12:40:18 [[33mwarn[39m] : Access token expired → client must refresh
2025-11-19 12:40:18 [[33mwarn[39m] : Access token expired → client must refresh
2025-11-19 12:54:49 [[33mwarn[39m] : Access token expired → client must refresh
2025-11-19 12:54:49 [[33mwarn[39m] : Access token expired → client must refresh
2025-11-19 12:57:55 [[32minfo[39m] :  Server running on http://localhost:5000
2025-11-19 12:58:04 [[32minfo[39m] :  Server running on http://localhost:5000
2025-11-19 12:59:58 [[32minfo[39m] :  Server running on http://localhost:5000
2025-11-19 12:59:58 [[32minfo[39m] : User logged out successfully
2025-11-19 13:00:13 [[32minfo[39m] : User logged in: avaniev123@gmail.com
2025-11-19 13:58:15 [[32minfo[39m] :  Server running on http://localhost:5000
2025-11-19 13:58:21 [[32minfo[39m] :  Server running on http://localhost:5000
2025-11-19 13:58:39 [[32minfo[39m] :  Server running on http://localhost:5000
2025-11-19 13:58:49 [[32minfo[39m] :  Server running on http://localhost:5000
2025-11-19 13:58:59 [[32minfo[39m] :  Server running on http://localhost:5000
2025-11-19 13:59:07 [[32minfo[39m] :  Server running on http://localhost:5000
2025-11-19 14:00:14 [[32minfo[39m] : User logged out successfully
2025-11-19 14:01:32 [[32minfo[39m] :  Server running on http://localhost:5000
2025-11-19 14:01:56 [[32minfo[39m] : User logged in: avaniev123@gmail.com
2025-11-19 14:02:07 [[32minfo[39m] :  Server running on http://localhost:5000
2025-11-19 14:10:13 [[32minfo[39m] : User logged out successfully
2025-11-19 14:10:56 [[32minfo[39m] : OTP for REGISTER: 147794 sent to amal123@gmail.com
2025-11-19 14:11:04 [[32minfo[39m] : OTP verified successfully for amal123@gmail.com
2025-11-19 14:11:12 [[32minfo[39m] : User logged out successfully
2025-11-19 14:11:31 [[32minfo[39m] : OTP for FORGOT PASSWORD: 206497 sent to amal123@gmail.com
2025-11-19 14:11:38 [[32minfo[39m] : OTP verified successfully for amal123@gmail.com
2025-11-19 14:11:48 [[32minfo[39m] : Password reset successfully for amal123@gmail.com
2025-11-19 14:12:02 [[32minfo[39m] : User logged in: amal123@gmail.com
2025-11-19 14:12:06 [[32minfo[39m] : User logged out successfully
2025-11-19 14:12:18 [[32minfo[39m] : User logged out successfully
2025-11-19 14:12:31 [[32minfo[39m] : User logged in: avaniev123@gmail.com
2025-11-19 14:17:03 [[32minfo[39m] : User logged in: avaniev123@gmail.com
2025-11-19 14:40:26 [[32minfo[39m] : User logged in: jithinlal706@gmail.com
2025-11-19 14:40:53 [[31merror[39m] : ValidationError: User validation failed: gender: `` is not a valid enum value for path `gender`.
    at model.Document.invalidate (C:\Users\Lenovo\OneDrive\Desktop\Mentora\server\node_modules\mongoose\lib\document.js:3352:32)
    at C:\Users\Lenovo\OneDrive\Desktop\Mentora\server\node_modules\mongoose\lib\document.js:3113:17
    at C:\Users\Lenovo\OneDrive\Desktop\Mentora\server\node_modules\mongoose\lib\schemaType.js:1407:9
    at processTicksAndRejections (node:internal/process/task_queues:77:11)
2025-11-19 14:40:54 [[31merror[39m] : ValidationError: User validation failed: gender: `` is not a valid enum value for path `gender`.
    at model.Document.invalidate (C:\Users\Lenovo\OneDrive\Desktop\Mentora\server\node_modules\mongoose\lib\document.js:3352:32)
    at C:\Users\Lenovo\OneDrive\Desktop\Mentora\server\node_modules\mongoose\lib\document.js:3113:17
    at C:\Users\Lenovo\OneDrive\Desktop\Mentora\server\node_modules\mongoose\lib\schemaType.js:1407:9
    at processTicksAndRejections (node:internal/process/task_queues:77:11)
2025-11-19 14:41:00 [[31merror[39m] : ValidationError: User validation failed: gender: `` is not a valid enum value for path `gender`.
    at model.Document.invalidate (C:\Users\Lenovo\OneDrive\Desktop\Mentora\server\node_modules\mongoose\lib\document.js:3352:32)
    at C:\Users\Lenovo\OneDrive\Desktop\Mentora\server\node_modules\mongoose\lib\document.js:3113:17
    at C:\Users\Lenovo\OneDrive\Desktop\Mentora\server\node_modules\mongoose\lib\schemaType.js:1407:9
    at processTicksAndRejections (node:internal/process/task_queues:77:11)
2025-11-19 14:41:01 [[31merror[39m] : ValidationError: User validation failed: gender: `` is not a valid enum value for path `gender`.
    at model.Document.invalidate (C:\Users\Lenovo\OneDrive\Desktop\Mentora\server\node_modules\mongoose\lib\document.js:3352:32)
    at C:\Users\Lenovo\OneDrive\Desktop\Mentora\server\node_modules\mongoose\lib\document.js:3113:17
    at C:\Users\Lenovo\OneDrive\Desktop\Mentora\server\node_modules\mongoose\lib\schemaType.js:1407:9
    at processTicksAndRejections (node:internal/process/task_queues:77:11)
2025-11-19 14:41:03 [[31merror[39m] : ValidationError: User validation failed: gender: `` is not a valid enum value for path `gender`.
    at model.Document.invalidate (C:\Users\Lenovo\OneDrive\Desktop\Mentora\server\node_modules\mongoose\lib\document.js:3352:32)
    at C:\Users\Lenovo\OneDrive\Desktop\Mentora\server\node_modules\mongoose\lib\document.js:3113:17
    at C:\Users\Lenovo\OneDrive\Desktop\Mentora\server\node_modules\mongoose\lib\schemaType.js:1407:9
    at processTicksAndRejections (node:internal/process/task_queues:77:11)
2025-11-19 14:41:04 [[31merror[39m] : ValidationError: User validation failed: gender: `` is not a valid enum value for path `gender`.
    at model.Document.invalidate (C:\Users\Lenovo\OneDrive\Desktop\Mentora\server\node_modules\mongoose\lib\document.js:3352:32)
    at C:\Users\Lenovo\OneDrive\Desktop\Mentora\server\node_modules\mongoose\lib\document.js:3113:17
    at C:\Users\Lenovo\OneDrive\Desktop\Mentora\server\node_modules\mongoose\lib\schemaType.js:1407:9
    at processTicksAndRejections (node:internal/process/task_queues:77:11)
2025-11-19 14:41:28 [[31merror[39m] : ValidationError: User validation failed: gender: `` is not a valid enum value for path `gender`.
    at model.Document.invalidate (C:\Users\Lenovo\OneDrive\Desktop\Mentora\server\node_modules\mongoose\lib\document.js:3352:32)
    at C:\Users\Lenovo\OneDrive\Desktop\Mentora\server\node_modules\mongoose\lib\document.js:3113:17
    at C:\Users\Lenovo\OneDrive\Desktop\Mentora\server\node_modules\mongoose\lib\schemaType.js:1407:9
    at processTicksAndRejections (node:internal/process/task_queues:77:11)
2025-11-19 14:41:54 [[31merror[39m] : ValidationError: User validation failed: gender: `` is not a valid enum value for path `gender`.
    at model.Document.invalidate (C:\Users\Lenovo\OneDrive\Desktop\Mentora\server\node_modules\mongoose\lib\document.js:3352:32)
    at C:\Users\Lenovo\OneDrive\Desktop\Mentora\server\node_modules\mongoose\lib\document.js:3113:17
    at C:\Users\Lenovo\OneDrive\Desktop\Mentora\server\node_modules\mongoose\lib\schemaType.js:1407:9
    at processTicksAndRejections (node:internal/process/task_queues:77:11)
2025-11-19 14:41:58 [[31merror[39m] : ValidationError: User validation failed: gender: `` is not a valid enum value for path `gender`.
    at model.Document.invalidate (C:\Users\Lenovo\OneDrive\Desktop\Mentora\server\node_modules\mongoose\lib\document.js:3352:32)
    at C:\Users\Lenovo\OneDrive\Desktop\Mentora\server\node_modules\mongoose\lib\document.js:3113:17
    at C:\Users\Lenovo\OneDrive\Desktop\Mentora\server\node_modules\mongoose\lib\schemaType.js:1407:9
    at processTicksAndRejections (node:internal/process/task_queues:77:11)
2025-11-20 08:54:47 [[33mwarn[39m] : Access token expired → client must refresh
2025-11-20 08:54:47 [[33mwarn[39m] : Access token expired → client must refresh
2025-11-20 08:54:50 [[33mwarn[39m] : Access token expired → client must refresh
2025-11-20 08:54:50 [[33mwarn[39m] : Access token expired → client must refresh
2025-11-20 08:54:54 [[33mwarn[39m] : Access token expired → client must refresh
2025-11-20 08:54:54 [[33mwarn[39m] : Access token expired → client must refresh
2025-11-20 09:56:56 [[33mwarn[39m] : Access token expired → client must refresh
2025-11-20 09:57:00 [[32minfo[39m] : User logged out successfully
2025-11-20 09:57:14 [[31merror[39m] : Error: User not found
    at AuthService.<anonymous> (C:\Users\Lenovo\OneDrive\Desktop\Mentora\server\src\services\authService.ts:32:22)
    at Generator.next (<anonymous>)
    at fulfilled (C:\Users\Lenovo\OneDrive\Desktop\Mentora\server\src\services\authService.ts:5:58)
    at processTicksAndRejections (node:internal/process/task_queues:95:5)
2025-11-20 09:57:20 [[32minfo[39m] : User logged in: avaniev123@gmail.com
2025-11-20 09:57:35 [[32minfo[39m] : User logged in: jithinlal706@gmail.com
2025-11-20 11:51:49 [[32minfo[39m] : User logged out successfully
2025-11-20 11:53:14 [[31merror[39m] : Error: Wrong password
    at AuthService.<anonymous> (C:\Users\Lenovo\OneDrive\Desktop\Mentora\server\src\services\authService.ts:37:23)
    at Generator.next (<anonymous>)
    at fulfilled (C:\Users\Lenovo\OneDrive\Desktop\Mentora\server\src\services\authService.ts:5:58)
2025-11-20 11:53:21 [[32minfo[39m] : User logged in: avaniev123@gmail.com
2025-11-20 12:55:02 [[32minfo[39m] :  Server running on http://localhost:5000
2025-11-20 13:02:25 [[32minfo[39m] :  Server running on http://localhost:5000
2025-11-20 13:02:48 [[32minfo[39m] :  Server running on http://localhost:5000
2025-11-20 13:06:00 [[32minfo[39m] :  Server running on http://localhost:5000
2025-11-20 13:06:09 [[32minfo[39m] :  Server running on http://localhost:5000
2025-11-20 13:07:14 [[32minfo[39m] :  Server running on http://localhost:5000
2025-11-20 13:07:25 [[32minfo[39m] :  Server running on http://localhost:5000
2025-11-20 13:09:08 [[32minfo[39m] : User logged out successfully
2025-11-20 13:10:07 [[32minfo[39m] : User logged in: avaniev123@gmail.com
2025-11-20 13:57:41 [[32minfo[39m] :  Server running on http://localhost:5000
2025-11-20 15:16:03 [[33mwarn[39m] : Access token expired → client must refresh
2025-11-20 15:16:03 [[33mwarn[39m] : Access token expired → client must refresh
2025-11-20 15:16:20 [[32minfo[39m] :  Server running on http://localhost:5000
2025-11-20 15:16:24 [[32minfo[39m] : User logged out successfully
2025-11-20 15:16:43 [[32minfo[39m] : User logged in: avaniev123@gmail.com
2025-11-20 17:15:55 [[32minfo[39m] : User logged out successfully
2025-11-20 17:18:07 [[32minfo[39m] : User logged in: avaniev123@gmail.com
2025-11-21 09:47:03 [[33mwarn[39m] : Access token expired → client must refresh
2025-11-21 09:47:03 [[33mwarn[39m] : Access token expired → client must refresh
2025-11-21 09:47:12 [[33mwarn[39m] : Access token expired → client must refresh
2025-11-21 09:47:12 [[33mwarn[39m] : Access token expired → client must refresh
2025-11-21 09:47:14 [[33mwarn[39m] : Access token expired → client must refresh
2025-11-21 09:47:14 [[33mwarn[39m] : Access token expired → client must refresh
2025-11-21 09:47:18 [[32minfo[39m] : User logged out successfully
2025-11-21 09:47:32 [[32minfo[39m] : User logged in: avaniev123@gmail.com
2025-11-21 13:43:33 [[33mwarn[39m] : Access token expired → client must refresh
2025-11-21 13:43:33 [[33mwarn[39m] : Access token expired → client must refresh
2025-11-21 13:43:37 [[32minfo[39m] : User logged out successfully
2025-11-21 13:43:51 [[31merror[39m] : Error: Wrong password
    at AuthService.<anonymous> (C:\Users\Lenovo\OneDrive\Desktop\Mentora\server\src\services\authService.ts:37:23)
    at Generator.next (<anonymous>)
    at fulfilled (C:\Users\Lenovo\OneDrive\Desktop\Mentora\server\src\services\authService.ts:5:58)
2025-11-21 13:43:58 [[32minfo[39m] : User logged in: avaniev123@gmail.com
2025-11-21 13:54:52 [[32minfo[39m] :  Server running on http://localhost:5000
2025-11-21 15:50:58 [[33mwarn[39m] : Access token expired → client must refresh
2025-11-21 15:50:58 [[33mwarn[39m] : Access token expired → client must refresh
2025-11-21 17:02:21 [[32minfo[39m] : User logged out successfully
2025-11-21 17:02:34 [[32minfo[39m] : User logged in: avaniev123@gmail.com
2025-11-21 17:20:56 [[32minfo[39m] : User logged out successfully
2025-11-21 17:27:40 [[32minfo[39m] : User logged in: avaniev123@gmail.com
2025-11-21 17:37:53 [[32minfo[39m] :  Server running on http://localhost:5000
2025-11-21 17:42:31 [[32minfo[39m] :  Server running on http://localhost:5000
2025-11-21 17:42:37 [[32minfo[39m] :  Server running on http://localhost:5000
2025-11-21 17:43:20 [[32minfo[39m] :  Server running on http://localhost:5000
2025-11-21 17:43:26 [[32minfo[39m] : User logged in: user0@gmail.com
2025-11-21 17:43:40 [[31merror[39m] : Error: User not found
    at AuthService.<anonymous> (C:\Users\Lenovo\OneDrive\Desktop\Mentora\server\src\services\authService.ts:32:22)
    at Generator.next (<anonymous>)
    at fulfilled (C:\Users\Lenovo\OneDrive\Desktop\Mentora\server\src\services\authService.ts:5:58)
    at processTicksAndRejections (node:internal/process/task_queues:95:5)
2025-11-22 09:42:05 [[32minfo[39m] :  Server running on http://localhost:5000
2025-11-22 11:23:04 [[33mwarn[39m] : Access token expired → client must refresh
2025-11-22 11:23:04 [[33mwarn[39m] : Access token expired → client must refresh
2025-11-22 11:23:15 [[32minfo[39m] : User logged out successfully
2025-11-22 11:23:26 [[32minfo[39m] : User logged in: avaniev123@gmail.com
2025-11-22 11:48:15 [[32minfo[39m] :  Server running on http://localhost:5000
2025-11-22 12:02:07 [[32minfo[39m] : User logged out successfully
2025-11-22 12:08:17 [[32minfo[39m] : User logged in: avaniev123@gmail.com
2025-11-22 14:56:18 [[33mwarn[39m] : Access token expired → client must refresh
2025-11-22 14:56:18 [[33mwarn[39m] : Access token expired → client must refresh
2025-11-22 14:56:23 [[33mwarn[39m] : Access token expired → client must refresh
2025-11-22 14:56:24 [[33mwarn[39m] : Access token expired → client must refresh
2025-11-22 14:56:33 [[32minfo[39m] : User logged out successfully
2025-11-22 14:56:55 [[32minfo[39m] : User logged in: avaniev123@gmail.com
2025-11-24 10:57:30 [[33mwarn[39m] : Access token expired → client must refresh
2025-11-24 10:57:30 [[33mwarn[39m] : Access token expired → client must refresh
2025-11-24 11:05:27 [[32minfo[39m] : User logged out successfully
2025-11-24 11:06:05 [[32minfo[39m] : User logged in: avaniev123@gmail.com
2025-11-24 13:13:02 [[32minfo[39m] :  Server running on http://localhost:5000
2025-11-24 13:13:54 [[33mwarn[39m] : Access token expired → client must refresh
2025-11-24 13:13:54 [[33mwarn[39m] : Access token expired → client must refresh
2025-11-24 13:14:01 [[33mwarn[39m] : Access token expired → client must refresh
2025-11-24 13:14:01 [[33mwarn[39m] : Access token expired → client must refresh
2025-11-24 13:14:09 [[33mwarn[39m] : Access token expired → client must refresh
2025-11-24 13:14:09 [[33mwarn[39m] : Access token expired → client must refresh
2025-11-24 13:14:20 [[32minfo[39m] : User logged in: jithinlal706@gmail.com
2025-11-24 13:14:21 [[33mwarn[39m] : Access token expired → client must refresh
2025-11-24 13:14:21 [[33mwarn[39m] : Access token expired → client must refresh
2025-11-24 13:14:50 [[31merror[39m] : ValidationError: User validation failed: gender: `` is not a valid enum value for path `gender`.
    at model.Document.invalidate (C:\Users\Lenovo\OneDrive\Desktop\Mentora\server\node_modules\mongoose\lib\document.js:3352:32)
    at C:\Users\Lenovo\OneDrive\Desktop\Mentora\server\node_modules\mongoose\lib\document.js:3113:17
    at C:\Users\Lenovo\OneDrive\Desktop\Mentora\server\node_modules\mongoose\lib\schemaType.js:1407:9
    at processTicksAndRejections (node:internal/process/task_queues:77:11)
2025-11-24 14:33:18 [[32minfo[39m] :  Server running on http://localhost:5000
2025-11-24 14:34:02 [[32minfo[39m] :  Server running on http://localhost:5000
2025-11-24 14:35:11 [[32minfo[39m] :  Server running on http://localhost:5000
2025-11-24 14:36:52 [[32minfo[39m] :  Server running on http://localhost:5000
2025-11-24 14:38:16 [[32minfo[39m] :  Server running on http://localhost:5000
2025-11-24 14:38:56 [[32minfo[39m] :  Server running on http://localhost:5000
2025-11-24 14:41:51 [[32minfo[39m] :  Server running on http://localhost:5000
2025-11-24 14:42:06 [[32minfo[39m] :  Server running on http://localhost:5000
2025-11-24 14:42:33 [[32minfo[39m] :  Server running on http://localhost:5000
2025-11-24 14:42:47 [[32minfo[39m] :  Server running on http://localhost:5000
2025-11-24 14:42:58 [[32minfo[39m] :  Server running on http://localhost:5000
2025-11-24 14:43:45 [[32minfo[39m] :  Server running on http://localhost:5000
2025-11-24 14:44:19 [[32minfo[39m] :  Server running on http://localhost:5000
2025-11-24 14:44:32 [[32minfo[39m] :  Server running on http://localhost:5000
2025-11-24 14:44:40 [[32minfo[39m] :  Server running on http://localhost:5000
2025-11-24 14:50:05 [[32minfo[39m] :  Server running on http://localhost:5000
2025-11-24 14:51:34 [[32minfo[39m] :  Server running on http://localhost:5000
2025-11-24 14:52:23 [[32minfo[39m] :  Server running on http://localhost:5000
2025-11-24 14:54:06 [[32minfo[39m] :  Server running on http://localhost:5000
2025-11-24 14:54:38 [[32minfo[39m] : User logged out successfully
2025-11-24 14:54:54 [[32minfo[39m] : User logged in: avaniev123@gmail.com
2025-11-24 14:54:59 [[32minfo[39m] : User logged out successfully
2025-11-24 14:55:14 [[31merror[39m] : Error: User not found
    at AuthService.<anonymous> (C:\Users\Lenovo\OneDrive\Desktop\Mentora\server\src\services\authService.ts:32:22)
    at Generator.next (<anonymous>)
    at fulfilled (C:\Users\Lenovo\OneDrive\Desktop\Mentora\server\src\services\authService.ts:5:58)
    at processTicksAndRejections (node:internal/process/task_queues:95:5)
2025-11-24 14:57:45 [[32minfo[39m] :  Server running on http://localhost:5000
2025-11-24 14:58:41 [[32minfo[39m] :  Server running on http://localhost:5000
2025-11-24 15:00:28 [[32minfo[39m] :  Server running on http://localhost:5000
2025-11-24 15:01:12 [[32minfo[39m] :  Server running on http://localhost:5000
2025-11-24 15:01:30 [[32minfo[39m] :  Server running on http://localhost:5000
2025-11-24 15:01:53 [[32minfo[39m] :  Server running on http://localhost:5000
2025-11-24 15:02:57 [[32minfo[39m] : User logged in: avaniev123@gmail.com
2025-11-24 15:05:04 [[32minfo[39m] :  Server running on http://localhost:5000
2025-11-24 15:39:42 [[32minfo[39m] :  Server running on http://localhost:5000
2025-11-24 15:45:25 [[32minfo[39m] :  Server running on http://localhost:5000
2025-11-24 18:24:13 [[33mwarn[39m] : Access token expired → client must refresh
2025-11-24 18:24:13 [[33mwarn[39m] : Access token expired → client must refresh
2025-11-25 11:55:43 [[32minfo[39m] :  Server running on http://localhost:5000
2025-11-25 12:01:29 [[32minfo[39m] :  Server running on http://localhost:5000
2025-11-25 12:01:33 [[33mwarn[39m] : Access token expired → client must refresh
2025-11-25 12:01:33 [[33mwarn[39m] : Access token expired → client must refresh
2025-11-25 12:01:39 [[33mwarn[39m] : Access token expired → client must refresh
2025-11-25 12:01:40 [[33mwarn[39m] : Access token expired → client must refresh
2025-11-25 12:01:49 [[32minfo[39m] : User logged out successfully
2025-11-25 12:02:06 [[32minfo[39m] : User logged in: avaniev123@gmail.com
2025-11-25 12:02:13 [[32minfo[39m] : User logged out successfully
2025-11-25 12:02:25 [[31merror[39m] : Error: User not found
    at AuthService.<anonymous> (C:\Users\Lenovo\OneDrive\Desktop\Mentora\server\src\services\authService.ts:32:22)
    at Generator.next (<anonymous>)
    at fulfilled (C:\Users\Lenovo\OneDrive\Desktop\Mentora\server\src\services\authService.ts:5:58)
    at processTicksAndRejections (node:internal/process/task_queues:95:5)
2025-11-25 12:03:43 [[32minfo[39m] : User logged in: avaniev123@gmail.com
2025-11-25 12:05:16 [[32minfo[39m] : User logged in: jithinlal706@gmail.com
2025-11-25 12:05:48 [[32minfo[39m] : User logged out successfully
2025-11-25 12:05:57 [[31merror[39m] : Error: You are blocked by admin
    at AuthService.<anonymous> (C:\Users\Lenovo\OneDrive\Desktop\Mentora\server\src\services\authService.ts:33:29)
    at Generator.next (<anonymous>)
    at fulfilled (C:\Users\Lenovo\OneDrive\Desktop\Mentora\server\src\services\authService.ts:5:58)
    at processTicksAndRejections (node:internal/process/task_queues:95:5)
2025-11-25 12:06:11 [[32minfo[39m] : User logged in: avaniev123@gmail.com
2025-11-25 14:06:35 [[33mwarn[39m] : Access token expired → client must refresh
2025-11-25 14:06:35 [[33mwarn[39m] : Access token expired → client must refresh
2025-11-25 14:16:10 [[33mwarn[39m] : Access token expired → client must refresh
2025-11-25 14:16:10 [[33mwarn[39m] : Access token expired → client must refresh
2025-11-25 14:16:17 [[32minfo[39m] : User logged out successfully
2025-11-25 15:07:22 [[31merror[39m] : Error: User not found
    at AuthService.<anonymous> (C:\Users\Lenovo\OneDrive\Desktop\Mentora\server\src\services\authService.ts:32:22)
    at Generator.next (<anonymous>)
    at fulfilled (C:\Users\Lenovo\OneDrive\Desktop\Mentora\server\src\services\authService.ts:5:58)
    at processTicksAndRejections (node:internal/process/task_queues:95:5)
2025-11-25 15:07:30 [[32minfo[39m] : User logged in: avaniev123@gmail.com
2025-11-25 15:21:57 [[32minfo[39m] :  Server running on http://localhost:5000
2025-11-25 15:22:44 [[32minfo[39m] :  Server running on http://localhost:5000
2025-11-25 15:23:34 [[32minfo[39m] :  Server running on http://localhost:5000
2025-11-25 15:23:46 [[32minfo[39m] :  Server running on http://localhost:5000
2025-11-25 15:39:50 [[32minfo[39m] :  Server running on http://localhost:5000
2025-11-25 15:40:02 [[32minfo[39m] :  Server running on http://localhost:5000
2025-11-25 15:40:16 [[32minfo[39m] :  Server running on http://localhost:5000
2025-11-25 15:41:22 [[32minfo[39m] :  Server running on http://localhost:5000
2025-11-25 15:41:45 [[32minfo[39m] :  Server running on http://localhost:5000
2025-11-25 16:19:35 [[32minfo[39m] :  Server running on http://localhost:5000
2025-11-25 16:19:42 [[32minfo[39m] :  Server running on http://localhost:5000
2025-11-25 17:21:53 [[32minfo[39m] :  Server running on http://localhost:5000
2025-11-25 17:22:22 [[32minfo[39m] :  Server running on http://localhost:5000
2025-11-25 17:24:14 [[32minfo[39m] :  Server running on http://localhost:5000
2025-11-25 17:24:57 [[32minfo[39m] :  Server running on http://localhost:5000
2025-11-25 17:27:05 [[32minfo[39m] :  Server running on http://localhost:5000
2025-11-25 17:27:14 [[32minfo[39m] :  Server running on http://localhost:5000
2025-11-25 17:27:41 [[32minfo[39m] :  Server running on http://localhost:5000
2025-11-25 17:27:50 [[32minfo[39m] :  Server running on http://localhost:5000
2025-11-25 17:28:03 [[32minfo[39m] :  Server running on http://localhost:5000
2025-11-25 17:28:43 [[32minfo[39m] :  Server running on http://localhost:5000
2025-11-25 17:29:11 [[32minfo[39m] :  Server running on http://localhost:5000
2025-11-25 17:29:35 [[32minfo[39m] :  Server running on http://localhost:5000
2025-11-25 17:30:00 [[33mwarn[39m] : Access token expired → client must refresh
2025-11-25 17:30:00 [[33mwarn[39m] : Access token expired → client must refresh
2025-11-25 17:30:00 [[33mwarn[39m] : Access token expired → client must refresh
2025-11-25 17:30:00 [[33mwarn[39m] : Access token expired → client must refresh
2025-11-25 17:30:11 [[32minfo[39m] : User logged out successfully
2025-11-25 17:30:25 [[32minfo[39m] : User logged in: avaniev123@gmail.com
2025-11-25 17:34:43 [[32minfo[39m] :  Server running on http://localhost:5000
2025-11-25 17:35:15 [[32minfo[39m] :  Server running on http://localhost:5000
2025-11-25 17:36:21 [[32minfo[39m] :  Server running on http://localhost:5000
2025-11-25 17:37:07 [[32minfo[39m] :  Server running on http://localhost:5000
2025-11-25 17:37:43 [[32minfo[39m] :  Server running on http://localhost:5000
2025-11-25 17:38:12 [[32minfo[39m] :  Server running on http://localhost:5000
2025-11-25 17:38:32 [[32minfo[39m] :  Server running on http://localhost:5000
2025-11-25 17:38:43 [[32minfo[39m] :  Server running on http://localhost:5000
2025-11-25 17:43:53 [[32minfo[39m] :  Server running on http://localhost:5000
2025-11-25 17:50:43 [[32minfo[39m] :  Server running on http://localhost:5000
2025-11-25 17:55:50 [[32minfo[39m] :  Server running on http://localhost:5000
2025-11-25 17:56:05 [[32minfo[39m] :  Server running on http://localhost:5000
2025-11-25 17:56:32 [[32minfo[39m] :  Server running on http://localhost:5000
2025-11-25 17:57:09 [[32minfo[39m] :  Server running on http://localhost:5000
2025-11-25 17:57:34 [[32minfo[39m] :  Server running on http://localhost:5000
2025-11-25 17:57:48 [[32minfo[39m] :  Server running on http://localhost:5000
2025-11-25 17:59:35 [[32minfo[39m] :  Server running on http://localhost:5000
2025-11-25 18:02:28 [[32minfo[39m] :  Server running on http://localhost:5000
2025-11-25 18:05:35 [[32minfo[39m] :  Server running on http://localhost:5000
2025-11-25 18:07:29 [[32minfo[39m] :  Server running on http://localhost:5000
2025-11-25 18:09:45 [[32minfo[39m] :  Server running on http://localhost:5000
2025-11-26 09:10:35 [[32minfo[39m] :  Server running on http://localhost:5000
2025-11-26 12:06:35 [[32minfo[39m] :  Server running on http://localhost:5000
2025-11-26 12:47:55 [[32minfo[39m] :  Server running on http://localhost:5000
2025-11-26 12:48:07 [[32minfo[39m] : User logged out successfully
2025-11-26 12:48:30 [[32minfo[39m] : User logged in: avaniev123@gmail.com
2025-11-26 12:49:01 [[32minfo[39m] : User logged out successfully
2025-11-26 12:49:07 [[32minfo[39m] : User logged in: jithinlal706@gmail.com
2025-11-26 12:50:48 [[32minfo[39m] : User logged out successfully
2025-11-26 12:51:01 [[31merror[39m] : Error: Wrong password
    at AuthService.<anonymous> (C:\Users\Lenovo\OneDrive\Desktop\Mentora\server\src\services\authService.ts:37:23)
    at Generator.next (<anonymous>)
    at fulfilled (C:\Users\Lenovo\OneDrive\Desktop\Mentora\server\src\services\authService.ts:5:58)
2025-11-26 12:51:07 [[32minfo[39m] : User logged in: avaniev123@gmail.com
2025-11-26 15:35:31 [[33mwarn[39m] : Access token expired → client must refresh
2025-11-26 15:35:31 [[33mwarn[39m] : Access token expired → client must refresh
2025-11-26 15:36:29 [[32minfo[39m] : User logged out successfully
2025-11-26 15:37:38 [[32minfo[39m] : OTP for FORGOT PASSWORD: 257616 sent to amal123@gmail.com
2025-11-26 15:37:49 [[32minfo[39m] : OTP verified successfully for amal123@gmail.com
2025-11-26 15:39:29 [[31merror[39m] : Error: Wrong password
    at AuthService.<anonymous> (C:\Users\Lenovo\OneDrive\Desktop\Mentora\server\src\services\authService.ts:37:23)
    at Generator.next (<anonymous>)
    at fulfilled (C:\Users\Lenovo\OneDrive\Desktop\Mentora\server\src\services\authService.ts:5:58)
2025-11-26 15:39:32 [[31merror[39m] : Error: Wrong password
    at AuthService.<anonymous> (C:\Users\Lenovo\OneDrive\Desktop\Mentora\server\src\services\authService.ts:37:23)
    at Generator.next (<anonymous>)
    at fulfilled (C:\Users\Lenovo\OneDrive\Desktop\Mentora\server\src\services\authService.ts:5:58)
2025-11-26 15:39:49 [[32minfo[39m] : User logged in: avaniev123@gmail.com
2025-11-26 15:57:52 [[31merror[39m] : Error: Wrong password
    at AuthService.<anonymous> (C:\Users\Lenovo\OneDrive\Desktop\Mentora\server\src\services\authService.ts:37:23)
    at Generator.next (<anonymous>)
    at fulfilled (C:\Users\Lenovo\OneDrive\Desktop\Mentora\server\src\services\authService.ts:5:58)
2025-11-26 15:58:00 [[32minfo[39m] : User logged in: jithinlal706@gmail.com
2025-11-26 17:25:18 [[32minfo[39m] : User logged out successfully
2025-11-26 17:25:31 [[32minfo[39m] : User logged in: avaniev123@gmail.com
2025-11-26 17:40:17 [[32minfo[39m] :  Server running on http://localhost:5000
2025-11-26 17:40:21 [[32minfo[39m] :  Server running on http://localhost:5000
2025-11-26 17:41:03 [[32minfo[39m] :  Server running on http://localhost:5000
2025-11-26 17:41:24 [[32minfo[39m] :  Server running on http://localhost:5000
2025-11-26 17:45:59 [[32minfo[39m] :  Server running on http://localhost:5000
2025-11-26 17:46:39 [[32minfo[39m] :  Server running on http://localhost:5000
2025-11-26 17:46:52 [[32minfo[39m] :  Server running on http://localhost:5000
2025-11-26 17:47:04 [[32minfo[39m] :  Server running on http://localhost:5000
2025-11-26 17:47:57 [[32minfo[39m] :  Server running on http://localhost:5000
2025-11-26 18:08:31 [[32minfo[39m] :  Server running on http://localhost:5000
2025-11-26 18:09:48 [[32minfo[39m] :  Server running on http://localhost:5000
2025-11-26 18:10:03 [[32minfo[39m] :  Server running on http://localhost:5000
2025-11-26 18:10:13 [[32minfo[39m] :  Server running on http://localhost:5000
2025-11-26 18:14:11 [[32minfo[39m] :  Server running on http://localhost:5000
2025-11-26 18:15:29 [[32minfo[39m] :  Server running on http://localhost:5000
2025-11-26 18:16:43 [[32minfo[39m] :  Server running on http://localhost:5000
2025-11-26 18:25:05 [[32minfo[39m] :  Server running on http://localhost:5000
2025-11-26 18:48:09 [[31merror[39m] : Error: Wrong password
    at AuthService.<anonymous> (C:\Users\Lenovo\OneDrive\Desktop\Mentora\server\src\services\authService.ts:37:23)
    at Generator.next (<anonymous>)
    at fulfilled (C:\Users\Lenovo\OneDrive\Desktop\Mentora\server\src\services\authService.ts:5:58)
2025-11-26 18:48:16 [[32minfo[39m] : User logged in: jithinlal706@gmail.com
2025-11-26 18:49:39 [[32minfo[39m] : User logged out successfully
2025-11-26 23:08:09 [[32minfo[39m] : User logged in: avaniev123@gmail.com
2025-11-26 23:31:31 [[32minfo[39m] :  Server running on http://localhost:5000
2025-11-26 23:32:55 [[32minfo[39m] :  Server running on http://localhost:5000
2025-11-26 23:55:51 [[32minfo[39m] :  Server running on http://localhost:5000
2025-11-26 23:57:22 [[32minfo[39m] :  Server running on http://localhost:5000
2025-11-26 23:58:42 [[32minfo[39m] :  Server running on http://localhost:5000
2025-11-27 00:12:06 [[32minfo[39m] :  Server running on http://localhost:5000
2025-11-27 08:55:03 [[33mwarn[39m] : Access token expired → client must refresh
2025-11-27 08:55:03 [[33mwarn[39m] : Access token expired → client must refresh
2025-11-27 09:07:52 [[33mwarn[39m] : Access token expired → client must refresh
2025-11-27 09:07:52 [[33mwarn[39m] : Access token expired → client must refresh
2025-11-27 09:59:34 [[32minfo[39m] : User logged out successfully
2025-11-27 09:59:48 [[32minfo[39m] : User logged in: avaniev123@gmail.com
2025-11-27 10:31:52 [[32minfo[39m] :  Server running on http://localhost:5000
2025-11-27 10:34:55 [[32minfo[39m] :  Server running on http://localhost:5000
2025-11-27 10:37:50 [[32minfo[39m] :  Server running on http://localhost:5000
2025-11-27 10:40:28 [[32minfo[39m] :  Server running on http://localhost:5000
2025-11-27 10:40:53 [[32minfo[39m] :  Server running on http://localhost:5000
2025-11-27 10:43:44 [[32minfo[39m] :  Server running on http://localhost:5000
2025-11-27 10:52:21 [[32minfo[39m] :  Server running on http://localhost:5000
2025-11-27 10:52:32 [[32minfo[39m] :  Server running on http://localhost:5000
2025-11-27 10:52:43 [[32minfo[39m] :  Server running on http://localhost:5000
2025-11-27 10:52:52 [[32minfo[39m] :  Server running on http://localhost:5000
2025-11-27 11:50:07 [[32minfo[39m] :  Server running on http://localhost:5000
2025-11-27 11:50:39 [[32minfo[39m] :  Server running on http://localhost:5000
2025-11-27 11:51:01 [[32minfo[39m] :  Server running on http://localhost:5000
2025-11-27 11:59:46 [[32minfo[39m] :  Server running on http://localhost:5000
2025-11-27 12:05:05 [[32minfo[39m] :  Server running on http://localhost:5000
2025-11-27 12:12:07 [[33mwarn[39m] : Access token expired → client must refresh
2025-11-27 12:12:07 [[33mwarn[39m] : Access token expired → client must refresh
2025-11-27 12:12:17 [[32minfo[39m] : User logged out successfully
2025-11-27 12:12:36 [[32minfo[39m] : User logged in: avaniev123@gmail.com
2025-11-27 12:14:36 [[32minfo[39m] :  Server running on http://localhost:5000
2025-11-27 12:14:45 [[32minfo[39m] :  Server running on http://localhost:5000
2025-11-27 12:15:25 [[32minfo[39m] :  Server running on http://localhost:5000
2025-11-27 12:16:50 [[32minfo[39m] :  Server running on http://localhost:5000
2025-11-27 12:21:38 [[31merror[39m] : Invalid token:
2025-11-27 12:36:00 [[31merror[39m] : ValidationError: User validation failed: gender: `` is not a valid enum value for path `gender`.
    at model.Document.invalidate (C:\Users\Lenovo\OneDrive\Desktop\Mentora\server\node_modules\mongoose\lib\document.js:3352:32)
    at C:\Users\Lenovo\OneDrive\Desktop\Mentora\server\node_modules\mongoose\lib\document.js:3113:17
    at C:\Users\Lenovo\OneDrive\Desktop\Mentora\server\node_modules\mongoose\lib\schemaType.js:1407:9
    at processTicksAndRejections (node:internal/process/task_queues:77:11)
2025-11-27 12:38:01 [[32minfo[39m] :  Server running on http://localhost:5000
2025-11-27 12:38:13 [[32minfo[39m] :  Server running on http://localhost:5000
2025-11-27 12:38:34 [[31merror[39m] : ValidationError: User validation failed: gender: `` is not a valid enum value for path `gender`.
    at model.Document.invalidate (C:\Users\Lenovo\OneDrive\Desktop\Mentora\server\node_modules\mongoose\lib\document.js:3352:32)
    at C:\Users\Lenovo\OneDrive\Desktop\Mentora\server\node_modules\mongoose\lib\document.js:3113:17
    at C:\Users\Lenovo\OneDrive\Desktop\Mentora\server\node_modules\mongoose\lib\schemaType.js:1407:9
    at processTicksAndRejections (node:internal/process/task_queues:77:11)
2025-11-27 12:41:07 [[32minfo[39m] :  Server running on http://localhost:5000
2025-11-27 12:42:12 [[32minfo[39m] :  Server running on http://localhost:5000
2025-11-27 12:42:56 [[31merror[39m] : ValidationError: User validation failed: gender: `` is not a valid enum value for path `gender`.
    at model.Document.invalidate (C:\Users\Lenovo\OneDrive\Desktop\Mentora\server\node_modules\mongoose\lib\document.js:3352:32)
    at C:\Users\Lenovo\OneDrive\Desktop\Mentora\server\node_modules\mongoose\lib\document.js:3113:17
    at C:\Users\Lenovo\OneDrive\Desktop\Mentora\server\node_modules\mongoose\lib\schemaType.js:1407:9
    at processTicksAndRejections (node:internal/process/task_queues:77:11)
2025-11-27 12:43:03 [[31merror[39m] : ValidationError: User validation failed: gender: `` is not a valid enum value for path `gender`.
    at model.Document.invalidate (C:\Users\Lenovo\OneDrive\Desktop\Mentora\server\node_modules\mongoose\lib\document.js:3352:32)
    at C:\Users\Lenovo\OneDrive\Desktop\Mentora\server\node_modules\mongoose\lib\document.js:3113:17
    at C:\Users\Lenovo\OneDrive\Desktop\Mentora\server\node_modules\mongoose\lib\schemaType.js:1407:9
    at processTicksAndRejections (node:internal/process/task_queues:77:11)
2025-11-27 12:43:36 [[32minfo[39m] :  Server running on http://localhost:5000
2025-11-27 12:43:36 [[31merror[39m] : ValidationError: User validation failed: gender: `` is not a valid enum value for path `gender`.
    at model.Document.invalidate (C:\Users\Lenovo\OneDrive\Desktop\Mentora\server\node_modules\mongoose\lib\document.js:3352:32)
    at C:\Users\Lenovo\OneDrive\Desktop\Mentora\server\node_modules\mongoose\lib\document.js:3113:17
    at C:\Users\Lenovo\OneDrive\Desktop\Mentora\server\node_modules\mongoose\lib\schemaType.js:1407:9
    at processTicksAndRejections (node:internal/process/task_queues:77:11)
2025-11-27 12:43:41 [[31merror[39m] : ValidationError: User validation failed: gender: `` is not a valid enum value for path `gender`.
    at model.Document.invalidate (C:\Users\Lenovo\OneDrive\Desktop\Mentora\server\node_modules\mongoose\lib\document.js:3352:32)
    at C:\Users\Lenovo\OneDrive\Desktop\Mentora\server\node_modules\mongoose\lib\document.js:3113:17
    at C:\Users\Lenovo\OneDrive\Desktop\Mentora\server\node_modules\mongoose\lib\schemaType.js:1407:9
    at processTicksAndRejections (node:internal/process/task_queues:77:11)
2025-11-27 12:47:54 [[32minfo[39m] :  Server running on http://localhost:5000
2025-11-27 12:48:13 [[32minfo[39m] :  Server running on http://localhost:5000
2025-11-27 12:48:40 [[31merror[39m] : ValidationError: User validation failed: gender: `` is not a valid enum value for path `gender`.
    at model.Document.invalidate (C:\Users\Lenovo\OneDrive\Desktop\Mentora\server\node_modules\mongoose\lib\document.js:3352:32)
    at C:\Users\Lenovo\OneDrive\Desktop\Mentora\server\node_modules\mongoose\lib\document.js:3113:17
    at C:\Users\Lenovo\OneDrive\Desktop\Mentora\server\node_modules\mongoose\lib\schemaType.js:1407:9
    at processTicksAndRejections (node:internal/process/task_queues:77:11)
2025-11-27 12:51:03 [[32minfo[39m] :  Server running on http://localhost:5000
2025-11-27 12:51:26 [[31merror[39m] : ValidationError: User validation failed: gender: `` is not a valid enum value for path `gender`.
    at model.Document.invalidate (C:\Users\Lenovo\OneDrive\Desktop\Mentora\server\node_modules\mongoose\lib\document.js:3352:32)
    at C:\Users\Lenovo\OneDrive\Desktop\Mentora\server\node_modules\mongoose\lib\document.js:3113:17
    at C:\Users\Lenovo\OneDrive\Desktop\Mentora\server\node_modules\mongoose\lib\schemaType.js:1407:9
    at processTicksAndRejections (node:internal/process/task_queues:77:11)
2025-11-27 12:55:01 [[32minfo[39m] :  Server running on http://localhost:5000
2025-11-27 12:55:16 [[32minfo[39m] :  Server running on http://localhost:5000
2025-11-27 12:55:28 [[32minfo[39m] :  Server running on http://localhost:5000
2025-11-27 12:56:32 [[32minfo[39m] :  Server running on http://localhost:5000
2025-11-27 12:57:15 [[31merror[39m] : Error: Wrong password
    at AuthService.<anonymous> (C:\Users\Lenovo\OneDrive\Desktop\Mentora\server\src\services\authService.ts:37:23)
    at Generator.next (<anonymous>)
    at fulfilled (C:\Users\Lenovo\OneDrive\Desktop\Mentora\server\src\services\authService.ts:5:58)
2025-11-27 12:57:19 [[32minfo[39m] : User logged in: avaniev123@gmail.com
2025-11-27 12:58:00 [[32minfo[39m] : User logged in: avaniev123@gmail.com
2025-11-27 13:34:52 [[32minfo[39m] :  Server running on http://localhost:5000
2025-11-27 13:35:18 [[32minfo[39m] :  Server running on http://localhost:5000
2025-11-27 13:38:16 [[32minfo[39m] : User logged in: jithinlal706@gmail.com
2025-11-27 14:17:11 [[32minfo[39m] : User logged out successfully
2025-11-27 14:32:29 [[32minfo[39m] : User logged in: avaniev123@gmail.com
2025-11-27 14:35:20 [[32minfo[39m] :  Server running on http://localhost:5000
2025-11-27 14:39:39 [[32minfo[39m] :  Server running on http://localhost:5000
2025-11-27 14:39:49 [[32minfo[39m] :  Server running on http://localhost:5000
2025-11-27 14:40:00 [[32minfo[39m] :  Server running on http://localhost:5000
2025-11-27 14:44:10 [[32minfo[39m] :  Server running on http://localhost:5000
2025-11-27 14:44:50 [[32minfo[39m] :  Server running on http://localhost:5000
2025-11-27 14:48:23 [[32minfo[39m] :  Server running on http://localhost:5000
2025-11-27 14:48:32 [[32minfo[39m] :  Server running on http://localhost:5000
2025-11-27 14:50:41 [[32minfo[39m] :  Server running on http://localhost:5000
2025-11-27 14:50:57 [[32minfo[39m] :  Server running on http://localhost:5000
2025-11-27 14:53:39 [[32minfo[39m] :  Server running on http://localhost:5000
2025-11-27 14:53:48 [[32minfo[39m] :  Server running on http://localhost:5000
2025-11-27 15:02:00 [[32minfo[39m] :  Server running on http://localhost:5000
2025-11-27 15:02:23 [[32minfo[39m] :  Server running on http://localhost:5000
2025-11-27 15:02:34 [[32minfo[39m] :  Server running on http://localhost:5000
2025-11-27 15:02:49 [[32minfo[39m] :  Server running on http://localhost:5000
2025-11-27 15:27:04 [[32minfo[39m] :  Server running on http://localhost:5000
2025-11-27 15:27:16 [[32minfo[39m] :  Server running on http://localhost:5000
2025-11-27 15:29:14 [[32minfo[39m] :  Server running on http://localhost:5000
2025-11-27 15:34:21 [[32minfo[39m] :  Server running on http://localhost:5000
2025-11-27 21:29:23 [[33mwarn[39m] : Access token expired → client must refresh
2025-11-27 21:29:23 [[33mwarn[39m] : Access token expired → client must refresh
2025-11-27 21:29:25 [[32minfo[39m] : User logged out successfully
2025-11-27 21:29:34 [[32minfo[39m] : User logged in: jithinlal706@gmail.com
2025-11-27 21:29:34 [[33mwarn[39m] : Access token expired → client must refresh
2025-11-27 21:29:34 [[33mwarn[39m] : Access token expired → client must refresh
2025-11-27 21:29:50 [[32minfo[39m] : User logged in: avaniev123@gmail.com
2025-11-27 21:38:49 [[32minfo[39m] :  Server running on http://localhost:5000
2025-11-27 21:53:39 [[32minfo[39m] :  Server running on http://localhost:5000
2025-11-27 21:53:59 [[32minfo[39m] : User logged out successfully
2025-11-27 21:54:11 [[32minfo[39m] : User logged in: avaniev123@gmail.com
2025-11-27 22:16:20 [[32minfo[39m] : User logged in: avaniev123@gmail.com
2025-11-27 22:18:02 [[32minfo[39m] : User logged in: jithinlal706@gmail.com
2025-11-27 22:21:52 [[32minfo[39m] : User logged out successfully
2025-11-27 22:22:00 [[32minfo[39m] : User logged in: jithinlal706@gmail.com
2025-11-27 22:22:07 [[32minfo[39m] : User logged out successfully
2025-11-27 22:22:25 [[32minfo[39m] : User logged in: avaniev123@gmail.com
2025-11-27 22:22:45 [[32minfo[39m] : User logged out successfully
2025-11-27 22:22:52 [[32minfo[39m] : User logged in: jithinlal706@gmail.com
2025-11-27 22:32:52 [[32minfo[39m] : User logged out successfully
2025-11-27 22:33:00 [[32minfo[39m] : User logged in: jithinlal706@gmail.com
2025-11-27 22:56:47 [[32minfo[39m] : User logged out successfully
2025-11-27 22:56:59 [[32minfo[39m] : User logged in: jithinlal706@gmail.com
2025-11-27 22:57:48 [[32minfo[39m] : User logged out successfully
2025-11-27 22:58:03 [[32minfo[39m] : User logged in: jithinlal706@gmail.com
2025-11-27 22:59:08 [[32minfo[39m] : User logged out successfully
2025-11-27 23:03:17 [[32minfo[39m] : User logged out successfully
2025-11-27 23:04:00 [[32minfo[39m] : User logged in: avaniev123@gmail.com
2025-11-27 23:06:21 [[32minfo[39m] : User logged in: jithinlal706@gmail.com
2025-11-27 23:06:34 [[32minfo[39m] : User logged out successfully
2025-11-27 23:06:37 [[32minfo[39m] : User logged out successfully
2025-11-27 23:06:44 [[32minfo[39m] : User logged in: jithinlal706@gmail.com
2025-11-27 23:10:03 [[32minfo[39m] :  Server running on http://localhost:5000
2025-11-27 23:10:19 [[32minfo[39m] : User logged out successfully
2025-11-27 23:10:28 [[32minfo[39m] : User logged in: jithinlal706@gmail.com
2025-11-27 23:22:01 [[32minfo[39m] :  Server running on http://localhost:5000
2025-11-27 23:22:20 [[32minfo[39m] : User logged out successfully
2025-11-27 23:22:28 [[31merror[39m] : Error: Wrong password
    at AuthService.<anonymous> (C:\Users\Lenovo\OneDrive\Desktop\Mentora\server\src\services\authService.ts:37:23)
    at Generator.next (<anonymous>)
    at fulfilled (C:\Users\Lenovo\OneDrive\Desktop\Mentora\server\src\services\authService.ts:5:58)
2025-11-27 23:22:35 [[32minfo[39m] : User logged in: jithinlal706@gmail.com
2025-11-27 23:23:14 [[32minfo[39m] : User logged out successfully
2025-11-27 23:23:27 [[32minfo[39m] : User logged in: avaniev123@gmail.com
2025-11-27 23:24:03 [[32minfo[39m] : User logged out successfully
2025-11-27 23:26:10 [[32minfo[39m] : User logged in: jithinlal706@gmail.com
2025-11-27 23:26:33 [[32minfo[39m] : User logged in: avaniev123@gmail.com
2025-11-27 23:44:25 [[32minfo[39m] : User logged out successfully
2025-11-27 23:44:39 [[32minfo[39m] : User logged in: avaniev123@gmail.com
2025-11-27 23:45:18 [[32minfo[39m] : User logged out successfully
2025-11-27 23:45:27 [[32minfo[39m] : User logged in: jithinlal706@gmail.com
2025-11-27 23:46:02 [[32minfo[39m] : User logged out successfully
2025-11-27 23:46:15 [[32minfo[39m] : User logged in: jithinlal706@gmail.com
2025-11-28 08:38:05 [[33mwarn[39m] : Access token expired → client must refresh
2025-11-28 08:38:05 [[33mwarn[39m] : Access token expired → client must refresh
2025-11-28 10:02:45 [[33mwarn[39m] : Access token expired → client must refresh
2025-11-28 10:02:45 [[33mwarn[39m] : Access token expired → client must refresh
2025-11-28 10:04:41 [[33mwarn[39m] : Access token expired → client must refresh
2025-11-28 10:04:41 [[33mwarn[39m] : Access token expired → client must refresh
2025-11-28 10:05:01 [[32minfo[39m] : User logged out successfully
2025-11-28 10:05:19 [[31merror[39m] : Error: Wrong password
    at AuthService.<anonymous> (C:\Users\Lenovo\OneDrive\Desktop\Mentora\server\src\services\authService.ts:37:23)
    at Generator.next (<anonymous>)
    at fulfilled (C:\Users\Lenovo\OneDrive\Desktop\Mentora\server\src\services\authService.ts:5:58)
2025-11-28 10:05:21 [[31merror[39m] : Error: Wrong password
    at AuthService.<anonymous> (C:\Users\Lenovo\OneDrive\Desktop\Mentora\server\src\services\authService.ts:37:23)
    at Generator.next (<anonymous>)
    at fulfilled (C:\Users\Lenovo\OneDrive\Desktop\Mentora\server\src\services\authService.ts:5:58)
2025-11-28 10:05:26 [[31merror[39m] : Error: Wrong password
    at AuthService.<anonymous> (C:\Users\Lenovo\OneDrive\Desktop\Mentora\server\src\services\authService.ts:37:23)
    at Generator.next (<anonymous>)
    at fulfilled (C:\Users\Lenovo\OneDrive\Desktop\Mentora\server\src\services\authService.ts:5:58)
2025-11-28 10:05:33 [[32minfo[39m] : User logged in: avaniev123@gmail.com
2025-11-28 10:05:40 [[32minfo[39m] : User logged out successfully
2025-11-28 10:06:10 [[32minfo[39m] : User logged in: jithinlal706@gmail.com
2025-11-28 10:06:23 [[32minfo[39m] : User logged out successfully
2025-11-28 10:06:44 [[32minfo[39m] : User logged in: avaniev123@gmail.com
2025-11-28 10:07:17 [[32minfo[39m] : User logged out successfully
2025-11-28 10:07:29 [[32minfo[39m] : User logged in: jithinlal706@gmail.com
2025-11-28 10:07:42 [[32minfo[39m] : User logged out successfully
2025-11-28 10:09:06 [[32minfo[39m] : User logged out successfully
2025-11-28 10:09:34 [[32minfo[39m] : User logged out successfully
2025-11-28 10:09:52 [[32minfo[39m] : User logged in: jithinlal706@gmail.com
2025-11-28 10:10:16 [[32minfo[39m] : User logged out successfully
2025-11-28 10:10:31 [[32minfo[39m] : User logged in: avaniev123@gmail.com
2025-11-28 10:32:52 [[32minfo[39m] : User logged out successfully
2025-11-28 10:42:32 [[31merror[39m] : Error: Wrong password
    at AuthService.<anonymous> (C:\Users\Lenovo\OneDrive\Desktop\Mentora\server\src\services\authService.ts:37:23)
    at Generator.next (<anonymous>)
    at fulfilled (C:\Users\Lenovo\OneDrive\Desktop\Mentora\server\src\services\authService.ts:5:58)
2025-11-28 10:42:38 [[32minfo[39m] : User logged in: avaniev123@gmail.com
2025-11-28 10:43:46 [[32minfo[39m] : User logged out successfully
2025-11-28 10:44:15 [[31merror[39m] : Error: Wrong password
    at AuthService.<anonymous> (C:\Users\Lenovo\OneDrive\Desktop\Mentora\server\src\services\authService.ts:37:23)
    at Generator.next (<anonymous>)
    at fulfilled (C:\Users\Lenovo\OneDrive\Desktop\Mentora\server\src\services\authService.ts:5:58)
2025-11-28 10:44:21 [[32minfo[39m] : User logged in: user0@gmail.com
2025-11-28 10:50:07 [[32minfo[39m] : User logged out successfully
2025-11-28 10:50:20 [[32minfo[39m] : User logged in: avaniev123@gmail.com
2025-11-28 10:53:50 [[32minfo[39m] :  Server running on http://localhost:5000
2025-11-28 10:54:40 [[32minfo[39m] :  Server running on http://localhost:5000
2025-11-28 10:54:52 [[32minfo[39m] :  Server running on http://localhost:5000
2025-11-28 11:10:26 [[32minfo[39m] :  Server running on http://localhost:5000
2025-11-28 11:10:36 [[32minfo[39m] :  Server running on http://localhost:5000
2025-11-28 11:10:48 [[32minfo[39m] :  Server running on http://localhost:5000
2025-11-28 11:11:06 [[32minfo[39m] :  Server running on http://localhost:5000
2025-11-28 11:11:13 [[32minfo[39m] :  Server running on http://localhost:5000
2025-11-28 11:11:21 [[32minfo[39m] :  Server running on http://localhost:5000
2025-11-28 11:26:57 [[32minfo[39m] :  Server running on http://localhost:5000
2025-11-28 11:30:06 [[32minfo[39m] :  Server running on http://localhost:5000
2025-11-28 11:35:11 [[32minfo[39m] :  Server running on http://localhost:5000
2025-11-28 11:35:22 [[32minfo[39m] :  Server running on http://localhost:5000
2025-11-28 11:35:34 [[32minfo[39m] :  Server running on http://localhost:5000
2025-11-28 11:35:45 [[32minfo[39m] :  Server running on http://localhost:5000
2025-11-28 11:39:48 [[32minfo[39m] :  Server running on http://localhost:5000
2025-11-28 11:57:18 [[32minfo[39m] :  Server running on http://localhost:5000
2025-11-28 11:57:46 [[31merror[39m] : Invalid token:
2025-11-28 11:57:48 [[31merror[39m] : Invalid token:
2025-11-28 11:59:52 [[31merror[39m] : Error: Session already cancelled
    at BookingService.<anonymous> (C:\Users\Lenovo\OneDrive\Desktop\Mentora\server\src\services\bookingService.ts:45:13)
    at Generator.next (<anonymous>)
    at fulfilled (C:\Users\Lenovo\OneDrive\Desktop\Mentora\server\src\services\bookingService.ts:5:58)
    at processTicksAndRejections (node:internal/process/task_queues:95:5)
2025-11-28 12:05:01 [[31merror[39m] : Error: Session already cancelled
    at BookingService.<anonymous> (C:\Users\Lenovo\OneDrive\Desktop\Mentora\server\src\services\bookingService.ts:45:13)
    at Generator.next (<anonymous>)
    at fulfilled (C:\Users\Lenovo\OneDrive\Desktop\Mentora\server\src\services\bookingService.ts:5:58)
    at processTicksAndRejections (node:internal/process/task_queues:95:5)
2025-11-28 12:05:03 [[31merror[39m] : Error: Session already cancelled
    at BookingService.<anonymous> (C:\Users\Lenovo\OneDrive\Desktop\Mentora\server\src\services\bookingService.ts:45:13)
    at Generator.next (<anonymous>)
    at fulfilled (C:\Users\Lenovo\OneDrive\Desktop\Mentora\server\src\services\bookingService.ts:5:58)
    at processTicksAndRejections (node:internal/process/task_queues:95:5)
2025-11-28 12:05:03 [[31merror[39m] : Error: Session already cancelled
    at BookingService.<anonymous> (C:\Users\Lenovo\OneDrive\Desktop\Mentora\server\src\services\bookingService.ts:45:13)
    at Generator.next (<anonymous>)
    at fulfilled (C:\Users\Lenovo\OneDrive\Desktop\Mentora\server\src\services\bookingService.ts:5:58)
    at processTicksAndRejections (node:internal/process/task_queues:95:5)
2025-11-28 12:05:11 [[31merror[39m] : Error: Session already cancelled
    at BookingService.<anonymous> (C:\Users\Lenovo\OneDrive\Desktop\Mentora\server\src\services\bookingService.ts:45:13)
    at Generator.next (<anonymous>)
    at fulfilled (C:\Users\Lenovo\OneDrive\Desktop\Mentora\server\src\services\bookingService.ts:5:58)
    at processTicksAndRejections (node:internal/process/task_queues:95:5)
2025-11-28 12:05:21 [[31merror[39m] : Error: Session already cancelled
    at BookingService.<anonymous> (C:\Users\Lenovo\OneDrive\Desktop\Mentora\server\src\services\bookingService.ts:45:13)
    at Generator.next (<anonymous>)
    at fulfilled (C:\Users\Lenovo\OneDrive\Desktop\Mentora\server\src\services\bookingService.ts:5:58)
    at processTicksAndRejections (node:internal/process/task_queues:95:5)
2025-11-28 12:05:22 [[31merror[39m] : Error: Session already cancelled
    at BookingService.<anonymous> (C:\Users\Lenovo\OneDrive\Desktop\Mentora\server\src\services\bookingService.ts:45:13)
    at Generator.next (<anonymous>)
    at fulfilled (C:\Users\Lenovo\OneDrive\Desktop\Mentora\server\src\services\bookingService.ts:5:58)
    at processTicksAndRejections (node:internal/process/task_queues:95:5)
2025-11-28 12:05:23 [[31merror[39m] : Error: Session already cancelled
    at BookingService.<anonymous> (C:\Users\Lenovo\OneDrive\Desktop\Mentora\server\src\services\bookingService.ts:45:13)
    at Generator.next (<anonymous>)
    at fulfilled (C:\Users\Lenovo\OneDrive\Desktop\Mentora\server\src\services\bookingService.ts:5:58)
    at processTicksAndRejections (node:internal/process/task_queues:95:5)
2025-11-28 12:05:23 [[31merror[39m] : Error: Session already cancelled
    at BookingService.<anonymous> (C:\Users\Lenovo\OneDrive\Desktop\Mentora\server\src\services\bookingService.ts:45:13)
    at Generator.next (<anonymous>)
    at fulfilled (C:\Users\Lenovo\OneDrive\Desktop\Mentora\server\src\services\bookingService.ts:5:58)
    at processTicksAndRejections (node:internal/process/task_queues:95:5)
2025-11-28 12:05:23 [[31merror[39m] : Error: Session already cancelled
    at BookingService.<anonymous> (C:\Users\Lenovo\OneDrive\Desktop\Mentora\server\src\services\bookingService.ts:45:13)
    at Generator.next (<anonymous>)
    at fulfilled (C:\Users\Lenovo\OneDrive\Desktop\Mentora\server\src\services\bookingService.ts:5:58)
    at processTicksAndRejections (node:internal/process/task_queues:95:5)
2025-11-28 12:05:23 [[31merror[39m] : Error: Session already cancelled
    at BookingService.<anonymous> (C:\Users\Lenovo\OneDrive\Desktop\Mentora\server\src\services\bookingService.ts:45:13)
    at Generator.next (<anonymous>)
    at fulfilled (C:\Users\Lenovo\OneDrive\Desktop\Mentora\server\src\services\bookingService.ts:5:58)
    at processTicksAndRejections (node:internal/process/task_queues:95:5)
2025-11-28 12:05:31 [[32minfo[39m] : User logged out successfully
2025-11-28 12:05:43 [[31merror[39m] : Error: User not found
    at AuthService.<anonymous> (C:\Users\Lenovo\OneDrive\Desktop\Mentora\server\src\services\authService.ts:32:22)
    at Generator.next (<anonymous>)
    at fulfilled (C:\Users\Lenovo\OneDrive\Desktop\Mentora\server\src\services\authService.ts:5:58)
    at processTicksAndRejections (node:internal/process/task_queues:95:5)
2025-11-28 12:06:46 [[32minfo[39m] : User logged in: avaniev123@gmail.com
2025-11-28 12:07:38 [[31merror[39m] : Error: Session already cancelled
    at BookingService.<anonymous> (C:\Users\Lenovo\OneDrive\Desktop\Mentora\server\src\services\bookingService.ts:45:13)
    at Generator.next (<anonymous>)
    at fulfilled (C:\Users\Lenovo\OneDrive\Desktop\Mentora\server\src\services\bookingService.ts:5:58)
    at processTicksAndRejections (node:internal/process/task_queues:95:5)
2025-11-28 12:10:39 [[31merror[39m] : Error: Session already cancelled
    at BookingService.<anonymous> (C:\Users\Lenovo\OneDrive\Desktop\Mentora\server\src\services\bookingService.ts:45:13)
    at Generator.next (<anonymous>)
    at fulfilled (C:\Users\Lenovo\OneDrive\Desktop\Mentora\server\src\services\bookingService.ts:5:58)
    at processTicksAndRejections (node:internal/process/task_queues:95:5)
2025-11-28 12:10:48 [[31merror[39m] : Error: Session already cancelled
    at BookingService.<anonymous> (C:\Users\Lenovo\OneDrive\Desktop\Mentora\server\src\services\bookingService.ts:45:13)
    at Generator.next (<anonymous>)
    at fulfilled (C:\Users\Lenovo\OneDrive\Desktop\Mentora\server\src\services\bookingService.ts:5:58)
    at processTicksAndRejections (node:internal/process/task_queues:95:5)
2025-11-28 12:17:36 [[32minfo[39m] : User logged out successfully
2025-11-28 12:19:45 [[32minfo[39m] : User logged in: avaniev123@gmail.com
2025-11-28 12:27:07 [[31merror[39m] : Error: Session already cancelled
    at BookingService.<anonymous> (C:\Users\Lenovo\OneDrive\Desktop\Mentora\server\src\services\bookingService.ts:45:13)
    at Generator.next (<anonymous>)
    at fulfilled (C:\Users\Lenovo\OneDrive\Desktop\Mentora\server\src\services\bookingService.ts:5:58)
    at processTicksAndRejections (node:internal/process/task_queues:95:5)
2025-11-28 12:27:12 [[31merror[39m] : Error: Session already cancelled
    at BookingService.<anonymous> (C:\Users\Lenovo\OneDrive\Desktop\Mentora\server\src\services\bookingService.ts:45:13)
    at Generator.next (<anonymous>)
    at fulfilled (C:\Users\Lenovo\OneDrive\Desktop\Mentora\server\src\services\bookingService.ts:5:58)
    at processTicksAndRejections (node:internal/process/task_queues:95:5)
2025-11-28 12:30:30 [[32minfo[39m] : User logged out successfully
2025-11-28 12:31:38 [[31merror[39m] : Error: User not found
    at AuthService.<anonymous> (C:\Users\Lenovo\OneDrive\Desktop\Mentora\server\src\services\authService.ts:32:22)
    at Generator.next (<anonymous>)
    at fulfilled (C:\Users\Lenovo\OneDrive\Desktop\Mentora\server\src\services\authService.ts:5:58)
    at processTicksAndRejections (node:internal/process/task_queues:95:5)
2025-11-28 12:31:45 [[31merror[39m] : Error: User not found
    at AuthService.<anonymous> (C:\Users\Lenovo\OneDrive\Desktop\Mentora\server\src\services\authService.ts:32:22)
    at Generator.next (<anonymous>)
    at fulfilled (C:\Users\Lenovo\OneDrive\Desktop\Mentora\server\src\services\authService.ts:5:58)
    at processTicksAndRejections (node:internal/process/task_queues:95:5)
2025-11-28 12:32:10 [[32minfo[39m] : User logged in: avaniev123@gmail.com
2025-11-28 12:32:53 [[32minfo[39m] : User logged out successfully
2025-11-28 12:56:25 [[32minfo[39m] : User logged in: avaniev123@gmail.com
2025-11-28 13:04:37 [[32minfo[39m] : User logged out successfully
2025-11-28 13:04:49 [[32minfo[39m] : User logged in: user0@gmail.com
2025-11-28 13:05:29 [[32minfo[39m] : User logged in: user123@gmail.com
2025-11-28 13:06:03 [[31merror[39m] : Error: Cloudinary upload failed
    at C:\Users\Lenovo\OneDrive\Desktop\Mentora\server\src\utils\cloudinary.ts:27:11
    at Generator.throw (<anonymous>)
    at rejected (C:\Users\Lenovo\OneDrive\Desktop\Mentora\server\src\utils\cloudinary.ts:6:65)
    at processTicksAndRejections (node:internal/process/task_queues:95:5)
2025-11-28 13:06:09 [[31merror[39m] : Error: Cloudinary upload failed
    at C:\Users\Lenovo\OneDrive\Desktop\Mentora\server\src\utils\cloudinary.ts:27:11
    at Generator.throw (<anonymous>)
    at rejected (C:\Users\Lenovo\OneDrive\Desktop\Mentora\server\src\utils\cloudinary.ts:6:65)
    at processTicksAndRejections (node:internal/process/task_queues:95:5)
2025-11-28 13:06:31 [[31merror[39m] : Error: Cloudinary upload failed
    at C:\Users\Lenovo\OneDrive\Desktop\Mentora\server\src\utils\cloudinary.ts:27:11
    at Generator.throw (<anonymous>)
    at rejected (C:\Users\Lenovo\OneDrive\Desktop\Mentora\server\src\utils\cloudinary.ts:6:65)
    at processTicksAndRejections (node:internal/process/task_queues:95:5)
2025-11-28 13:07:12 [[32minfo[39m] : User logged out successfully
2025-11-28 13:07:50 [[31merror[39m] : Error: User already exists
    at AuthService.<anonymous> (C:\Users\Lenovo\OneDrive\Desktop\Mentora\server\src\services\authService.ts:21:13)
    at Generator.next (<anonymous>)
    at fulfilled (C:\Users\Lenovo\OneDrive\Desktop\Mentora\server\src\services\authService.ts:5:58)
    at processTicksAndRejections (node:internal/process/task_queues:95:5)
2025-11-28 13:08:03 [[32minfo[39m] : OTP for REGISTER: 796406 sent to demo1234@gmail.com
2025-11-28 13:08:11 [[32minfo[39m] : OTP verified successfully for demo1234@gmail.com
2025-11-28 13:09:00 [[32minfo[39m] : User logged out successfully
2025-11-28 13:09:15 [[32minfo[39m] : User logged in: demo1234@gmail.com
2025-11-28 13:09:48 [[32minfo[39m] : User logged out successfully
2025-11-28 13:09:57 [[32minfo[39m] : User logged in: jithinlal706@gmail.com
2025-11-28 13:10:29 [[31merror[39m] : ValidationError: User validation failed: gender: `` is not a valid enum value for path `gender`.
    at model.Document.invalidate (C:\Users\Lenovo\OneDrive\Desktop\Mentora\server\node_modules\mongoose\lib\document.js:3352:32)
    at C:\Users\Lenovo\OneDrive\Desktop\Mentora\server\node_modules\mongoose\lib\document.js:3113:17
    at C:\Users\Lenovo\OneDrive\Desktop\Mentora\server\node_modules\mongoose\lib\schemaType.js:1407:9
    at processTicksAndRejections (node:internal/process/task_queues:77:11)
2025-11-28 13:10:30 [[31merror[39m] : ValidationError: User validation failed: gender: `` is not a valid enum value for path `gender`.
    at model.Document.invalidate (C:\Users\Lenovo\OneDrive\Desktop\Mentora\server\node_modules\mongoose\lib\document.js:3352:32)
    at C:\Users\Lenovo\OneDrive\Desktop\Mentora\server\node_modules\mongoose\lib\document.js:3113:17
    at C:\Users\Lenovo\OneDrive\Desktop\Mentora\server\node_modules\mongoose\lib\schemaType.js:1407:9
    at processTicksAndRejections (node:internal/process/task_queues:77:11)
2025-11-28 13:10:30 [[31merror[39m] : ValidationError: User validation failed: gender: `` is not a valid enum value for path `gender`.
    at model.Document.invalidate (C:\Users\Lenovo\OneDrive\Desktop\Mentora\server\node_modules\mongoose\lib\document.js:3352:32)
    at C:\Users\Lenovo\OneDrive\Desktop\Mentora\server\node_modules\mongoose\lib\document.js:3113:17
    at C:\Users\Lenovo\OneDrive\Desktop\Mentora\server\node_modules\mongoose\lib\schemaType.js:1407:9
    at processTicksAndRejections (node:internal/process/task_queues:77:11)
2025-11-28 13:10:31 [[31merror[39m] : ValidationError: User validation failed: gender: `` is not a valid enum value for path `gender`.
    at model.Document.invalidate (C:\Users\Lenovo\OneDrive\Desktop\Mentora\server\node_modules\mongoose\lib\document.js:3352:32)
    at C:\Users\Lenovo\OneDrive\Desktop\Mentora\server\node_modules\mongoose\lib\document.js:3113:17
    at C:\Users\Lenovo\OneDrive\Desktop\Mentora\server\node_modules\mongoose\lib\schemaType.js:1407:9
    at processTicksAndRejections (node:internal/process/task_queues:77:11)
2025-11-28 13:10:34 [[31merror[39m] : ValidationError: User validation failed: gender: `` is not a valid enum value for path `gender`.
    at model.Document.invalidate (C:\Users\Lenovo\OneDrive\Desktop\Mentora\server\node_modules\mongoose\lib\document.js:3352:32)
    at C:\Users\Lenovo\OneDrive\Desktop\Mentora\server\node_modules\mongoose\lib\document.js:3113:17
    at C:\Users\Lenovo\OneDrive\Desktop\Mentora\server\node_modules\mongoose\lib\schemaType.js:1407:9
    at processTicksAndRejections (node:internal/process/task_queues:77:11)
2025-11-28 13:15:23 [[32minfo[39m] : User logged out successfully
2025-11-28 13:46:35 [[32minfo[39m] : User logged in: user0@gmail.com
2025-11-28 13:46:41 [[32minfo[39m] : User logged out successfully
2025-11-28 13:46:57 [[32minfo[39m] : User logged in: avaniev123@gmail.com
2025-11-28 13:51:59 [[32minfo[39m] : User logged out successfully
2025-11-28 13:52:06 [[32minfo[39m] : User logged in: jithinlal706@gmail.com
2025-11-28 13:55:21 [[32minfo[39m] :  Server running on http://localhost:5000
2025-11-28 13:55:32 [[32minfo[39m] :  Server running on http://localhost:5000
2025-11-28 13:56:11 [[32minfo[39m] :  Server running on http://localhost:5000
2025-11-28 16:34:14 [[32minfo[39m] :  Server running on http://localhost:5000
2025-11-28 16:34:41 [[33mwarn[39m] : Access token expired → client must refresh
2025-11-28 16:34:41 [[33mwarn[39m] : Access token expired → client must refresh
2025-11-28 16:34:50 [[33mwarn[39m] : Access token expired → client must refresh
2025-11-28 16:34:50 [[33mwarn[39m] : Access token expired → client must refresh
2025-11-28 16:34:57 [[33mwarn[39m] : Access token expired → client must refresh
2025-11-28 16:34:57 [[33mwarn[39m] : Access token expired → client must refresh
2025-11-28 16:35:03 [[32minfo[39m] : User logged out successfully
2025-11-28 16:35:16 [[32minfo[39m] : User logged in: avaniev123@gmail.com
2025-11-28 16:40:14 [[32minfo[39m] : User logged out successfully
2025-11-28 16:41:57 [[32minfo[39m] : User logged in: avaniev123@gmail.com
2025-11-28 17:20:52 [[32minfo[39m] : User logged out successfully
2025-11-28 17:37:58 [[32minfo[39m] : User logged out successfully
2025-11-28 17:38:11 [[32minfo[39m] : User logged in: user0@gmail.com
2025-11-28 17:45:46 [[32minfo[39m] :  Server running on http://localhost:5000
2025-11-28 17:47:23 [[32minfo[39m] : User logged in: user0@gmail.com
2025-11-28 17:53:51 [[32minfo[39m] : User logged out successfully
2025-11-28 17:54:01 [[32minfo[39m] : User logged in: jithinlal706@gmail.com
2025-11-28 17:55:31 [[32minfo[39m] : User logged out successfully
2025-11-28 17:55:45 [[31merror[39m] : Error: Wrong password
    at AuthService.<anonymous> (C:\Users\Lenovo\OneDrive\Desktop\Mentora\server\src\services\authService.ts:37:23)
    at Generator.next (<anonymous>)
    at fulfilled (C:\Users\Lenovo\OneDrive\Desktop\Mentora\server\src\services\authService.ts:5:58)
2025-11-28 17:55:47 [[32minfo[39m] : User logged in: user0@gmail.com
2025-11-28 17:57:02 [[32minfo[39m] : User logged out successfully
2025-11-28 17:58:12 [[32minfo[39m] : User logged in: jithinlal706@gmail.com
2025-12-01 13:29:33 [[32minfo[39m] :  Server running on http://localhost:5000
2025-12-01 13:29:45 [[33mwarn[39m] : Access token expired → client must refresh
2025-12-01 13:29:45 [[33mwarn[39m] : Access token expired → client must refresh
2025-12-01 13:29:54 [[32minfo[39m] : User logged out successfully
2025-12-01 13:30:12 [[31merror[39m] : Error: Wrong password
    at AuthService.<anonymous> (C:\Users\Lenovo\OneDrive\Desktop\Mentora\server\src\services\authService.ts:37:23)
    at Generator.next (<anonymous>)
    at fulfilled (C:\Users\Lenovo\OneDrive\Desktop\Mentora\server\src\services\authService.ts:5:58)
2025-12-01 13:30:21 [[31merror[39m] : Error: Wrong password
    at AuthService.<anonymous> (C:\Users\Lenovo\OneDrive\Desktop\Mentora\server\src\services\authService.ts:37:23)
    at Generator.next (<anonymous>)
    at fulfilled (C:\Users\Lenovo\OneDrive\Desktop\Mentora\server\src\services\authService.ts:5:58)
2025-12-01 13:30:25 [[32minfo[39m] : User logged in: user0@gmail.com
2025-12-01 14:55:55 [[32minfo[39m] : User logged in: user0@gmail.com
2025-12-01 20:17:11 [[33mwarn[39m] : Access token expired → client must refresh
2025-12-01 20:17:11 [[33mwarn[39m] : Access token expired → client must refresh
2025-12-01 20:17:22 [[32minfo[39m] : User logged out successfully
2025-12-01 20:17:41 [[32minfo[39m] : User logged in: avaniev123@gmail.com
2025-12-02 12:42:11 [[33mwarn[39m] : Access token expired → client must refresh
2025-12-02 12:42:11 [[33mwarn[39m] : Access token expired → client must refresh
2025-12-02 12:42:23 [[32minfo[39m] : User logged out successfully
2025-12-02 12:42:38 [[32minfo[39m] : User logged in: user0@gmail.com
2025-12-02 12:48:17 [[32minfo[39m] :  Server running on http://localhost:5000
2025-12-02 12:57:38 [[32minfo[39m] :  Server running on http://localhost:5000
2025-12-02 13:00:45 [[31merror[39m] : Invalid token:
2025-12-02 13:09:36 [[32minfo[39m] :  Server running on http://localhost:5000
2025-12-02 13:10:27 [[31merror[39m] : ValidationError: User validation failed: gender: `` is not a valid enum value for path `gender`.
    at model.Document.invalidate (C:\Users\Lenovo\OneDrive\Desktop\Mentora\server\node_modules\mongoose\lib\document.js:3352:32)
    at C:\Users\Lenovo\OneDrive\Desktop\Mentora\server\node_modules\mongoose\lib\document.js:3113:17
    at C:\Users\Lenovo\OneDrive\Desktop\Mentora\server\node_modules\mongoose\lib\schemaType.js:1407:9
    at processTicksAndRejections (node:internal/process/task_queues:77:11)
2025-12-02 13:31:35 [[31merror[39m] : ValidationError: User validation failed: gender: `` is not a valid enum value for path `gender`.
    at model.Document.invalidate (C:\Users\Lenovo\OneDrive\Desktop\Mentora\server\node_modules\mongoose\lib\document.js:3352:32)
    at C:\Users\Lenovo\OneDrive\Desktop\Mentora\server\node_modules\mongoose\lib\document.js:3113:17
    at C:\Users\Lenovo\OneDrive\Desktop\Mentora\server\node_modules\mongoose\lib\schemaType.js:1407:9
    at processTicksAndRejections (node:internal/process/task_queues:77:11)
2025-12-02 13:34:08 [[32minfo[39m] :  Server running on http://localhost:5000
2025-12-02 13:35:14 [[32minfo[39m] : User logged out successfully
2025-12-02 13:35:28 [[31merror[39m] : Error: User not found
    at AuthService.<anonymous> (C:\Users\Lenovo\OneDrive\Desktop\Mentora\server\src\services\authService.ts:32:22)
    at Generator.next (<anonymous>)
    at fulfilled (C:\Users\Lenovo\OneDrive\Desktop\Mentora\server\src\services\authService.ts:5:58)
    at processTicksAndRejections (node:internal/process/task_queues:95:5)
2025-12-02 13:35:35 [[32minfo[39m] : User logged in: user10@gmail.com
2025-12-02 15:37:38 [[32minfo[39m] :  Server running on http://localhost:5000
2025-12-06 14:11:31 [[32minfo[39m] :  Server running on http://localhost:5000
2025-12-08 11:00:34 [[32minfo[39m] :  Server running on http://localhost:5000
2025-12-08 11:01:04 [[32minfo[39m] : User logged in: avaniev123@gmail.com
2025-12-08 11:02:00 [[32minfo[39m] :  Server running on http://localhost:5000
2025-12-08 11:04:42 [[32minfo[39m] :  Server running on http://localhost:5000
2025-12-08 11:09:49 [[32minfo[39m] :  Server running on http://localhost:5000
2025-12-08 11:34:54 [[32minfo[39m] :  Server running on http://localhost:5000
2025-12-08 11:35:15 [[32minfo[39m] :  Server running on http://localhost:5000
2025-12-08 11:36:55 [[32minfo[39m] : User logged out successfully
2025-12-08 11:38:48 [[32minfo[39m] : User logged in: avaniev123@gmail.com
2025-12-08 11:39:11 [[32minfo[39m] : User logged out successfully
2025-12-08 11:39:20 [[32minfo[39m] : User logged in: jithinlal706@gmail.com
2025-12-08 11:39:46 [[32minfo[39m] : User logged out successfully
2025-12-08 11:41:58 [[32minfo[39m] :  Server running on http://localhost:5000
2025-12-08 11:42:30 [[31merror[39m] : Error: User not found
    at AuthService.<anonymous> (C:\Users\Lenovo\OneDrive\Desktop\Mentora\server\src\services\authService.ts:32:22)
    at Generator.next (<anonymous>)
    at fulfilled (C:\Users\Lenovo\OneDrive\Desktop\Mentora\server\src\services\authService.ts:5:58)
    at processTicksAndRejections (node:internal/process/task_queues:95:5)
2025-12-08 11:42:38 [[31merror[39m] : Error: User not found
    at AuthService.<anonymous> (C:\Users\Lenovo\OneDrive\Desktop\Mentora\server\src\services\authService.ts:32:22)
    at Generator.next (<anonymous>)
    at fulfilled (C:\Users\Lenovo\OneDrive\Desktop\Mentora\server\src\services\authService.ts:5:58)
    at processTicksAndRejections (node:internal/process/task_queues:95:5)
2025-12-08 11:43:48 [[32minfo[39m] :  Server running on http://localhost:5000
2025-12-08 11:44:04 [[32minfo[39m] :  Server running on http://localhost:5000
2025-12-08 11:44:12 [[32minfo[39m] :  Server running on http://localhost:5000
2025-12-08 11:58:12 [[32minfo[39m] : User logged in: avaniev123@gmail.com
2025-12-08 15:43:17 [[33mwarn[39m] : Access token expired → client must refresh
2025-12-08 15:43:17 [[33mwarn[39m] : Access token expired → client must refresh
2025-12-08 15:43:26 [[32minfo[39m] : User logged out successfully
2025-12-08 15:43:42 [[31merror[39m] : Error: User not found
    at AuthService.<anonymous> (C:\Users\Lenovo\OneDrive\Desktop\Mentora\server\src\services\authService.ts:32:22)
    at Generator.next (<anonymous>)
    at fulfilled (C:\Users\Lenovo\OneDrive\Desktop\Mentora\server\src\services\authService.ts:5:58)
    at processTicksAndRejections (node:internal/process/task_queues:95:5)
2025-12-08 15:43:49 [[31merror[39m] : Error: User not found
    at AuthService.<anonymous> (C:\Users\Lenovo\OneDrive\Desktop\Mentora\server\src\services\authService.ts:32:22)
    at Generator.next (<anonymous>)
    at fulfilled (C:\Users\Lenovo\OneDrive\Desktop\Mentora\server\src\services\authService.ts:5:58)
    at processTicksAndRejections (node:internal/process/task_queues:95:5)
2025-12-08 15:43:57 [[31merror[39m] : Error: User not found
    at AuthService.<anonymous> (C:\Users\Lenovo\OneDrive\Desktop\Mentora\server\src\services\authService.ts:32:22)
    at Generator.next (<anonymous>)
    at fulfilled (C:\Users\Lenovo\OneDrive\Desktop\Mentora\server\src\services\authService.ts:5:58)
    at processTicksAndRejections (node:internal/process/task_queues:95:5)
2025-12-08 15:43:59 [[31merror[39m] : Error: User not found
    at AuthService.<anonymous> (C:\Users\Lenovo\OneDrive\Desktop\Mentora\server\src\services\authService.ts:32:22)
    at Generator.next (<anonymous>)
    at fulfilled (C:\Users\Lenovo\OneDrive\Desktop\Mentora\server\src\services\authService.ts:5:58)
    at processTicksAndRejections (node:internal/process/task_queues:95:5)
2025-12-08 15:44:00 [[31merror[39m] : Error: User not found
    at AuthService.<anonymous> (C:\Users\Lenovo\OneDrive\Desktop\Mentora\server\src\services\authService.ts:32:22)
    at Generator.next (<anonymous>)
    at fulfilled (C:\Users\Lenovo\OneDrive\Desktop\Mentora\server\src\services\authService.ts:5:58)
    at processTicksAndRejections (node:internal/process/task_queues:95:5)
2025-12-08 15:44:09 [[32minfo[39m] : User logged in: avaniev123@gmail.com
2025-12-08 15:44:15 [[32minfo[39m] : User logged out successfully
2025-12-08 15:49:52 [[32minfo[39m] : User logged in: avaniev123@gmail.com
2025-12-08 15:50:41 [[32minfo[39m] :  Server running on http://localhost:5000
2025-12-08 15:50:49 [[32minfo[39m] :  Server running on http://localhost:5000
2025-12-08 16:59:44 [[32minfo[39m] :  Server running on http://localhost:5000
2025-12-08 17:00:02 [[32minfo[39m] :  Server running on http://localhost:5000
2025-12-08 17:00:14 [[32minfo[39m] :  Server running on http://localhost:5000
2025-12-09 10:01:41 [[32minfo[39m] :  Server running on http://localhost:5000
2025-12-09 10:03:02 [[33mwarn[39m] : Access token expired → client must refresh
2025-12-09 10:03:02 [[33mwarn[39m] : Access token expired → client must refresh
2025-12-09 10:03:26 [[33mwarn[39m] : Access token expired → client must refresh
2025-12-09 10:03:26 [[33mwarn[39m] : Access token expired → client must refresh
2025-12-09 10:08:26 [[33mwarn[39m] : Access token expired → client must refresh
2025-12-09 10:08:26 [[33mwarn[39m] : Access token expired → client must refresh
2025-12-09 10:08:32 [[32minfo[39m] : User logged out successfully
2025-12-09 10:08:53 [[32minfo[39m] : User logged in: avaniev123@gmail.com
2025-12-09 10:23:58 [[32minfo[39m] : User logged out successfully
2025-12-09 10:24:32 [[32minfo[39m] : User logged in: jithinlal706@gmail.com
2025-12-09 10:24:43 [[32minfo[39m] : User logged out successfully
2025-12-09 10:24:56 [[32minfo[39m] : User logged in: avaniev123@gmail.com
2025-12-15 11:56:07 [[32minfo[39m] :  Server running on http://localhost:5000
2025-12-16 10:42:05 [[33mwarn[39m] : Access token expired → client must refresh
2025-12-16 10:42:05 [[33mwarn[39m] : Access token expired → client must refresh
2025-12-16 10:42:19 [[33mwarn[39m] : Access token expired → client must refresh
2025-12-16 10:42:19 [[33mwarn[39m] : Access token expired → client must refresh
2025-12-16 10:42:26 [[33mwarn[39m] : Access token expired → client must refresh
2025-12-16 10:42:26 [[33mwarn[39m] : Access token expired → client must refresh
2025-12-16 10:42:33 [[32minfo[39m] : User logged out successfully
2025-12-16 10:42:57 [[31merror[39m] : Error: Wrong password
    at AuthService.<anonymous> (C:\Users\Lenovo\OneDrive\Desktop\Mentora\server\src\services\authService.ts:37:23)
    at Generator.next (<anonymous>)
    at fulfilled (C:\Users\Lenovo\OneDrive\Desktop\Mentora\server\src\services\authService.ts:5:58)
2025-12-16 10:43:07 [[32minfo[39m] : User logged in: avaniev123@gmail.com
2025-12-17 11:39:15 [[33mwarn[39m] : Access token expired → client must refresh
2025-12-17 11:39:15 [[33mwarn[39m] : Access token expired → client must refresh
2025-12-17 11:39:20 [[33mwarn[39m] : Access token expired → client must refresh
2025-12-17 11:39:20 [[33mwarn[39m] : Access token expired → client must refresh
2025-12-17 11:39:39 [[32minfo[39m] : User logged out successfully
2025-12-17 11:39:44 [[32minfo[39m] : User logged out successfully
2025-12-17 11:40:23 [[32minfo[39m] : User logged in: avaniev123@gmail.com
2025-12-17 13:46:23 [[33mwarn[39m] : Access token expired → client must refresh
2025-12-17 13:47:06 [[32minfo[39m] :  Server running on http://localhost:5000
2025-12-17 13:47:08 [[33mwarn[39m] : Access token expired → client must refresh
2025-12-17 13:47:08 [[33mwarn[39m] : Access token expired → client must refresh
2025-12-17 13:47:10 [[33mwarn[39m] : Access token expired → client must refresh
2025-12-17 13:47:10 [[33mwarn[39m] : Access token expired → client must refresh
2025-12-17 13:47:13 [[32minfo[39m] : User logged out successfully
2025-12-17 13:47:26 [[31merror[39m] : Error: User not found
    at AuthService.<anonymous> (C:\Users\Lenovo\OneDrive\Desktop\Mentora\server\src\services\authService.ts:32:22)
    at Generator.next (<anonymous>)
    at fulfilled (C:\Users\Lenovo\OneDrive\Desktop\Mentora\server\src\services\authService.ts:5:58)
    at processTicksAndRejections (node:internal/process/task_queues:95:5)
2025-12-17 13:47:30 [[31merror[39m] : Error: User not found
    at AuthService.<anonymous> (C:\Users\Lenovo\OneDrive\Desktop\Mentora\server\src\services\authService.ts:32:22)
    at Generator.next (<anonymous>)
    at fulfilled (C:\Users\Lenovo\OneDrive\Desktop\Mentora\server\src\services\authService.ts:5:58)
    at processTicksAndRejections (node:internal/process/task_queues:95:5)
2025-12-17 13:47:44 [[32minfo[39m] : User logged in: avaniev123@gmail.com
2025-12-18 11:40:09 [[32minfo[39m] :  Server running on http://localhost:5000
2025-12-18 11:41:52 [[33mwarn[39m] : Access token expired → client must refresh
2025-12-18 11:41:52 [[33mwarn[39m] : Access token expired → client must refresh
2025-12-18 11:42:02 [[33mwarn[39m] : Access token expired → client must refresh
2025-12-18 11:42:02 [[33mwarn[39m] : Access token expired → client must refresh
2025-12-18 11:42:19 [[32minfo[39m] : User logged out successfully
2025-12-18 11:42:36 [[32minfo[39m] : User logged in: avaniev123@gmail.com
2025-12-18 11:42:42 [[32minfo[39m] : User logged out successfully
2025-12-18 11:42:55 [[31merror[39m] : Error: User not found
    at AuthService.<anonymous> (C:\Users\Lenovo\OneDrive\Desktop\Mentora\server\src\services\authService.ts:32:22)
    at Generator.next (<anonymous>)
    at fulfilled (C:\Users\Lenovo\OneDrive\Desktop\Mentora\server\src\services\authService.ts:5:58)
    at processTicksAndRejections (node:internal/process/task_queues:95:5)
2025-12-18 11:57:01 [[32minfo[39m] :  Server running on http://localhost:5000
2025-12-18 12:01:10 [[32minfo[39m] : User logged in: avaniev123@gmail.com
2025-12-18 12:18:35 [[32minfo[39m] :  Server running on http://localhost:5000
2025-12-18 12:22:35 [[31merror[39m] : Invalid token:
2025-12-18 12:22:35 [[31merror[39m] : Invalid token:
2025-12-18 12:22:42 [[31merror[39m] : Invalid token:
2025-12-18 12:22:42 [[31merror[39m] : Invalid token:
2025-12-20 13:46:46 [[33mwarn[39m] : Access token expired → client must refresh
2025-12-20 13:46:46 [[33mwarn[39m] : Access token expired → client must refresh
2025-12-20 13:46:57 [[33mwarn[39m] : Access token expired → client must refresh
2025-12-20 13:46:58 [[33mwarn[39m] : Access token expired → client must refresh
2025-12-20 13:47:00 [[32minfo[39m] : User logged out successfully
2025-12-20 13:47:28 [[32minfo[39m] : User logged out successfully
2025-12-20 13:47:33 [[31merror[39m] : Error: Wrong password
    at AuthService.<anonymous> (C:\Users\Lenovo\OneDrive\Desktop\Mentora\server\src\services\authService.ts:37:23)
    at Generator.next (<anonymous>)
    at fulfilled (C:\Users\Lenovo\OneDrive\Desktop\Mentora\server\src\services\authService.ts:5:58)
2025-12-20 13:47:39 [[32minfo[39m] : User logged in: jithinlal706@gmail.com
2025-12-20 13:47:47 [[32minfo[39m] : User logged out successfully
2025-12-20 13:48:03 [[32minfo[39m] : User logged in: avaniev123@gmail.com
2025-12-20 14:06:10 [[31merror[39m] : Invalid token:
2025-12-20 14:06:10 [[31merror[39m] : Invalid token:
2025-12-20 14:07:09 [[31merror[39m] : Invalid token:
2025-12-20 14:46:18 [[31merror[39m] : Invalid token:
2025-12-20 14:48:18 [[32minfo[39m] :  Server running on http://localhost:5000
2025-12-20 14:48:22 [[32minfo[39m] : User logged out successfully
2025-12-20 14:48:44 [[32minfo[39m] : User logged in: avaniev123@gmail.com
2025-12-20 14:48:54 [[31merror[39m] : Invalid token:
2025-12-20 14:48:54 [[31merror[39m] : Invalid token:
2025-12-20 14:50:13 [[32minfo[39m] :  Server running on http://localhost:5000
2025-12-20 14:50:59 [[32minfo[39m] : User logged out successfully
2025-12-20 14:52:08 [[32minfo[39m] : User logged in: avaniev123@gmail.com
2025-12-20 14:52:14 [[31merror[39m] : Invalid token:
2025-12-20 14:52:14 [[31merror[39m] : Invalid token:
2025-12-20 15:00:24 [[32minfo[39m] :  Server running on http://localhost:5000
2025-12-20 15:00:51 [[32minfo[39m] : User logged out successfully
2025-12-20 15:01:03 [[32minfo[39m] : User logged in: avaniev123@gmail.com
2025-12-20 15:02:35 [[32minfo[39m] :  Server running on http://localhost:5000
2025-12-20 15:21:24 [[32minfo[39m] :  Server running on http://localhost:5000
2025-12-20 15:21:34 [[32minfo[39m] :  Server running on http://localhost:5000
2025-12-20 15:24:43 [[32minfo[39m] :  Server running on http://localhost:5000
2025-12-20 15:24:54 [[32minfo[39m] :  Server running on http://localhost:5000
2025-12-20 15:26:09 [[32minfo[39m] :  Server running on http://localhost:5000
2025-12-20 16:30:25 [[32minfo[39m] :  Server running on http://localhost:5000
2025-12-20 16:30:29 [[32minfo[39m] : User logged out successfully
2025-12-20 16:31:01 [[32minfo[39m] : User logged in: avaniev123@gmail.com
2025-12-22 10:03:07 [[33mwarn[39m] : Access token expired → client must refresh
2025-12-22 10:03:07 [[33mwarn[39m] : Access token expired → client must refresh
2025-12-22 10:03:10 [[32minfo[39m] : User logged out successfully
2025-12-22 10:03:26 [[32minfo[39m] : User logged in: avaniev123@gmail.com
2025-12-22 13:08:15 [[33mwarn[39m] : Access token expired → client must refresh
2025-12-22 13:08:15 [[33mwarn[39m] : Access token expired → client must refresh
2025-12-22 14:13:24 [[32minfo[39m] : User logged out successfully
2025-12-22 14:13:39 [[32minfo[39m] : User logged in: avaniev123@gmail.com
2025-12-23 09:51:45 [[33mwarn[39m] : Access token expired → client must refresh
2025-12-23 09:51:45 [[33mwarn[39m] : Access token expired → client must refresh
2025-12-23 09:51:47 [[33mwarn[39m] : Access token expired → client must refresh
2025-12-23 09:51:47 [[33mwarn[39m] : Access token expired → client must refresh
2025-12-23 10:48:31 [[32minfo[39m] : User logged out successfully
2025-12-23 10:48:43 [[32minfo[39m] : User logged in: avaniev123@gmail.com
2025-12-23 11:33:18 [[32minfo[39m] :  Server running on http://localhost:5000
2025-12-23 11:33:37 [[32minfo[39m] :  Server running on http://localhost:5000
2025-12-23 11:47:23 [[32minfo[39m] : User logged out successfully
2025-12-23 11:47:54 [[32minfo[39m] : User logged in: avaniev123@gmail.com
2025-12-23 11:48:06 [[32minfo[39m] : User logged out successfully
2025-12-23 11:49:03 [[32minfo[39m] : User logged in: avaniev123@gmail.com
2025-12-23 11:58:48 [[32minfo[39m] : 🚀 Server running on http://localhost:5000
2025-12-23 12:31:31 [[32minfo[39m] :  Server running on http://localhost:5000
2025-12-23 12:34:54 [[32minfo[39m] : User logged out successfully
2025-12-23 12:35:38 [[32minfo[39m] : User logged in: avaniev123@gmail.com
2025-12-23 12:45:04 [[32minfo[39m] : User logged out successfully
2025-12-23 12:50:43 [[32minfo[39m] :  Server running on http://localhost:5000
2025-12-23 12:56:05 [[32minfo[39m] : User logged in: avaniev123@gmail.com
2025-12-23 13:00:21 [[32minfo[39m] : User logged out successfully
2025-12-23 13:00:36 [[32minfo[39m] : User logged in: avaniev123@gmail.com
2025-12-23 13:01:10 [[32minfo[39m] : User logged out successfully
2025-12-23 13:01:25 [[31merror[39m] : Error: User not found
    at AuthService.<anonymous> (C:\Users\Lenovo\OneDrive\Desktop\Mentora\server\src\services\authService.ts:32:22)
    at Generator.next (<anonymous>)
    at fulfilled (C:\Users\Lenovo\OneDrive\Desktop\Mentora\server\src\services\authService.ts:5:58)
    at processTicksAndRejections (node:internal/process/task_queues:95:5)
2025-12-23 13:01:31 [[31merror[39m] : Error: User not found
    at AuthService.<anonymous> (C:\Users\Lenovo\OneDrive\Desktop\Mentora\server\src\services\authService.ts:32:22)
    at Generator.next (<anonymous>)
    at fulfilled (C:\Users\Lenovo\OneDrive\Desktop\Mentora\server\src\services\authService.ts:5:58)
    at processTicksAndRejections (node:internal/process/task_queues:95:5)
2025-12-23 14:40:32 [[32minfo[39m] : User logged in: avaniev123@gmail.com
2025-12-23 14:51:08 [[32minfo[39m] :  Server running on http://localhost:5000
2025-12-23 14:51:32 [[32minfo[39m] : User logged out successfully
2025-12-23 14:52:14 [[32minfo[39m] : User logged in: avaniev123@gmail.com
2025-12-23 14:56:25 [[32minfo[39m] :  Server running on http://localhost:5000
2025-12-23 14:56:57 [[32minfo[39m] :  Server running on http://localhost:5000
2025-12-23 14:58:10 [[32minfo[39m] :  Server running on http://localhost:5000
2025-12-23 14:59:45 [[32minfo[39m] :  Server running on http://localhost:5000
